record_type,cohort_quarter,stage_entered,stage_exited,count_entered,count_exited,deal_id,company_name,segment,motion,deal_value,days_in_stage,conversion_date,rep_name,churned,expansion_revenue,activated
aggregate,2024-Q1,Awareness,Education,8673,850,,,SMB,,,3.2,,,,,
aggregate,2024-Q1,Education,Selection,850,162,,,SMB,,,11.8,,,,,
aggregate,2024-Q2,Awareness,Education,8163,701,,,SMB,,,4.7,,,,,
aggregate,2024-Q2,Education,Selection,701,128,,,SMB,,,10.3,,,,,
aggregate,2024-Q3,Awareness,Education,9378,844,,,SMB,,,4.4,,,,,
aggregate,2024-Q3,Education,Selection,844,168,,,SMB,,,12.4,,,,,
aggregate,2024-Q4,Awareness,Education,8543,873,,,SMB,,,5.1,,,,,
aggregate,2024-Q4,Education,Selection,873,174,,,SMB,,,7.5,,,,,
aggregate,2025-Q1,Awareness,Education,9746,894,,,SMB,,,5.1,,,,,
aggregate,2025-Q1,Education,Selection,894,178,,,SMB,,,9.5,,,,,
aggregate,2025-Q2,Awareness,Education,8721,883,,,SMB,,,4.4,,,,,
aggregate,2025-Q2,Education,Selection,883,161,,,SMB,,,6.2,,,,,
aggregate,2025-Q3,Awareness,Education,10187,1055,,,SMB,,,5.4,,,,,
aggregate,2025-Q3,Education,Selection,1055,208,,,SMB,,,11.3,,,,,
aggregate,2025-Q4,Awareness,Education,9081,905,,,SMB,,,6.8,,,,,
aggregate,2025-Q4,Education,Selection,905,159,,,SMB,,,7.3,,,,,
aggregate,2024-Q1,Awareness,Education,7778,626,,,Mid-Market,,,7.3,,,,,
aggregate,2024-Q1,Education,Selection,626,95,,,Mid-Market,,,18.5,,,,,
aggregate,2024-Q2,Awareness,Education,7483,605,,,Mid-Market,,,6.5,,,,,
aggregate,2024-Q2,Education,Selection,605,90,,,Mid-Market,,,9.6,,,,,
aggregate,2024-Q3,Awareness,Education,7868,703,,,Mid-Market,,,7.3,,,,,
aggregate,2024-Q3,Education,Selection,703,113,,,Mid-Market,,,11.7,,,,,
aggregate,2024-Q4,Awareness,Education,7482,642,,,Mid-Market,,,9.1,,,,,
aggregate,2024-Q4,Education,Selection,642,98,,,Mid-Market,,,12.3,,,,,
aggregate,2025-Q1,Awareness,Education,8198,710,,,Mid-Market,,,4.9,,,,,
aggregate,2025-Q1,Education,Selection,710,108,,,Mid-Market,,,13.1,,,,,
aggregate,2025-Q2,Awareness,Education,8539,756,,,Mid-Market,,,8.0,,,,,
aggregate,2025-Q2,Education,Selection,756,113,,,Mid-Market,,,11.3,,,,,
aggregate,2025-Q3,Awareness,Education,9238,891,,,Mid-Market,,,15.1,,,,,
aggregate,2025-Q3,Education,Selection,891,147,,,Mid-Market,,,9.3,,,,,
aggregate,2025-Q4,Awareness,Education,8676,832,,,Mid-Market,,,6.0,,,,,
aggregate,2025-Q4,Education,Selection,832,138,,,Mid-Market,,,9.2,,,,,
aggregate,2024-Q1,Awareness,Education,4864,360,,,Enterprise,,,9.6,,,,,
aggregate,2024-Q1,Education,Selection,360,44,,,Enterprise,,,14.6,,,,,
aggregate,2024-Q2,Awareness,Education,4794,384,,,Enterprise,,,10.5,,,,,
aggregate,2024-Q2,Education,Selection,384,42,,,Enterprise,,,20.4,,,,,
aggregate,2024-Q3,Awareness,Education,5033,340,,,Enterprise,,,6.3,,,,,
aggregate,2024-Q3,Education,Selection,340,39,,,Enterprise,,,19.9,,,,,
aggregate,2024-Q4,Awareness,Education,4494,318,,,Enterprise,,,8.5,,,,,
aggregate,2024-Q4,Education,Selection,318,37,,,Enterprise,,,20.1,,,,,
aggregate,2025-Q1,Awareness,Education,5479,395,,,Enterprise,,,11.1,,,,,
aggregate,2025-Q1,Education,Selection,395,46,,,Enterprise,,,12.1,,,,,
aggregate,2025-Q2,Awareness,Education,5487,416,,,Enterprise,,,6.8,,,,,
aggregate,2025-Q2,Education,Selection,416,52,,,Enterprise,,,18.1,,,,,
aggregate,2025-Q3,Awareness,Education,5378,422,,,Enterprise,,,9.0,,,,,
aggregate,2025-Q3,Education,Selection,422,50,,,Enterprise,,,11.3,,,,,
aggregate,2025-Q4,Awareness,Education,5896,408,,,Enterprise,,,6.9,,,,,
aggregate,2025-Q4,Education,Selection,408,50,,,Enterprise,,,15.1,,,,,
deal,2024-Q1,Selection,Commit,,,D-00001,VantageAnalytics Group,SMB,PLG,2833.07,6.2,2024-01-01,Sofia Marchetti,False,0,True
deal,2024-Q1,Commit,Onboarding,,,D-00001,VantageAnalytics Group,SMB,PLG,2833.07,1.7,2024-01-07,Sofia Marchetti,False,0,True
deal,2024-Q1,Onboarding,Adoption,,,D-00001,VantageAnalytics Group,SMB,PLG,2833.07,11.3,2024-01-08,Sofia Marchetti,False,0,True
deal,2024-Q1,Adoption,Renewal,,,D-00001,VantageAnalytics Group,SMB,PLG,2833.07,33.9,2024-01-19,Sofia Marchetti,False,0,True
deal,2024-Q1,Renewal,,,,D-00001,VantageAnalytics Group,SMB,PLG,2833.07,27.4,2024-02-21,Sofia Marchetti,True,0,True
deal,2024-Q1,Selection,,,,D-00002,BoldCloud Group,SMB,PLG,2741.88,8.3,2024-01-01,Declan Byrne,False,0,False
deal,2024-Q1,Selection,,,,D-00003,SilverMetrics Ltd.,SMB,PLG,2083.72,4.2,2024-01-01,Rian de Groot,False,0,False
deal,2024-Q1,Selection,Commit,,,D-00004,BlueLogistics GmbH,SMB,Sales-led,7520.38,9.5,2024-01-01,Rian de Groot,False,0,
deal,2024-Q1,Commit,Onboarding,,,D-00004,BlueLogistics GmbH,SMB,Sales-led,7520.38,7.4,2024-01-10,Rian de Groot,False,0,
deal,2024-Q1,Onboarding,Adoption,,,D-00004,BlueLogistics GmbH,SMB,Sales-led,7520.38,12.8,2024-01-17,Rian de Groot,False,0,
deal,2024-Q1,Adoption,Renewal,,,D-00004,BlueLogistics GmbH,SMB,Sales-led,7520.38,29.2,2024-01-29,Rian de Groot,False,0,
deal,2024-Q1,Renewal,Expansion,,,D-00004,BlueLogistics GmbH,SMB,Sales-led,7520.38,14.5,2024-02-27,Rian de Groot,False,0,
deal,2024-Q1,Expansion,,,,D-00004,BlueLogistics GmbH,SMB,Sales-led,7520.38,32.3,2024-03-12,Rian de Groot,False,0.0,
deal,2024-Q1,Selection,,,,D-00005,RapidMetrics Ltd.,SMB,PLG,7148.69,8.9,2024-01-01,Priya Natarajan,False,0,True
deal,2024-Q1,Selection,,,,D-00006,PrimeLabs GmbH,SMB,PLG,3545.32,8.2,2024-01-01,Fatima Zahra,False,0,False
deal,2024-Q1,Selection,Commit,,,D-00007,AmberFinance GmbH,SMB,PLG,2261.28,5.2,2024-01-01,Amara Okafor,False,0,True
deal,2024-Q1,Commit,Onboarding,,,D-00007,AmberFinance GmbH,SMB,PLG,2261.28,3.2,2024-01-06,Amara Okafor,False,0,True
deal,2024-Q1,Onboarding,Adoption,,,D-00007,AmberFinance GmbH,SMB,PLG,2261.28,5.1,2024-01-09,Amara Okafor,False,0,True
deal,2024-Q1,Adoption,Renewal,,,D-00007,AmberFinance GmbH,SMB,PLG,2261.28,47.2,2024-01-14,Amara Okafor,False,0,True
deal,2024-Q1,Renewal,Expansion,,,D-00007,AmberFinance GmbH,SMB,PLG,2261.28,22.6,2024-03-01,Amara Okafor,False,0,True
deal,2024-Q1,Expansion,,,,D-00007,AmberFinance GmbH,SMB,PLG,2261.28,28.8,2024-03-23,Amara Okafor,False,0.0,True
deal,2024-Q1,Selection,Commit,,,D-00008,BrightMetrics Group,SMB,PLG,3197.51,3.3,2024-01-01,Rian de Groot,False,0,False
deal,2024-Q1,Commit,Onboarding,,,D-00008,BrightMetrics Group,SMB,PLG,3197.51,2.5,2024-01-04,Rian de Groot,False,0,False
deal,2024-Q1,Onboarding,Adoption,,,D-00008,BrightMetrics Group,SMB,PLG,3197.51,4.6,2024-01-06,Rian de Groot,False,0,False
deal,2024-Q1,Adoption,Renewal,,,D-00008,BrightMetrics Group,SMB,PLG,3197.51,49.6,2024-01-10,Rian de Groot,False,0,False
deal,2024-Q1,Renewal,Expansion,,,D-00008,BrightMetrics Group,SMB,PLG,3197.51,43.1,2024-02-28,Rian de Groot,False,0,False
deal,2024-Q1,Expansion,,,,D-00008,BrightMetrics Group,SMB,PLG,3197.51,29.7,2024-04-11,Rian de Groot,False,0.0,False
deal,2024-Q1,Selection,Commit,,,D-00009,NorthernData Inc.,SMB,PLG,3542.97,9.4,2024-01-01,Ingrid Johansson,False,0,True
deal,2024-Q1,Commit,Onboarding,,,D-00009,NorthernData Inc.,SMB,PLG,3542.97,2.3,2024-01-10,Ingrid Johansson,False,0,True
deal,2024-Q1,Onboarding,Adoption,,,D-00009,NorthernData Inc.,SMB,PLG,3542.97,22.3,2024-01-12,Ingrid Johansson,False,0,True
deal,2024-Q1,Adoption,Renewal,,,D-00009,NorthernData Inc.,SMB,PLG,3542.97,19.2,2024-02-03,Ingrid Johansson,False,0,True
deal,2024-Q1,Renewal,Expansion,,,D-00009,NorthernData Inc.,SMB,PLG,3542.97,8.1,2024-02-22,Ingrid Johansson,False,0,True
deal,2024-Q1,Expansion,,,,D-00009,NorthernData Inc.,SMB,PLG,3542.97,39.1,2024-03-01,Ingrid Johansson,False,854.51,True
deal,2024-Q1,Selection,,,,D-00010,ClearCloud B.V.,SMB,PLG,3319.4,7.0,2024-01-01,Fatima Zahra,False,0,False
deal,2024-Q1,Selection,,,,D-00011,HarborMetrics & Co.,SMB,PLG,3121.61,5.4,2024-01-01,Ben Sorensen,False,0,True
deal,2024-Q1,Selection,,,,D-00012,MeridianSignal GmbH,SMB,PLG,2549.65,5.8,2024-01-01,Amara Okafor,False,0,True
deal,2024-Q1,Selection,,,,D-00013,HarborLabs B.V.,SMB,Sales-led,9020.42,8.9,2024-01-01,Liam Fitzgerald,False,0,
deal,2024-Q1,Selection,Commit,,,D-00014,BrightLogistics Inc.,SMB,PLG,2803.7,5.6,2024-01-01,Fatima Zahra,False,0,False
deal,2024-Q1,Commit,Onboarding,,,D-00014,BrightLogistics Inc.,SMB,PLG,2803.7,1.2,2024-01-06,Fatima Zahra,False,0,False
deal,2024-Q1,Onboarding,Adoption,,,D-00014,BrightLogistics Inc.,SMB,PLG,2803.7,13.7,2024-01-07,Fatima Zahra,False,0,False
deal,2024-Q1,Adoption,Renewal,,,D-00014,BrightLogistics Inc.,SMB,PLG,2803.7,47.1,2024-01-20,Fatima Zahra,False,0,False
deal,2024-Q1,Renewal,Expansion,,,D-00014,BrightLogistics Inc.,SMB,PLG,2803.7,15.4,2024-03-07,Fatima Zahra,False,0,False
deal,2024-Q1,Expansion,,,,D-00014,BrightLogistics Inc.,SMB,PLG,2803.7,23.3,2024-03-22,Fatima Zahra,False,0.0,False
deal,2024-Q1,Selection,,,,D-00015,CedarStudio B.V.,SMB,Sales-led,5953.52,12.1,2024-01-01,Priya Natarajan,False,0,
deal,2024-Q1,Selection,,,,D-00016,KestrelSignal B.V.,SMB,Sales-led,8385.34,4.5,2024-01-01,Liam Fitzgerald,False,0,
deal,2024-Q1,Selection,Commit,,,D-00017,KestrelLogistics Group,SMB,PLG,2845.09,19.7,2024-01-01,Amara Okafor,False,0,True
deal,2024-Q1,Commit,Onboarding,,,D-00017,KestrelLogistics Group,SMB,PLG,2845.09,3.4,2024-01-20,Amara Okafor,False,0,True
deal,2024-Q1,Onboarding,Adoption,,,D-00017,KestrelLogistics Group,SMB,PLG,2845.09,9.3,2024-01-23,Amara Okafor,False,0,True
deal,2024-Q1,Adoption,Renewal,,,D-00017,KestrelLogistics Group,SMB,PLG,2845.09,24.9,2024-02-01,Amara Okafor,False,0,True
deal,2024-Q1,Renewal,Expansion,,,D-00017,KestrelLogistics Group,SMB,PLG,2845.09,18.4,2024-02-25,Amara Okafor,False,0,True
deal,2024-Q1,Expansion,,,,D-00017,KestrelLogistics Group,SMB,PLG,2845.09,20.9,2024-03-14,Amara Okafor,False,0.0,True
deal,2024-Q1,Selection,,,,D-00018,BrightWorks Group,SMB,PLG,3808.34,3.9,2024-01-01,Ben Sorensen,False,0,False
deal,2024-Q1,Selection,,,,D-00019,SilverDynamics Group,SMB,PLG,9366.73,4.3,2024-01-01,Yuki Tanaka,False,0,False
deal,2024-Q1,Selection,,,,D-00020,CedarLabs Ltd.,SMB,Sales-led,9432.74,9.1,2024-01-01,Yuki Tanaka,False,0,
deal,2024-Q1,Selection,,,,D-00021,SilverMetrics Ltd.,SMB,PLG,8657.07,7.4,2024-01-01,Yuki Tanaka,False,0,False
deal,2024-Q1,Selection,,,,D-00022,VantageSystems Ltd.,SMB,PLG,1127.65,4.1,2024-01-01,Aisling Kelly,False,0,True
deal,2024-Q1,Selection,,,,D-00023,SilverCommerce Ltd.,SMB,Sales-led,5156.3,9.5,2024-01-01,Aisling Kelly,False,0,
deal,2024-Q1,Selection,Commit,,,D-00024,MeridianFinance & Co.,SMB,PLG,6626.16,3.4,2024-01-01,Noor Haddad,False,0,False
deal,2024-Q1,Commit,Onboarding,,,D-00024,MeridianFinance & Co.,SMB,PLG,6626.16,1.7,2024-01-04,Noor Haddad,False,0,False
deal,2024-Q1,Onboarding,Adoption,,,D-00024,MeridianFinance & Co.,SMB,PLG,6626.16,15.6,2024-01-05,Noor Haddad,False,0,False
deal,2024-Q1,Adoption,Renewal,,,D-00024,MeridianFinance & Co.,SMB,PLG,6626.16,38.0,2024-01-20,Noor Haddad,False,0,False
deal,2024-Q1,Renewal,Expansion,,,D-00024,MeridianFinance & Co.,SMB,PLG,6626.16,17.3,2024-02-27,Noor Haddad,False,0,False
deal,2024-Q1,Expansion,,,,D-00024,MeridianFinance & Co.,SMB,PLG,6626.16,19.6,2024-03-15,Noor Haddad,False,0.0,False
deal,2024-Q1,Selection,,,,D-00025,VantageData & Co.,SMB,Sales-led,9412.14,12.0,2024-01-01,Sofia Marchetti,False,0,
deal,2024-Q1,Selection,,,,D-00026,NorthernCloud Inc.,SMB,Sales-led,7245.37,8.4,2024-01-01,Noor Haddad,False,0,
deal,2024-Q1,Selection,,,,D-00027,SilverLabs B.V.,SMB,Sales-led,3356.88,14.0,2024-01-01,Priya Natarajan,False,0,
deal,2024-Q1,Selection,Commit,,,D-00028,VantageData GmbH,SMB,PLG,4619.04,5.1,2024-01-01,Noor Haddad,False,0,True
deal,2024-Q1,Commit,Onboarding,,,D-00028,VantageData GmbH,SMB,PLG,4619.04,2.3,2024-01-06,Noor Haddad,False,0,True
deal,2024-Q1,Onboarding,Adoption,,,D-00028,VantageData GmbH,SMB,PLG,4619.04,21.2,2024-01-08,Noor Haddad,False,0,True
deal,2024-Q1,Adoption,Renewal,,,D-00028,VantageData GmbH,SMB,PLG,4619.04,79.8,2024-01-29,Noor Haddad,False,0,True
deal,2024-Q1,Renewal,Expansion,,,D-00028,VantageData GmbH,SMB,PLG,4619.04,10.3,2024-04-17,Noor Haddad,False,0,True
deal,2024-Q1,Expansion,,,,D-00028,VantageData GmbH,SMB,PLG,4619.04,28.4,2024-04-27,Noor Haddad,False,1385.56,True
deal,2024-Q1,Selection,Commit,,,D-00029,LucidSystems B.V.,SMB,Sales-led,5644.11,7.9,2024-01-01,Marcus Webb,False,0,
deal,2024-Q1,Commit,Onboarding,,,D-00029,LucidSystems B.V.,SMB,Sales-led,5644.11,4.8,2024-01-08,Marcus Webb,False,0,
deal,2024-Q1,Onboarding,Adoption,,,D-00029,LucidSystems B.V.,SMB,Sales-led,5644.11,11.5,2024-01-12,Marcus Webb,False,0,
deal,2024-Q1,Adoption,Renewal,,,D-00029,LucidSystems B.V.,SMB,Sales-led,5644.11,30.3,2024-01-23,Marcus Webb,False,0,
deal,2024-Q1,Renewal,Expansion,,,D-00029,LucidSystems B.V.,SMB,Sales-led,5644.11,16.2,2024-02-22,Marcus Webb,False,0,
deal,2024-Q1,Expansion,,,,D-00029,LucidSystems B.V.,SMB,Sales-led,5644.11,23.7,2024-03-09,Marcus Webb,False,819.44,
deal,2024-Q1,Selection,,,,D-00030,HarborSignal Group,SMB,PLG,1946.95,6.0,2024-01-01,Tariq Aziz,False,0,True
deal,2024-Q1,Selection,,,,D-00031,NovaRobotics Inc.,SMB,PLG,7030.95,3.8,2024-01-01,Declan Byrne,False,0,False
deal,2024-Q1,Selection,,,,D-00032,MeridianMetrics GmbH,SMB,PLG,7475.68,4.6,2024-01-01,Rian de Groot,False,0,False
deal,2024-Q1,Selection,Commit,,,D-00033,MeridianAnalytics Ltd.,SMB,PLG,4390.42,4.0,2024-01-01,Amara Okafor,False,0,True
deal,2024-Q1,Commit,Onboarding,,,D-00033,MeridianAnalytics Ltd.,SMB,PLG,4390.42,2.1,2024-01-05,Amara Okafor,False,0,True
deal,2024-Q1,Onboarding,Adoption,,,D-00033,MeridianAnalytics Ltd.,SMB,PLG,4390.42,13.3,2024-01-07,Amara Okafor,False,0,True
deal,2024-Q1,Adoption,Renewal,,,D-00033,MeridianAnalytics Ltd.,SMB,PLG,4390.42,59.3,2024-01-20,Amara Okafor,False,0,True
deal,2024-Q1,Renewal,Expansion,,,D-00033,MeridianAnalytics Ltd.,SMB,PLG,4390.42,33.6,2024-03-19,Amara Okafor,False,0,True
deal,2024-Q1,Expansion,,,,D-00033,MeridianAnalytics Ltd.,SMB,PLG,4390.42,32.2,2024-04-21,Amara Okafor,False,1092.41,True
deal,2024-Q1,Selection,Commit,,,D-00034,SwiftMetrics Inc.,SMB,Sales-led,9689.31,6.3,2024-01-01,Yuki Tanaka,False,0,
deal,2024-Q1,Commit,Onboarding,,,D-00034,SwiftMetrics Inc.,SMB,Sales-led,9689.31,5.1,2024-01-07,Yuki Tanaka,False,0,
deal,2024-Q1,Onboarding,Adoption,,,D-00034,SwiftMetrics Inc.,SMB,Sales-led,9689.31,10.6,2024-01-12,Yuki Tanaka,False,0,
deal,2024-Q1,Adoption,Renewal,,,D-00034,SwiftMetrics Inc.,SMB,Sales-led,9689.31,38.9,2024-01-22,Yuki Tanaka,False,0,
deal,2024-Q1,Renewal,,,,D-00034,SwiftMetrics Inc.,SMB,Sales-led,9689.31,39.5,2024-02-29,Yuki Tanaka,True,0,
deal,2024-Q1,Selection,,,,D-00035,NorthernSignal Ltd.,SMB,PLG,2877.45,6.1,2024-01-01,Rian de Groot,False,0,False
deal,2024-Q1,Selection,,,,D-00036,HarborSolutions Ltd.,SMB,Sales-led,10722.58,6.7,2024-01-01,Yuki Tanaka,False,0,
deal,2024-Q1,Selection,,,,D-00037,HarborLabs & Co.,SMB,PLG,3508.78,2.9,2024-01-01,Rian de Groot,False,0,True
deal,2024-Q1,Selection,,,,D-00038,ClearSolutions Inc.,SMB,PLG,2635.48,4.5,2024-01-01,Sofia Marchetti,False,0,False
deal,2024-Q1,Selection,,,,D-00039,HarborSolutions Group,SMB,PLG,3891.53,3.9,2024-01-01,Ingrid Johansson,False,0,False
deal,2024-Q1,Selection,,,,D-00040,CedarRobotics Ltd.,SMB,PLG,3749.37,9.7,2024-01-01,Fatima Zahra,False,0,False
deal,2024-Q1,Selection,,,,D-00041,AmberHealth Group,SMB,Sales-led,5905.31,7.9,2024-01-01,Amara Okafor,False,0,
deal,2024-Q1,Selection,,,,D-00042,BlueDynamics & Co.,SMB,Sales-led,8203.59,12.8,2024-01-01,Ingrid Johansson,False,0,
deal,2024-Q1,Selection,Commit,,,D-00043,LucidData & Co.,SMB,PLG,5084.81,5.6,2024-01-01,Amara Okafor,False,0,True
deal,2024-Q1,Commit,Onboarding,,,D-00043,LucidData & Co.,SMB,PLG,5084.81,3.1,2024-01-06,Amara Okafor,False,0,True
deal,2024-Q1,Onboarding,Adoption,,,D-00043,LucidData & Co.,SMB,PLG,5084.81,9.2,2024-01-09,Amara Okafor,False,0,True
deal,2024-Q1,Adoption,Renewal,,,D-00043,LucidData & Co.,SMB,PLG,5084.81,39.5,2024-01-18,Amara Okafor,False,0,True
deal,2024-Q1,Renewal,,,,D-00043,LucidData & Co.,SMB,PLG,5084.81,13.4,2024-02-26,Amara Okafor,True,0,True
deal,2024-Q1,Selection,Commit,,,D-00044,PrimeCloud GmbH,SMB,Sales-led,8957.02,5.4,2024-01-01,Amara Okafor,False,0,
deal,2024-Q1,Commit,Onboarding,,,D-00044,PrimeCloud GmbH,SMB,Sales-led,8957.02,4.6,2024-01-06,Amara Okafor,False,0,
deal,2024-Q1,Onboarding,Adoption,,,D-00044,PrimeCloud GmbH,SMB,Sales-led,8957.02,6.6,2024-01-10,Amara Okafor,False,0,
deal,2024-Q1,Adoption,Renewal,,,D-00044,PrimeCloud GmbH,SMB,Sales-led,8957.02,42.3,2024-01-16,Amara Okafor,False,0,
deal,2024-Q1,Renewal,Expansion,,,D-00044,PrimeCloud GmbH,SMB,Sales-led,8957.02,9.0,2024-02-27,Amara Okafor,False,0,
deal,2024-Q1,Expansion,,,,D-00044,PrimeCloud GmbH,SMB,Sales-led,8957.02,31.7,2024-03-07,Amara Okafor,False,0.0,
deal,2024-Q1,Selection,,,,D-00045,HarborCloud GmbH,SMB,PLG,2447.17,5.5,2024-01-01,Marcus Webb,False,0,True
deal,2024-Q1,Selection,,,,D-00046,PrimeCloud GmbH,SMB,PLG,6043.83,6.0,2024-01-01,Aisling Kelly,False,0,False
deal,2024-Q1,Selection,Commit,,,D-00047,SolsticeDynamics & Co.,SMB,PLG,4425.33,4.8,2024-01-01,Noor Haddad,False,0,False
deal,2024-Q1,Commit,Onboarding,,,D-00047,SolsticeDynamics & Co.,SMB,PLG,4425.33,1.3,2024-01-05,Noor Haddad,False,0,False
deal,2024-Q1,Onboarding,Adoption,,,D-00047,SolsticeDynamics & Co.,SMB,PLG,4425.33,10.7,2024-01-06,Noor Haddad,False,0,False
deal,2024-Q1,Adoption,Renewal,,,D-00047,SolsticeDynamics & Co.,SMB,PLG,4425.33,43.2,2024-01-16,Noor Haddad,False,0,False
deal,2024-Q1,Renewal,Expansion,,,D-00047,SolsticeDynamics & Co.,SMB,PLG,4425.33,20.9,2024-02-28,Noor Haddad,False,0,False
deal,2024-Q1,Expansion,,,,D-00047,SolsticeDynamics & Co.,SMB,PLG,4425.33,19.0,2024-03-19,Noor Haddad,False,946.6,False
deal,2024-Q1,Selection,,,,D-00048,ClearDynamics Inc.,SMB,Sales-led,10573.49,10.3,2024-01-01,Priya Natarajan,False,0,
deal,2024-Q1,Selection,,,,D-00049,BlueMetrics Ltd.,SMB,Sales-led,7286.77,11.5,2024-01-01,Ben Sorensen,False,0,
deal,2024-Q1,Selection,,,,D-00050,CedarLogistics B.V.,SMB,Sales-led,24197.9,12.1,2024-01-01,Sofia Marchetti,False,0,
deal,2024-Q1,Selection,Commit,,,D-00051,NovaDynamics Ltd.,SMB,Sales-led,9371.17,14.7,2024-01-01,Elena Petrova,False,0,
deal,2024-Q1,Commit,Onboarding,,,D-00051,NovaDynamics Ltd.,SMB,Sales-led,9371.17,4.3,2024-01-15,Elena Petrova,False,0,
deal,2024-Q1,Onboarding,Adoption,,,D-00051,NovaDynamics Ltd.,SMB,Sales-led,9371.17,13.6,2024-01-19,Elena Petrova,False,0,
deal,2024-Q1,Adoption,Renewal,,,D-00051,NovaDynamics Ltd.,SMB,Sales-led,9371.17,24.9,2024-02-01,Elena Petrova,False,0,
deal,2024-Q1,Renewal,Expansion,,,D-00051,NovaDynamics Ltd.,SMB,Sales-led,9371.17,17.0,2024-02-25,Elena Petrova,False,0,
deal,2024-Q1,Expansion,,,,D-00051,NovaDynamics Ltd.,SMB,Sales-led,9371.17,28.0,2024-03-13,Elena Petrova,False,0.0,
deal,2024-Q1,Selection,,,,D-00052,ClearLabs & Co.,SMB,Sales-led,10995.84,7.1,2024-01-01,Aisling Kelly,False,0,
deal,2024-Q1,Selection,,,,D-00053,VantageData & Co.,SMB,PLG,5850.75,8.3,2024-01-01,Sofia Marchetti,False,0,False
deal,2024-Q1,Selection,Commit,,,D-00054,VantageStudio GmbH,SMB,Sales-led,7954.51,4.3,2024-01-01,Noor Haddad,False,0,
deal,2024-Q1,Commit,Onboarding,,,D-00054,VantageStudio GmbH,SMB,Sales-led,7954.51,3.8,2024-01-05,Noor Haddad,False,0,
deal,2024-Q1,Onboarding,Adoption,,,D-00054,VantageStudio GmbH,SMB,Sales-led,7954.51,16.7,2024-01-08,Noor Haddad,False,0,
deal,2024-Q1,Adoption,Renewal,,,D-00054,VantageStudio GmbH,SMB,Sales-led,7954.51,52.5,2024-01-24,Noor Haddad,False,0,
deal,2024-Q1,Renewal,Expansion,,,D-00054,VantageStudio GmbH,SMB,Sales-led,7954.51,23.7,2024-03-16,Noor Haddad,False,0,
deal,2024-Q1,Expansion,,,,D-00054,VantageStudio GmbH,SMB,Sales-led,7954.51,17.1,2024-04-08,Noor Haddad,False,2350.69,
deal,2024-Q1,Selection,,,,D-00055,LucidWorks B.V.,SMB,PLG,1476.28,5.2,2024-01-01,Elena Petrova,False,0,True
deal,2024-Q1,Selection,Commit,,,D-00056,VantageRobotics Group,SMB,PLG,5212.77,5.1,2024-01-01,Elena Petrova,False,0,True
deal,2024-Q1,Commit,Onboarding,,,D-00056,VantageRobotics Group,SMB,PLG,5212.77,1.1,2024-01-06,Elena Petrova,False,0,True
deal,2024-Q1,Onboarding,Adoption,,,D-00056,VantageRobotics Group,SMB,PLG,5212.77,7.8,2024-01-07,Elena Petrova,False,0,True
deal,2024-Q1,Adoption,Renewal,,,D-00056,VantageRobotics Group,SMB,PLG,5212.77,36.4,2024-01-14,Elena Petrova,False,0,True
deal,2024-Q1,Renewal,Expansion,,,D-00056,VantageRobotics Group,SMB,PLG,5212.77,31.1,2024-02-19,Elena Petrova,False,0,True
deal,2024-Q1,Expansion,,,,D-00056,VantageRobotics Group,SMB,PLG,5212.77,44.5,2024-03-21,Elena Petrova,False,742.47,True
deal,2024-Q1,Selection,,,,D-00057,NovaSystems GmbH,SMB,Sales-led,5439.91,5.5,2024-01-01,Noor Haddad,False,0,
deal,2024-Q1,Selection,Commit,,,D-00058,SolsticeFinance GmbH,SMB,Sales-led,11374.3,13.4,2024-01-01,Amara Okafor,False,0,
deal,2024-Q1,Commit,Onboarding,,,D-00058,SolsticeFinance GmbH,SMB,Sales-led,11374.3,5.7,2024-01-14,Amara Okafor,False,0,
deal,2024-Q1,Onboarding,,,,D-00058,SolsticeFinance GmbH,SMB,Sales-led,11374.3,10.8,2024-01-19,Amara Okafor,True,0,
deal,2024-Q1,Selection,,,,D-00059,KestrelSignal Ltd.,SMB,PLG,8440.39,6.0,2024-01-01,Amara Okafor,False,0,False
deal,2024-Q1,Selection,Commit,,,D-00060,AmberStudio B.V.,SMB,PLG,5054.4,2.7,2024-01-01,Ben Sorensen,False,0,True
deal,2024-Q1,Commit,Onboarding,,,D-00060,AmberStudio B.V.,SMB,PLG,5054.4,1.6,2024-01-03,Ben Sorensen,False,0,True
deal,2024-Q1,Onboarding,Adoption,,,D-00060,AmberStudio B.V.,SMB,PLG,5054.4,11.4,2024-01-04,Ben Sorensen,False,0,True
deal,2024-Q1,Adoption,,,,D-00060,AmberStudio B.V.,SMB,PLG,5054.4,69.5,2024-01-15,Ben Sorensen,True,0,True
deal,2024-Q1,Selection,Commit,,,D-00061,ClearRobotics & Co.,SMB,PLG,2269.47,5.7,2024-01-01,Liam Fitzgerald,False,0,True
deal,2024-Q1,Commit,Onboarding,,,D-00061,ClearRobotics & Co.,SMB,PLG,2269.47,1.9,2024-01-06,Liam Fitzgerald,False,0,True
deal,2024-Q1,Onboarding,Adoption,,,D-00061,ClearRobotics & Co.,SMB,PLG,2269.47,9.1,2024-01-07,Liam Fitzgerald,False,0,True
deal,2024-Q1,Adoption,Renewal,,,D-00061,ClearRobotics & Co.,SMB,PLG,2269.47,44.0,2024-01-16,Liam Fitzgerald,False,0,True
deal,2024-Q1,Renewal,Expansion,,,D-00061,ClearRobotics & Co.,SMB,PLG,2269.47,37.2,2024-02-29,Liam Fitzgerald,False,0,True
deal,2024-Q1,Expansion,,,,D-00061,ClearRobotics & Co.,SMB,PLG,2269.47,21.9,2024-04-06,Liam Fitzgerald,False,0.0,True
deal,2024-Q1,Selection,Commit,,,D-00062,HarborFinance & Co.,SMB,PLG,3796.81,6.4,2024-01-01,Callum Reid,False,0,True
deal,2024-Q1,Commit,Onboarding,,,D-00062,HarborFinance & Co.,SMB,PLG,3796.81,1.8,2024-01-07,Callum Reid,False,0,True
deal,2024-Q1,Onboarding,Adoption,,,D-00062,HarborFinance & Co.,SMB,PLG,3796.81,17.5,2024-01-08,Callum Reid,False,0,True
deal,2024-Q1,Adoption,Renewal,,,D-00062,HarborFinance & Co.,SMB,PLG,3796.81,54.7,2024-01-25,Callum Reid,False,0,True
deal,2024-Q1,Renewal,Expansion,,,D-00062,HarborFinance & Co.,SMB,PLG,3796.81,13.2,2024-03-19,Callum Reid,False,0,True
deal,2024-Q1,Expansion,,,,D-00062,HarborFinance & Co.,SMB,PLG,3796.81,26.2,2024-04-01,Callum Reid,False,0.0,True
deal,2024-Q1,Selection,,,,D-00063,CedarAnalytics Ltd.,SMB,PLG,2324.06,5.2,2024-01-01,Sofia Marchetti,False,0,False
deal,2024-Q1,Selection,,,,D-00064,ClearCloud Inc.,SMB,Sales-led,9860.23,32.0,2024-01-01,Elena Petrova,False,0,
deal,2024-Q1,Selection,,,,D-00065,NorthernRobotics GmbH,SMB,PLG,1659.64,8.5,2024-01-01,Priya Natarajan,False,0,False
deal,2024-Q1,Selection,,,,D-00066,NovaDynamics B.V.,SMB,PLG,3225.22,5.2,2024-01-01,Rian de Groot,False,0,False
deal,2024-Q1,Selection,,,,D-00067,NovaSystems & Co.,SMB,PLG,2381.87,2.9,2024-01-01,Liam Fitzgerald,False,0,True
deal,2024-Q1,Selection,,,,D-00068,ClearDynamics GmbH,SMB,PLG,2609.84,12.5,2024-01-01,Ingrid Johansson,False,0,False
deal,2024-Q1,Selection,,,,D-00069,BrightData Inc.,SMB,PLG,6248.7,4.8,2024-01-01,Rian de Groot,False,0,False
deal,2024-Q1,Selection,,,,D-00070,BrightCommerce Group,SMB,PLG,2660.01,3.8,2024-01-01,Liam Fitzgerald,False,0,True
deal,2024-Q1,Selection,,,,D-00071,CedarSignal & Co.,SMB,Sales-led,7921.58,13.3,2024-01-01,Liam Fitzgerald,False,0,
deal,2024-Q1,Selection,Commit,,,D-00072,MeridianStudio B.V.,SMB,PLG,3916.33,5.9,2024-01-01,Ingrid Johansson,False,0,True
deal,2024-Q1,Commit,Onboarding,,,D-00072,MeridianStudio B.V.,SMB,PLG,3916.33,1.5,2024-01-06,Ingrid Johansson,False,0,True
deal,2024-Q1,Onboarding,Adoption,,,D-00072,MeridianStudio B.V.,SMB,PLG,3916.33,8.9,2024-01-07,Ingrid Johansson,False,0,True
deal,2024-Q1,Adoption,Renewal,,,D-00072,MeridianStudio B.V.,SMB,PLG,3916.33,22.2,2024-01-15,Ingrid Johansson,False,0,True
deal,2024-Q1,Renewal,Expansion,,,D-00072,MeridianStudio B.V.,SMB,PLG,3916.33,14.6,2024-02-06,Ingrid Johansson,False,0,True
deal,2024-Q1,Expansion,,,,D-00072,MeridianStudio B.V.,SMB,PLG,3916.33,37.7,2024-02-20,Ingrid Johansson,False,776.02,True
deal,2024-Q1,Selection,,,,D-00073,RapidSignal GmbH,SMB,PLG,4590.34,7.2,2024-01-01,Sofia Marchetti,False,0,False
deal,2024-Q1,Selection,Commit,,,D-00074,LucidWorks Ltd.,SMB,PLG,3413.0,3.1,2024-01-01,Elena Petrova,False,0,True
deal,2024-Q1,Commit,Onboarding,,,D-00074,LucidWorks Ltd.,SMB,PLG,3413.0,2.8,2024-01-04,Elena Petrova,False,0,True
deal,2024-Q1,Onboarding,Adoption,,,D-00074,LucidWorks Ltd.,SMB,PLG,3413.0,22.8,2024-01-06,Elena Petrova,False,0,True
deal,2024-Q1,Adoption,Renewal,,,D-00074,LucidWorks Ltd.,SMB,PLG,3413.0,60.9,2024-01-28,Elena Petrova,False,0,True
deal,2024-Q1,Renewal,Expansion,,,D-00074,LucidWorks Ltd.,SMB,PLG,3413.0,35.6,2024-03-28,Elena Petrova,False,0,True
deal,2024-Q1,Expansion,,,,D-00074,LucidWorks Ltd.,SMB,PLG,3413.0,38.2,2024-05-02,Elena Petrova,False,704.47,True
deal,2024-Q1,Selection,,,,D-00075,SilverMetrics Ltd.,SMB,Sales-led,3725.91,7.3,2024-01-01,Elena Petrova,False,0,
deal,2024-Q1,Selection,Commit,,,D-00076,CedarCloud Group,SMB,PLG,2641.08,4.9,2024-01-01,Yuki Tanaka,False,0,True
deal,2024-Q1,Commit,Onboarding,,,D-00076,CedarCloud Group,SMB,PLG,2641.08,1.2,2024-01-05,Yuki Tanaka,False,0,True
deal,2024-Q1,Onboarding,Adoption,,,D-00076,CedarCloud Group,SMB,PLG,2641.08,7.6,2024-01-06,Yuki Tanaka,False,0,True
deal,2024-Q1,Adoption,Renewal,,,D-00076,CedarCloud Group,SMB,PLG,2641.08,41.6,2024-01-13,Yuki Tanaka,False,0,True
deal,2024-Q1,Renewal,Expansion,,,D-00076,CedarCloud Group,SMB,PLG,2641.08,25.3,2024-02-23,Yuki Tanaka,False,0,True
deal,2024-Q1,Expansion,,,,D-00076,CedarCloud Group,SMB,PLG,2641.08,32.2,2024-03-19,Yuki Tanaka,False,0.0,True
deal,2024-Q1,Selection,,,,D-00077,BoldCommerce Group,SMB,PLG,4499.3,5.8,2024-01-01,Priya Natarajan,False,0,True
deal,2024-Q1,Selection,Commit,,,D-00078,AmberMetrics Group,SMB,PLG,3009.44,8.2,2024-01-01,Marcus Webb,False,0,True
deal,2024-Q1,Commit,Onboarding,,,D-00078,AmberMetrics Group,SMB,PLG,3009.44,2.4,2024-01-09,Marcus Webb,False,0,True
deal,2024-Q1,Onboarding,Adoption,,,D-00078,AmberMetrics Group,SMB,PLG,3009.44,6.0,2024-01-11,Marcus Webb,False,0,True
deal,2024-Q1,Adoption,Renewal,,,D-00078,AmberMetrics Group,SMB,PLG,3009.44,73.5,2024-01-17,Marcus Webb,False,0,True
deal,2024-Q1,Renewal,Expansion,,,D-00078,AmberMetrics Group,SMB,PLG,3009.44,17.2,2024-03-30,Marcus Webb,False,0,True
deal,2024-Q1,Expansion,,,,D-00078,AmberMetrics Group,SMB,PLG,3009.44,24.7,2024-04-16,Marcus Webb,False,0.0,True
deal,2024-Q1,Selection,,,,D-00079,PrimeLogistics Group,SMB,Sales-led,5989.11,8.6,2024-01-01,Elena Petrova,False,0,
deal,2024-Q1,Selection,,,,D-00080,BlueSignal Group,SMB,PLG,7507.08,12.3,2024-01-01,Sofia Marchetti,False,0,False
deal,2024-Q1,Selection,,,,D-00081,PrimeRobotics Inc.,SMB,Sales-led,5746.98,6.8,2024-01-01,Sofia Marchetti,False,0,
deal,2024-Q1,Selection,,,,D-00082,AmberLogistics B.V.,SMB,PLG,3142.11,5.6,2024-01-01,Sofia Marchetti,False,0,False
deal,2024-Q1,Selection,,,,D-00083,NorthernCommerce B.V.,SMB,Sales-led,9502.19,4.3,2024-01-01,Yuki Tanaka,False,0,
deal,2024-Q1,Selection,,,,D-00084,BlueStudio & Co.,SMB,Sales-led,5276.87,8.3,2024-01-01,Ben Sorensen,False,0,
deal,2024-Q1,Selection,,,,D-00085,BoldStudio & Co.,SMB,PLG,4982.98,8.1,2024-01-01,Elena Petrova,False,0,True
deal,2024-Q1,Selection,,,,D-00086,CedarLabs & Co.,SMB,PLG,4988.12,7.6,2024-01-01,Yuki Tanaka,False,0,False
deal,2024-Q1,Selection,,,,D-00087,HarborWorks GmbH,SMB,Sales-led,9340.24,13.6,2024-01-01,Callum Reid,False,0,
deal,2024-Q1,Selection,,,,D-00088,BrightLabs & Co.,SMB,Sales-led,11954.1,12.2,2024-01-01,Tariq Aziz,False,0,
deal,2024-Q1,Selection,,,,D-00089,NovaFinance Ltd.,SMB,PLG,2377.76,6.4,2024-01-01,Priya Natarajan,False,0,True
deal,2024-Q1,Selection,Commit,,,D-00090,SilverLabs Ltd.,SMB,Sales-led,9233.95,7.5,2024-01-01,Aisling Kelly,False,0,
deal,2024-Q1,Commit,Onboarding,,,D-00090,SilverLabs Ltd.,SMB,Sales-led,9233.95,3.9,2024-01-08,Aisling Kelly,False,0,
deal,2024-Q1,Onboarding,Adoption,,,D-00090,SilverLabs Ltd.,SMB,Sales-led,9233.95,23.6,2024-01-11,Aisling Kelly,False,0,
deal,2024-Q1,Adoption,Renewal,,,D-00090,SilverLabs Ltd.,SMB,Sales-led,9233.95,56.0,2024-02-03,Aisling Kelly,False,0,
deal,2024-Q1,Renewal,Expansion,,,D-00090,SilverLabs Ltd.,SMB,Sales-led,9233.95,13.2,2024-03-30,Aisling Kelly,False,0,
deal,2024-Q1,Expansion,,,,D-00090,SilverLabs Ltd.,SMB,Sales-led,9233.95,21.9,2024-04-12,Aisling Kelly,False,0.0,
deal,2024-Q1,Selection,Commit,,,D-00091,BoldFinance Inc.,SMB,Sales-led,18211.97,13.4,2024-01-01,Ben Sorensen,False,0,
deal,2024-Q1,Commit,Onboarding,,,D-00091,BoldFinance Inc.,SMB,Sales-led,18211.97,1.9,2024-01-14,Ben Sorensen,False,0,
deal,2024-Q1,Onboarding,Adoption,,,D-00091,BoldFinance Inc.,SMB,Sales-led,18211.97,11.3,2024-01-15,Ben Sorensen,False,0,
deal,2024-Q1,Adoption,Renewal,,,D-00091,BoldFinance Inc.,SMB,Sales-led,18211.97,71.4,2024-01-26,Ben Sorensen,False,0,
deal,2024-Q1,Renewal,Expansion,,,D-00091,BoldFinance Inc.,SMB,Sales-led,18211.97,26.8,2024-04-06,Ben Sorensen,False,0,
deal,2024-Q1,Expansion,,,,D-00091,BoldFinance Inc.,SMB,Sales-led,18211.97,14.5,2024-05-02,Ben Sorensen,False,0.0,
deal,2024-Q1,Selection,,,,D-00092,LucidRobotics Inc.,SMB,PLG,1712.93,6.7,2024-01-01,Aisling Kelly,False,0,False
deal,2024-Q1,Selection,,,,D-00093,BoldSystems Ltd.,SMB,PLG,2675.98,9.8,2024-01-01,Declan Byrne,False,0,False
deal,2024-Q1,Selection,,,,D-00094,BrightSignal Group,SMB,Sales-led,9389.68,7.9,2024-01-01,Fatima Zahra,False,0,
deal,2024-Q1,Selection,Commit,,,D-00095,PrimeDynamics GmbH,SMB,PLG,6215.6,2.2,2024-01-01,Amara Okafor,False,0,False
deal,2024-Q1,Commit,Onboarding,,,D-00095,PrimeDynamics GmbH,SMB,PLG,6215.6,2.4,2024-01-03,Amara Okafor,False,0,False
deal,2024-Q1,Onboarding,Adoption,,,D-00095,PrimeDynamics GmbH,SMB,PLG,6215.6,9.2,2024-01-05,Amara Okafor,False,0,False
deal,2024-Q1,Adoption,Renewal,,,D-00095,PrimeDynamics GmbH,SMB,PLG,6215.6,48.6,2024-01-14,Amara Okafor,False,0,False
deal,2024-Q1,Renewal,,,,D-00095,PrimeDynamics GmbH,SMB,PLG,6215.6,23.9,2024-03-02,Amara Okafor,True,0,False
deal,2024-Q1,Selection,,,,D-00096,SolsticeHealth B.V.,SMB,Sales-led,7162.81,6.6,2024-01-01,Marcus Webb,False,0,
deal,2024-Q1,Selection,,,,D-00097,BoldWorks Ltd.,SMB,Sales-led,8219.25,12.7,2024-01-01,Aisling Kelly,False,0,
deal,2024-Q1,Selection,Commit,,,D-00098,CedarDynamics B.V.,SMB,PLG,4718.25,5.7,2024-01-01,Tariq Aziz,False,0,True
deal,2024-Q1,Commit,Onboarding,,,D-00098,CedarDynamics B.V.,SMB,PLG,4718.25,2.5,2024-01-06,Tariq Aziz,False,0,True
deal,2024-Q1,Onboarding,Adoption,,,D-00098,CedarDynamics B.V.,SMB,PLG,4718.25,17.5,2024-01-08,Tariq Aziz,False,0,True
deal,2024-Q1,Adoption,Renewal,,,D-00098,CedarDynamics B.V.,SMB,PLG,4718.25,27.0,2024-01-25,Tariq Aziz,False,0,True
deal,2024-Q1,Renewal,Expansion,,,D-00098,CedarDynamics B.V.,SMB,PLG,4718.25,27.5,2024-02-21,Tariq Aziz,False,0,True
deal,2024-Q1,Expansion,,,,D-00098,CedarDynamics B.V.,SMB,PLG,4718.25,54.4,2024-03-19,Tariq Aziz,False,0.0,True
deal,2024-Q1,Selection,,,,D-00099,SolsticeHealth Group,SMB,Sales-led,10170.49,22.2,2024-01-01,Callum Reid,False,0,
deal,2024-Q1,Selection,,,,D-00100,HarborAnalytics B.V.,SMB,PLG,4488.09,8.8,2024-01-01,Marcus Webb,False,0,False
deal,2024-Q1,Selection,,,,D-00101,NovaHealth Ltd.,SMB,PLG,5266.18,4.7,2024-01-01,Ben Sorensen,False,0,False
deal,2024-Q1,Selection,Commit,,,D-00102,KestrelCommerce & Co.,SMB,Sales-led,7833.85,8.7,2024-01-01,Marcus Webb,False,0,
deal,2024-Q1,Commit,Onboarding,,,D-00102,KestrelCommerce & Co.,SMB,Sales-led,7833.85,4.3,2024-01-09,Marcus Webb,False,0,
deal,2024-Q1,Onboarding,Adoption,,,D-00102,KestrelCommerce & Co.,SMB,Sales-led,7833.85,16.4,2024-01-13,Marcus Webb,False,0,
deal,2024-Q1,Adoption,Renewal,,,D-00102,KestrelCommerce & Co.,SMB,Sales-led,7833.85,46.5,2024-01-29,Marcus Webb,False,0,
deal,2024-Q1,Renewal,Expansion,,,D-00102,KestrelCommerce & Co.,SMB,Sales-led,7833.85,38.5,2024-03-15,Marcus Webb,False,0,
deal,2024-Q1,Expansion,,,,D-00102,KestrelCommerce & Co.,SMB,Sales-led,7833.85,29.5,2024-04-22,Marcus Webb,False,0.0,
deal,2024-Q1,Selection,,,,D-00103,BlueAnalytics B.V.,SMB,PLG,3211.72,5.5,2024-01-01,Aisling Kelly,False,0,False
deal,2024-Q1,Selection,,,,D-00104,BoldWorks GmbH,SMB,PLG,3120.05,5.1,2024-01-01,Liam Fitzgerald,False,0,False
deal,2024-Q1,Selection,,,,D-00105,NovaMetrics B.V.,SMB,Sales-led,12335.15,8.2,2024-01-01,Declan Byrne,False,0,
deal,2024-Q1,Selection,,,,D-00106,VantageData GmbH,SMB,Sales-led,8821.36,7.9,2024-01-01,Priya Natarajan,False,0,
deal,2024-Q1,Selection,Commit,,,D-00107,KestrelData Inc.,SMB,PLG,3639.3,7.1,2024-01-01,Declan Byrne,False,0,True
deal,2024-Q1,Commit,Onboarding,,,D-00107,KestrelData Inc.,SMB,PLG,3639.3,3.3,2024-01-08,Declan Byrne,False,0,True
deal,2024-Q1,Onboarding,Adoption,,,D-00107,KestrelData Inc.,SMB,PLG,3639.3,14.7,2024-01-11,Declan Byrne,False,0,True
deal,2024-Q1,Adoption,Renewal,,,D-00107,KestrelData Inc.,SMB,PLG,3639.3,48.4,2024-01-25,Declan Byrne,False,0,True
deal,2024-Q1,Renewal,Expansion,,,D-00107,KestrelData Inc.,SMB,PLG,3639.3,30.5,2024-03-13,Declan Byrne,False,0,True
deal,2024-Q1,Expansion,,,,D-00107,KestrelData Inc.,SMB,PLG,3639.3,32.0,2024-04-12,Declan Byrne,False,574.93,True
deal,2024-Q1,Selection,,,,D-00108,ClearDynamics Group,SMB,PLG,5509.65,8.4,2024-01-01,Sofia Marchetti,False,0,False
deal,2024-Q1,Selection,Commit,,,D-00109,NovaLogistics Ltd.,SMB,Sales-led,7401.82,10.4,2024-01-01,Fatima Zahra,False,0,
deal,2024-Q1,Commit,Onboarding,,,D-00109,NovaLogistics Ltd.,SMB,Sales-led,7401.82,3.6,2024-01-11,Fatima Zahra,False,0,
deal,2024-Q1,Onboarding,Adoption,,,D-00109,NovaLogistics Ltd.,SMB,Sales-led,7401.82,20.3,2024-01-14,Fatima Zahra,False,0,
deal,2024-Q1,Adoption,Renewal,,,D-00109,NovaLogistics Ltd.,SMB,Sales-led,7401.82,28.1,2024-02-03,Fatima Zahra,False,0,
deal,2024-Q1,Renewal,Expansion,,,D-00109,NovaLogistics Ltd.,SMB,Sales-led,7401.82,15.3,2024-03-02,Fatima Zahra,False,0,
deal,2024-Q1,Expansion,,,,D-00109,NovaLogistics Ltd.,SMB,Sales-led,7401.82,52.1,2024-03-17,Fatima Zahra,False,1821.35,
deal,2024-Q1,Selection,Commit,,,D-00110,AmberLabs GmbH,SMB,PLG,3917.09,7.8,2024-01-01,Rian de Groot,False,0,False
deal,2024-Q1,Commit,Onboarding,,,D-00110,AmberLabs GmbH,SMB,PLG,3917.09,2.8,2024-01-08,Rian de Groot,False,0,False
deal,2024-Q1,Onboarding,Adoption,,,D-00110,AmberLabs GmbH,SMB,PLG,3917.09,20.0,2024-01-10,Rian de Groot,False,0,False
deal,2024-Q1,Adoption,Renewal,,,D-00110,AmberLabs GmbH,SMB,PLG,3917.09,52.2,2024-01-30,Rian de Groot,False,0,False
deal,2024-Q1,Renewal,Expansion,,,D-00110,AmberLabs GmbH,SMB,PLG,3917.09,23.6,2024-03-22,Rian de Groot,False,0,False
deal,2024-Q1,Expansion,,,,D-00110,AmberLabs GmbH,SMB,PLG,3917.09,33.3,2024-04-14,Rian de Groot,False,0.0,False
deal,2024-Q1,Selection,Commit,,,D-00111,ClearLogistics Group,SMB,PLG,4568.09,7.5,2024-01-01,Rian de Groot,False,0,True
deal,2024-Q1,Commit,Onboarding,,,D-00111,ClearLogistics Group,SMB,PLG,4568.09,1.9,2024-01-08,Rian de Groot,False,0,True
deal,2024-Q1,Onboarding,Adoption,,,D-00111,ClearLogistics Group,SMB,PLG,4568.09,6.8,2024-01-09,Rian de Groot,False,0,True
deal,2024-Q1,Adoption,Renewal,,,D-00111,ClearLogistics Group,SMB,PLG,4568.09,26.3,2024-01-15,Rian de Groot,False,0,True
deal,2024-Q1,Renewal,Expansion,,,D-00111,ClearLogistics Group,SMB,PLG,4568.09,19.6,2024-02-10,Rian de Groot,False,0,True
deal,2024-Q1,Expansion,,,,D-00111,ClearLogistics Group,SMB,PLG,4568.09,36.4,2024-02-29,Rian de Groot,False,962.93,True
deal,2024-Q1,Selection,Commit,,,D-00112,NovaLogistics Ltd.,SMB,PLG,4717.86,4.8,2024-01-01,Declan Byrne,False,0,True
deal,2024-Q1,Commit,Onboarding,,,D-00112,NovaLogistics Ltd.,SMB,PLG,4717.86,2.5,2024-01-05,Declan Byrne,False,0,True
deal,2024-Q1,Onboarding,Adoption,,,D-00112,NovaLogistics Ltd.,SMB,PLG,4717.86,13.2,2024-01-07,Declan Byrne,False,0,True
deal,2024-Q1,Adoption,Renewal,,,D-00112,NovaLogistics Ltd.,SMB,PLG,4717.86,77.3,2024-01-20,Declan Byrne,False,0,True
deal,2024-Q1,Renewal,,,,D-00112,NovaLogistics Ltd.,SMB,PLG,4717.86,30.8,2024-04-06,Declan Byrne,True,0,True
deal,2024-Q1,Selection,,,,D-00113,VantageDynamics Ltd.,SMB,PLG,5577.93,5.0,2024-01-01,Amara Okafor,False,0,True
deal,2024-Q1,Selection,,,,D-00114,BrightSystems & Co.,SMB,Sales-led,8067.48,7.8,2024-01-01,Declan Byrne,False,0,
deal,2024-Q1,Selection,,,,D-00115,MeridianAnalytics Group,SMB,PLG,4320.49,8.0,2024-01-01,Ben Sorensen,False,0,True
deal,2024-Q1,Selection,,,,D-00116,SolsticeFinance & Co.,SMB,PLG,2044.37,3.7,2024-01-01,Yuki Tanaka,False,0,False
deal,2024-Q1,Selection,Commit,,,D-00117,HarborMetrics & Co.,SMB,PLG,4082.81,7.1,2024-01-01,Aisling Kelly,False,0,False
deal,2024-Q1,Commit,Onboarding,,,D-00117,HarborMetrics & Co.,SMB,PLG,4082.81,2.8,2024-01-08,Aisling Kelly,False,0,False
deal,2024-Q1,Onboarding,Adoption,,,D-00117,HarborMetrics & Co.,SMB,PLG,4082.81,14.9,2024-01-10,Aisling Kelly,False,0,False
deal,2024-Q1,Adoption,Renewal,,,D-00117,HarborMetrics & Co.,SMB,PLG,4082.81,68.3,2024-01-24,Aisling Kelly,False,0,False
deal,2024-Q1,Renewal,Expansion,,,D-00117,HarborMetrics & Co.,SMB,PLG,4082.81,23.6,2024-04-01,Aisling Kelly,False,0,False
deal,2024-Q1,Expansion,,,,D-00117,HarborMetrics & Co.,SMB,PLG,4082.81,23.4,2024-04-24,Aisling Kelly,False,1038.73,False
deal,2024-Q1,Selection,,,,D-00118,VantageHealth Inc.,SMB,Sales-led,7360.9,5.0,2024-01-01,Sofia Marchetti,False,0,
deal,2024-Q1,Selection,Commit,,,D-00119,LucidCommerce Ltd.,SMB,PLG,1543.12,8.8,2024-01-01,Aisling Kelly,False,0,True
deal,2024-Q1,Commit,Onboarding,,,D-00119,LucidCommerce Ltd.,SMB,PLG,1543.12,2.2,2024-01-09,Aisling Kelly,False,0,True
deal,2024-Q1,Onboarding,Adoption,,,D-00119,LucidCommerce Ltd.,SMB,PLG,1543.12,7.1,2024-01-11,Aisling Kelly,False,0,True
deal,2024-Q1,Adoption,Renewal,,,D-00119,LucidCommerce Ltd.,SMB,PLG,1543.12,45.8,2024-01-18,Aisling Kelly,False,0,True
deal,2024-Q1,Renewal,Expansion,,,D-00119,LucidCommerce Ltd.,SMB,PLG,1543.12,26.4,2024-03-03,Aisling Kelly,False,0,True
deal,2024-Q1,Expansion,,,,D-00119,LucidCommerce Ltd.,SMB,PLG,1543.12,26.3,2024-03-29,Aisling Kelly,False,334.24,True
deal,2024-Q1,Selection,,,,D-00120,LucidLogistics B.V.,SMB,Sales-led,11030.06,10.7,2024-01-01,Ben Sorensen,False,0,
deal,2024-Q1,Selection,,,,D-00121,AmberWorks Inc.,SMB,PLG,5892.24,3.6,2024-01-01,Ben Sorensen,False,0,False
deal,2024-Q1,Selection,Commit,,,D-00122,NorthernMetrics Inc.,SMB,Sales-led,10497.65,9.0,2024-01-01,Noor Haddad,False,0,
deal,2024-Q1,Commit,Onboarding,,,D-00122,NorthernMetrics Inc.,SMB,Sales-led,10497.65,2.5,2024-01-10,Noor Haddad,False,0,
deal,2024-Q1,Onboarding,Adoption,,,D-00122,NorthernMetrics Inc.,SMB,Sales-led,10497.65,10.2,2024-01-12,Noor Haddad,False,0,
deal,2024-Q1,Adoption,Renewal,,,D-00122,NorthernMetrics Inc.,SMB,Sales-led,10497.65,37.4,2024-01-22,Noor Haddad,False,0,
deal,2024-Q1,Renewal,Expansion,,,D-00122,NorthernMetrics Inc.,SMB,Sales-led,10497.65,26.6,2024-02-28,Noor Haddad,False,0,
deal,2024-Q1,Expansion,,,,D-00122,NorthernMetrics Inc.,SMB,Sales-led,10497.65,32.7,2024-03-25,Noor Haddad,False,3005.27,
deal,2024-Q1,Selection,,,,D-00123,CedarSolutions Inc.,SMB,PLG,1842.91,11.1,2024-01-01,Callum Reid,False,0,False
deal,2024-Q1,Selection,,,,D-00124,SwiftSolutions GmbH,SMB,PLG,4352.71,5.2,2024-01-01,Priya Natarajan,False,0,True
deal,2024-Q1,Selection,Commit,,,D-00125,NovaAnalytics Group,SMB,PLG,4823.5,8.1,2024-01-01,Declan Byrne,False,0,False
deal,2024-Q1,Commit,Onboarding,,,D-00125,NovaAnalytics Group,SMB,PLG,4823.5,1.5,2024-01-09,Declan Byrne,False,0,False
deal,2024-Q1,Onboarding,Adoption,,,D-00125,NovaAnalytics Group,SMB,PLG,4823.5,8.8,2024-01-10,Declan Byrne,False,0,False
deal,2024-Q1,Adoption,Renewal,,,D-00125,NovaAnalytics Group,SMB,PLG,4823.5,151.0,2024-01-18,Declan Byrne,False,0,False
deal,2024-Q1,Renewal,Expansion,,,D-00125,NovaAnalytics Group,SMB,PLG,4823.5,12.2,2024-06-17,Declan Byrne,False,0,False
deal,2024-Q1,Expansion,,,,D-00125,NovaAnalytics Group,SMB,PLG,4823.5,17.4,2024-06-29,Declan Byrne,False,0.0,False
deal,2024-Q1,Selection,,,,D-00126,AmberSolutions B.V.,SMB,PLG,6287.03,5.7,2024-01-01,Marcus Webb,False,0,True
deal,2024-Q1,Selection,,,,D-00127,BlueSignal B.V.,SMB,Sales-led,11387.41,5.2,2024-01-01,Aisling Kelly,False,0,
deal,2024-Q1,Selection,,,,D-00128,LucidMetrics Inc.,SMB,Sales-led,7912.95,11.2,2024-01-01,Rian de Groot,False,0,
deal,2024-Q1,Selection,,,,D-00129,BoldMetrics & Co.,SMB,PLG,4561.32,4.9,2024-01-01,Priya Natarajan,False,0,True
deal,2024-Q1,Selection,,,,D-00130,MeridianSystems Ltd.,SMB,Sales-led,8906.68,5.1,2024-01-01,Callum Reid,False,0,
deal,2024-Q1,Selection,Commit,,,D-00131,BoldCommerce Group,SMB,PLG,4444.46,2.8,2024-01-01,Yuki Tanaka,False,0,True
deal,2024-Q1,Commit,Onboarding,,,D-00131,BoldCommerce Group,SMB,PLG,4444.46,1.7,2024-01-03,Yuki Tanaka,False,0,True
deal,2024-Q1,Onboarding,Adoption,,,D-00131,BoldCommerce Group,SMB,PLG,4444.46,8.8,2024-01-04,Yuki Tanaka,False,0,True
deal,2024-Q1,Adoption,Renewal,,,D-00131,BoldCommerce Group,SMB,PLG,4444.46,40.0,2024-01-12,Yuki Tanaka,False,0,True
deal,2024-Q1,Renewal,Expansion,,,D-00131,BoldCommerce Group,SMB,PLG,4444.46,23.6,2024-02-21,Yuki Tanaka,False,0,True
deal,2024-Q1,Expansion,,,,D-00131,BoldCommerce Group,SMB,PLG,4444.46,35.9,2024-03-15,Yuki Tanaka,False,923.73,True
deal,2024-Q1,Selection,,,,D-00132,SilverMetrics Ltd.,SMB,Sales-led,3556.12,7.4,2024-01-01,Marcus Webb,False,0,
deal,2024-Q1,Selection,Commit,,,D-00133,NovaLogistics Inc.,SMB,PLG,9355.47,4.9,2024-01-01,Ingrid Johansson,False,0,True
deal,2024-Q1,Commit,Onboarding,,,D-00133,NovaLogistics Inc.,SMB,PLG,9355.47,2.8,2024-01-05,Ingrid Johansson,False,0,True
deal,2024-Q1,Onboarding,Adoption,,,D-00133,NovaLogistics Inc.,SMB,PLG,9355.47,10.4,2024-01-07,Ingrid Johansson,False,0,True
deal,2024-Q1,Adoption,Renewal,,,D-00133,NovaLogistics Inc.,SMB,PLG,9355.47,25.9,2024-01-17,Ingrid Johansson,False,0,True
deal,2024-Q1,Renewal,Expansion,,,D-00133,NovaLogistics Inc.,SMB,PLG,9355.47,12.7,2024-02-11,Ingrid Johansson,False,0,True
deal,2024-Q1,Expansion,,,,D-00133,NovaLogistics Inc.,SMB,PLG,9355.47,27.1,2024-02-23,Ingrid Johansson,False,0.0,True
deal,2024-Q1,Selection,Commit,,,D-00134,HarborAnalytics B.V.,SMB,Sales-led,3481.24,6.3,2024-01-01,Marcus Webb,False,0,
deal,2024-Q1,Commit,Onboarding,,,D-00134,HarborAnalytics B.V.,SMB,Sales-led,3481.24,2.8,2024-01-07,Marcus Webb,False,0,
deal,2024-Q1,Onboarding,Adoption,,,D-00134,HarborAnalytics B.V.,SMB,Sales-led,3481.24,13.0,2024-01-09,Marcus Webb,False,0,
deal,2024-Q1,Adoption,Renewal,,,D-00134,HarborAnalytics B.V.,SMB,Sales-led,3481.24,72.7,2024-01-22,Marcus Webb,False,0,
deal,2024-Q1,Renewal,Expansion,,,D-00134,HarborAnalytics B.V.,SMB,Sales-led,3481.24,9.6,2024-04-03,Marcus Webb,False,0,
deal,2024-Q1,Expansion,,,,D-00134,HarborAnalytics B.V.,SMB,Sales-led,3481.24,15.1,2024-04-12,Marcus Webb,False,521.62,
deal,2024-Q1,Selection,,,,D-00135,BoldData Inc.,SMB,PLG,4377.12,8.6,2024-01-01,Tariq Aziz,False,0,False
deal,2024-Q1,Selection,,,,D-00136,NovaSystems Inc.,SMB,PLG,3010.67,4.2,2024-01-01,Aisling Kelly,False,0,False
deal,2024-Q1,Selection,,,,D-00137,HarborData Ltd.,SMB,PLG,5018.7,5.2,2024-01-01,Noor Haddad,False,0,False
deal,2024-Q1,Selection,Commit,,,D-00138,RapidLogistics Group,SMB,PLG,3089.14,9.7,2024-01-01,Aisling Kelly,False,0,True
deal,2024-Q1,Commit,Onboarding,,,D-00138,RapidLogistics Group,SMB,PLG,3089.14,2.5,2024-01-10,Aisling Kelly,False,0,True
deal,2024-Q1,Onboarding,Adoption,,,D-00138,RapidLogistics Group,SMB,PLG,3089.14,9.8,2024-01-12,Aisling Kelly,False,0,True
deal,2024-Q1,Adoption,Renewal,,,D-00138,RapidLogistics Group,SMB,PLG,3089.14,96.5,2024-01-21,Aisling Kelly,False,0,True
deal,2024-Q1,Renewal,Expansion,,,D-00138,RapidLogistics Group,SMB,PLG,3089.14,19.9,2024-04-26,Aisling Kelly,False,0,True
deal,2024-Q1,Expansion,,,,D-00138,RapidLogistics Group,SMB,PLG,3089.14,27.2,2024-05-15,Aisling Kelly,False,0.0,True
deal,2024-Q1,Selection,,,,D-00139,CedarSignal Group,SMB,PLG,2777.39,5.1,2024-01-01,Priya Natarajan,False,0,False
deal,2024-Q1,Selection,Commit,,,D-00140,ClearLabs B.V.,SMB,PLG,3480.06,2.9,2024-01-01,Fatima Zahra,False,0,True
deal,2024-Q1,Commit,Onboarding,,,D-00140,ClearLabs B.V.,SMB,PLG,3480.06,2.3,2024-01-03,Fatima Zahra,False,0,True
deal,2024-Q1,Onboarding,Adoption,,,D-00140,ClearLabs B.V.,SMB,PLG,3480.06,5.4,2024-01-05,Fatima Zahra,False,0,True
deal,2024-Q1,Adoption,,,,D-00140,ClearLabs B.V.,SMB,PLG,3480.06,84.4,2024-01-10,Fatima Zahra,True,0,True
deal,2024-Q1,Selection,Commit,,,D-00141,ClearHealth Inc.,SMB,PLG,4394.76,3.2,2024-01-01,Sofia Marchetti,False,0,True
deal,2024-Q1,Commit,Onboarding,,,D-00141,ClearHealth Inc.,SMB,PLG,4394.76,3.0,2024-01-04,Sofia Marchetti,False,0,True
deal,2024-Q1,Onboarding,Adoption,,,D-00141,ClearHealth Inc.,SMB,PLG,4394.76,9.1,2024-01-07,Sofia Marchetti,False,0,True
deal,2024-Q1,Adoption,Renewal,,,D-00141,ClearHealth Inc.,SMB,PLG,4394.76,23.7,2024-01-16,Sofia Marchetti,False,0,True
deal,2024-Q1,Renewal,Expansion,,,D-00141,ClearHealth Inc.,SMB,PLG,4394.76,18.7,2024-02-08,Sofia Marchetti,False,0,True
deal,2024-Q1,Expansion,,,,D-00141,ClearHealth Inc.,SMB,PLG,4394.76,25.6,2024-02-26,Sofia Marchetti,False,0.0,True
deal,2024-Q1,Selection,,,,D-00142,MeridianAnalytics B.V.,SMB,PLG,2330.95,5.5,2024-01-01,Yuki Tanaka,False,0,False
deal,2024-Q1,Selection,Commit,,,D-00143,KestrelRobotics & Co.,SMB,PLG,3888.48,8.7,2024-01-01,Noor Haddad,False,0,True
deal,2024-Q1,Commit,Onboarding,,,D-00143,KestrelRobotics & Co.,SMB,PLG,3888.48,2.7,2024-01-09,Noor Haddad,False,0,True
deal,2024-Q1,Onboarding,Adoption,,,D-00143,KestrelRobotics & Co.,SMB,PLG,3888.48,3.6,2024-01-11,Noor Haddad,False,0,True
deal,2024-Q1,Adoption,Renewal,,,D-00143,KestrelRobotics & Co.,SMB,PLG,3888.48,52.9,2024-01-14,Noor Haddad,False,0,True
deal,2024-Q1,Renewal,Expansion,,,D-00143,KestrelRobotics & Co.,SMB,PLG,3888.48,12.6,2024-03-06,Noor Haddad,False,0,True
deal,2024-Q1,Expansion,,,,D-00143,KestrelRobotics & Co.,SMB,PLG,3888.48,22.8,2024-03-18,Noor Haddad,False,888.11,True
deal,2024-Q1,Selection,,,,D-00144,HarborCommerce Ltd.,SMB,PLG,7871.37,12.1,2024-01-01,Noor Haddad,False,0,False
deal,2024-Q1,Selection,,,,D-00145,AmberLabs Ltd.,SMB,PLG,4147.41,6.4,2024-01-01,Aisling Kelly,False,0,False
deal,2024-Q1,Selection,,,,D-00146,NovaAnalytics GmbH,SMB,Sales-led,12096.97,6.1,2024-01-01,Rian de Groot,False,0,
deal,2024-Q1,Selection,,,,D-00147,BoldCommerce Inc.,SMB,PLG,2555.11,4.5,2024-01-01,Priya Natarajan,False,0,False
deal,2024-Q1,Selection,,,,D-00148,SolsticeCommerce Group,SMB,Sales-led,12171.65,10.6,2024-01-01,Noor Haddad,False,0,
deal,2024-Q1,Selection,,,,D-00149,SwiftStudio Ltd.,SMB,Sales-led,7827.15,28.3,2024-01-01,Liam Fitzgerald,False,0,
deal,2024-Q1,Selection,,,,D-00150,SolsticeDynamics Inc.,SMB,PLG,1717.36,4.0,2024-01-01,Ben Sorensen,False,0,True
deal,2024-Q1,Selection,Commit,,,D-00151,MeridianFinance Ltd.,SMB,Sales-led,5871.51,7.1,2024-01-01,Tariq Aziz,False,0,
deal,2024-Q1,Commit,Onboarding,,,D-00151,MeridianFinance Ltd.,SMB,Sales-led,5871.51,3.2,2024-01-08,Tariq Aziz,False,0,
deal,2024-Q1,Onboarding,Adoption,,,D-00151,MeridianFinance Ltd.,SMB,Sales-led,5871.51,15.9,2024-01-11,Tariq Aziz,False,0,
deal,2024-Q1,Adoption,Renewal,,,D-00151,MeridianFinance Ltd.,SMB,Sales-led,5871.51,71.6,2024-01-26,Tariq Aziz,False,0,
deal,2024-Q1,Renewal,Expansion,,,D-00151,MeridianFinance Ltd.,SMB,Sales-led,5871.51,24.0,2024-04-06,Tariq Aziz,False,0,
deal,2024-Q1,Expansion,,,,D-00151,MeridianFinance Ltd.,SMB,Sales-led,5871.51,31.1,2024-04-30,Tariq Aziz,False,0.0,
deal,2024-Q1,Selection,,,,D-00152,SilverMetrics Ltd.,SMB,PLG,6625.98,6.1,2024-01-01,Ingrid Johansson,False,0,False
deal,2024-Q1,Selection,,,,D-00153,BrightCommerce Ltd.,SMB,Sales-led,15624.4,11.4,2024-01-01,Tariq Aziz,False,0,
deal,2024-Q1,Selection,,,,D-00154,BlueLabs & Co.,SMB,PLG,1544.51,4.0,2024-01-01,Amara Okafor,False,0,False
deal,2024-Q1,Selection,,,,D-00155,HarborData Group,SMB,Sales-led,8119.41,16.0,2024-01-01,Noor Haddad,False,0,
deal,2024-Q1,Selection,,,,D-00156,BrightCloud Ltd.,SMB,PLG,1781.99,4.7,2024-01-01,Aisling Kelly,False,0,False
deal,2024-Q1,Selection,,,,D-00157,SwiftData GmbH,SMB,PLG,3039.92,3.6,2024-01-01,Rian de Groot,False,0,True
deal,2024-Q1,Selection,Commit,,,D-00158,CedarSignal Ltd.,SMB,PLG,3408.73,7.1,2024-01-01,Ben Sorensen,False,0,True
deal,2024-Q1,Commit,Onboarding,,,D-00158,CedarSignal Ltd.,SMB,PLG,3408.73,3.2,2024-01-08,Ben Sorensen,False,0,True
deal,2024-Q1,Onboarding,Adoption,,,D-00158,CedarSignal Ltd.,SMB,PLG,3408.73,5.7,2024-01-11,Ben Sorensen,False,0,True
deal,2024-Q1,Adoption,Renewal,,,D-00158,CedarSignal Ltd.,SMB,PLG,3408.73,32.3,2024-01-16,Ben Sorensen,False,0,True
deal,2024-Q1,Renewal,Expansion,,,D-00158,CedarSignal Ltd.,SMB,PLG,3408.73,9.1,2024-02-17,Ben Sorensen,False,0,True
deal,2024-Q1,Expansion,,,,D-00158,CedarSignal Ltd.,SMB,PLG,3408.73,22.7,2024-02-26,Ben Sorensen,False,0.0,True
deal,2024-Q1,Selection,Commit,,,D-00159,MeridianWorks B.V.,SMB,PLG,2249.95,5.4,2024-01-01,Tariq Aziz,False,0,True
deal,2024-Q1,Commit,Onboarding,,,D-00159,MeridianWorks B.V.,SMB,PLG,2249.95,2.5,2024-01-06,Tariq Aziz,False,0,True
deal,2024-Q1,Onboarding,Adoption,,,D-00159,MeridianWorks B.V.,SMB,PLG,2249.95,7.5,2024-01-08,Tariq Aziz,False,0,True
deal,2024-Q1,Adoption,Renewal,,,D-00159,MeridianWorks B.V.,SMB,PLG,2249.95,57.9,2024-01-15,Tariq Aziz,False,0,True
deal,2024-Q1,Renewal,Expansion,,,D-00159,MeridianWorks B.V.,SMB,PLG,2249.95,62.2,2024-03-12,Tariq Aziz,False,0,True
deal,2024-Q1,Expansion,,,,D-00159,MeridianWorks B.V.,SMB,PLG,2249.95,43.0,2024-05-13,Tariq Aziz,False,505.65,True
deal,2024-Q1,Selection,Commit,,,D-00160,SwiftWorks GmbH,SMB,PLG,4307.83,3.5,2024-01-01,Rian de Groot,False,0,True
deal,2024-Q1,Commit,Onboarding,,,D-00160,SwiftWorks GmbH,SMB,PLG,4307.83,4.1,2024-01-04,Rian de Groot,False,0,True
deal,2024-Q1,Onboarding,Adoption,,,D-00160,SwiftWorks GmbH,SMB,PLG,4307.83,7.8,2024-01-08,Rian de Groot,False,0,True
deal,2024-Q1,Adoption,Renewal,,,D-00160,SwiftWorks GmbH,SMB,PLG,4307.83,32.5,2024-01-15,Rian de Groot,False,0,True
deal,2024-Q1,Renewal,Expansion,,,D-00160,SwiftWorks GmbH,SMB,PLG,4307.83,14.9,2024-02-16,Rian de Groot,False,0,True
deal,2024-Q1,Expansion,,,,D-00160,SwiftWorks GmbH,SMB,PLG,4307.83,26.8,2024-03-01,Rian de Groot,False,0.0,True
deal,2024-Q1,Selection,,,,D-00161,PrimeStudio Group,SMB,Sales-led,17995.63,15.1,2024-01-01,Tariq Aziz,False,0,
deal,2024-Q1,Selection,,,,D-00162,HarborData Inc.,SMB,Sales-led,4059.03,7.5,2024-01-01,Fatima Zahra,False,0,
deal,2024-Q2,Selection,,,,D-00163,BoldLogistics B.V.,SMB,Sales-led,6085.64,9.2,2024-04-01,Fatima Zahra,False,0,
deal,2024-Q2,Selection,,,,D-00164,NorthernSignal Ltd.,SMB,PLG,4275.61,5.1,2024-04-01,Priya Natarajan,False,0,False
deal,2024-Q2,Selection,Commit,,,D-00165,BlueLogistics GmbH,SMB,PLG,3491.59,7.0,2024-04-01,Aisling Kelly,False,0,False
deal,2024-Q2,Commit,Onboarding,,,D-00165,BlueLogistics GmbH,SMB,PLG,3491.59,2.0,2024-04-08,Aisling Kelly,False,0,False
deal,2024-Q2,Onboarding,Adoption,,,D-00165,BlueLogistics GmbH,SMB,PLG,3491.59,4.3,2024-04-10,Aisling Kelly,False,0,False
deal,2024-Q2,Adoption,Renewal,,,D-00165,BlueLogistics GmbH,SMB,PLG,3491.59,24.0,2024-04-14,Aisling Kelly,False,0,False
deal,2024-Q2,Renewal,Expansion,,,D-00165,BlueLogistics GmbH,SMB,PLG,3491.59,28.1,2024-05-08,Aisling Kelly,False,0,False
deal,2024-Q2,Expansion,,,,D-00165,BlueLogistics GmbH,SMB,PLG,3491.59,13.6,2024-06-05,Aisling Kelly,False,0.0,False
deal,2024-Q2,Selection,Commit,,,D-00166,BoldHealth Inc.,SMB,PLG,6131.56,3.0,2024-04-01,Yuki Tanaka,False,0,False
deal,2024-Q2,Commit,Onboarding,,,D-00166,BoldHealth Inc.,SMB,PLG,6131.56,0.8,2024-04-04,Yuki Tanaka,False,0,False
deal,2024-Q2,Onboarding,Adoption,,,D-00166,BoldHealth Inc.,SMB,PLG,6131.56,8.7,2024-04-04,Yuki Tanaka,False,0,False
deal,2024-Q2,Adoption,Renewal,,,D-00166,BoldHealth Inc.,SMB,PLG,6131.56,47.5,2024-04-12,Yuki Tanaka,False,0,False
deal,2024-Q2,Renewal,Expansion,,,D-00166,BoldHealth Inc.,SMB,PLG,6131.56,24.2,2024-05-29,Yuki Tanaka,False,0,False
deal,2024-Q2,Expansion,,,,D-00166,BoldHealth Inc.,SMB,PLG,6131.56,41.2,2024-06-22,Yuki Tanaka,False,1224.66,False
deal,2024-Q2,Selection,,,,D-00167,SolsticeDynamics Ltd.,SMB,Sales-led,6232.33,5.7,2024-04-01,Callum Reid,False,0,
deal,2024-Q2,Selection,,,,D-00168,VantageDynamics Ltd.,SMB,PLG,2276.76,11.3,2024-04-01,Priya Natarajan,False,0,False
deal,2024-Q2,Selection,,,,D-00169,BrightLogistics Group,SMB,PLG,5170.48,5.6,2024-04-01,Fatima Zahra,False,0,True
deal,2024-Q2,Selection,,,,D-00170,BlueAnalytics B.V.,SMB,Sales-led,5840.56,3.3,2024-04-01,Sofia Marchetti,False,0,
deal,2024-Q2,Selection,,,,D-00171,SolsticeDynamics Group,SMB,PLG,5094.67,4.0,2024-04-01,Liam Fitzgerald,False,0,False
deal,2024-Q2,Selection,,,,D-00172,KestrelLabs & Co.,SMB,PLG,1634.17,2.3,2024-04-01,Priya Natarajan,False,0,False
deal,2024-Q2,Selection,Commit,,,D-00173,RapidDynamics & Co.,SMB,Sales-led,9373.6,10.1,2024-04-01,Marcus Webb,False,0,
deal,2024-Q2,Commit,Onboarding,,,D-00173,RapidDynamics & Co.,SMB,Sales-led,9373.6,2.1,2024-04-11,Marcus Webb,False,0,
deal,2024-Q2,Onboarding,Adoption,,,D-00173,RapidDynamics & Co.,SMB,Sales-led,9373.6,16.2,2024-04-13,Marcus Webb,False,0,
deal,2024-Q2,Adoption,,,,D-00173,RapidDynamics & Co.,SMB,Sales-led,9373.6,14.5,2024-04-29,Marcus Webb,True,0,
deal,2024-Q2,Selection,,,,D-00174,BrightWorks & Co.,SMB,Sales-led,9961.27,6.9,2024-04-01,Elena Petrova,False,0,
deal,2024-Q2,Selection,,,,D-00175,PrimeCommerce B.V.,SMB,PLG,2247.83,7.8,2024-04-01,Fatima Zahra,False,0,False
deal,2024-Q2,Selection,,,,D-00176,PrimeSignal B.V.,SMB,PLG,3519.36,4.9,2024-04-01,Rian de Groot,False,0,False
deal,2024-Q2,Selection,,,,D-00177,LucidData Group,SMB,PLG,3722.41,5.1,2024-04-01,Amara Okafor,False,0,False
deal,2024-Q2,Selection,,,,D-00178,VantageCommerce GmbH,SMB,Sales-led,8551.53,7.1,2024-04-01,Rian de Groot,False,0,
deal,2024-Q2,Selection,,,,D-00179,NovaHealth Inc.,SMB,PLG,4912.22,7.5,2024-04-01,Declan Byrne,False,0,False
deal,2024-Q2,Selection,Commit,,,D-00180,NovaRobotics GmbH,SMB,Sales-led,16307.87,8.1,2024-04-01,Priya Natarajan,False,0,
deal,2024-Q2,Commit,Onboarding,,,D-00180,NovaRobotics GmbH,SMB,Sales-led,16307.87,6.2,2024-04-09,Priya Natarajan,False,0,
deal,2024-Q2,Onboarding,Adoption,,,D-00180,NovaRobotics GmbH,SMB,Sales-led,16307.87,7.9,2024-04-15,Priya Natarajan,False,0,
deal,2024-Q2,Adoption,Renewal,,,D-00180,NovaRobotics GmbH,SMB,Sales-led,16307.87,35.8,2024-04-22,Priya Natarajan,False,0,
deal,2024-Q2,Renewal,Expansion,,,D-00180,NovaRobotics GmbH,SMB,Sales-led,16307.87,47.5,2024-05-27,Priya Natarajan,False,0,
deal,2024-Q2,Expansion,,,,D-00180,NovaRobotics GmbH,SMB,Sales-led,16307.87,51.2,2024-07-13,Priya Natarajan,False,0.0,
deal,2024-Q2,Selection,,,,D-00181,SwiftLogistics Group,SMB,Sales-led,11237.53,12.9,2024-04-01,Fatima Zahra,False,0,
deal,2024-Q2,Selection,,,,D-00182,PrimeRobotics Inc.,SMB,Sales-led,12209.09,8.5,2024-04-01,Elena Petrova,False,0,
deal,2024-Q2,Selection,,,,D-00183,KestrelCloud Ltd.,SMB,Sales-led,17716.41,7.5,2024-04-01,Elena Petrova,False,0,
deal,2024-Q2,Selection,,,,D-00184,MeridianLogistics Ltd.,SMB,PLG,3705.57,6.7,2024-04-01,Ben Sorensen,False,0,False
deal,2024-Q2,Selection,Commit,,,D-00185,VantageSignal B.V.,SMB,PLG,3409.49,6.3,2024-04-01,Ingrid Johansson,False,0,True
deal,2024-Q2,Commit,Onboarding,,,D-00185,VantageSignal B.V.,SMB,PLG,3409.49,1.9,2024-04-07,Ingrid Johansson,False,0,True
deal,2024-Q2,Onboarding,Adoption,,,D-00185,VantageSignal B.V.,SMB,PLG,3409.49,25.9,2024-04-08,Ingrid Johansson,False,0,True
deal,2024-Q2,Adoption,Renewal,,,D-00185,VantageSignal B.V.,SMB,PLG,3409.49,70.7,2024-05-03,Ingrid Johansson,False,0,True
deal,2024-Q2,Renewal,Expansion,,,D-00185,VantageSignal B.V.,SMB,PLG,3409.49,18.2,2024-07-12,Ingrid Johansson,False,0,True
deal,2024-Q2,Expansion,,,,D-00185,VantageSignal B.V.,SMB,PLG,3409.49,34.7,2024-07-30,Ingrid Johansson,False,951.51,True
deal,2024-Q2,Selection,,,,D-00186,RapidLogistics Inc.,SMB,Sales-led,4977.23,5.0,2024-04-01,Rian de Groot,False,0,
deal,2024-Q2,Selection,Commit,,,D-00187,VantageLogistics GmbH,SMB,Sales-led,8941.56,6.3,2024-04-01,Elena Petrova,False,0,
deal,2024-Q2,Commit,Onboarding,,,D-00187,VantageLogistics GmbH,SMB,Sales-led,8941.56,4.2,2024-04-07,Elena Petrova,False,0,
deal,2024-Q2,Onboarding,Adoption,,,D-00187,VantageLogistics GmbH,SMB,Sales-led,8941.56,9.8,2024-04-11,Elena Petrova,False,0,
deal,2024-Q2,Adoption,Renewal,,,D-00187,VantageLogistics GmbH,SMB,Sales-led,8941.56,34.6,2024-04-20,Elena Petrova,False,0,
deal,2024-Q2,Renewal,Expansion,,,D-00187,VantageLogistics GmbH,SMB,Sales-led,8941.56,26.8,2024-05-24,Elena Petrova,False,0,
deal,2024-Q2,Expansion,,,,D-00187,VantageLogistics GmbH,SMB,Sales-led,8941.56,13.7,2024-06-19,Elena Petrova,False,1055.49,
deal,2024-Q2,Selection,Commit,,,D-00188,RapidFinance B.V.,SMB,Sales-led,13276.81,11.1,2024-04-01,Aisling Kelly,False,0,
deal,2024-Q2,Commit,Onboarding,,,D-00188,RapidFinance B.V.,SMB,Sales-led,13276.81,4.6,2024-04-12,Aisling Kelly,False,0,
deal,2024-Q2,Onboarding,Adoption,,,D-00188,RapidFinance B.V.,SMB,Sales-led,13276.81,13.5,2024-04-16,Aisling Kelly,False,0,
deal,2024-Q2,Adoption,Renewal,,,D-00188,RapidFinance B.V.,SMB,Sales-led,13276.81,52.8,2024-04-29,Aisling Kelly,False,0,
deal,2024-Q2,Renewal,Expansion,,,D-00188,RapidFinance B.V.,SMB,Sales-led,13276.81,17.6,2024-06-20,Aisling Kelly,False,0,
deal,2024-Q2,Expansion,,,,D-00188,RapidFinance B.V.,SMB,Sales-led,13276.81,32.7,2024-07-07,Aisling Kelly,False,1514.55,
deal,2024-Q2,Selection,Commit,,,D-00189,SilverSolutions & Co.,SMB,Sales-led,7672.99,8.2,2024-04-01,Callum Reid,False,0,
deal,2024-Q2,Commit,Onboarding,,,D-00189,SilverSolutions & Co.,SMB,Sales-led,7672.99,8.0,2024-04-09,Callum Reid,False,0,
deal,2024-Q2,Onboarding,Adoption,,,D-00189,SilverSolutions & Co.,SMB,Sales-led,7672.99,6.2,2024-04-17,Callum Reid,False,0,
deal,2024-Q2,Adoption,Renewal,,,D-00189,SilverSolutions & Co.,SMB,Sales-led,7672.99,61.2,2024-04-23,Callum Reid,False,0,
deal,2024-Q2,Renewal,Expansion,,,D-00189,SilverSolutions & Co.,SMB,Sales-led,7672.99,36.9,2024-06-23,Callum Reid,False,0,
deal,2024-Q2,Expansion,,,,D-00189,SilverSolutions & Co.,SMB,Sales-led,7672.99,23.2,2024-07-29,Callum Reid,False,1817.63,
deal,2024-Q2,Selection,Commit,,,D-00190,SilverFinance Ltd.,SMB,PLG,4491.48,6.2,2024-04-01,Elena Petrova,False,0,True
deal,2024-Q2,Commit,Onboarding,,,D-00190,SilverFinance Ltd.,SMB,PLG,4491.48,2.1,2024-04-07,Elena Petrova,False,0,True
deal,2024-Q2,Onboarding,Adoption,,,D-00190,SilverFinance Ltd.,SMB,PLG,4491.48,11.8,2024-04-09,Elena Petrova,False,0,True
deal,2024-Q2,Adoption,Renewal,,,D-00190,SilverFinance Ltd.,SMB,PLG,4491.48,26.5,2024-04-20,Elena Petrova,False,0,True
deal,2024-Q2,Renewal,,,,D-00190,SilverFinance Ltd.,SMB,PLG,4491.48,26.6,2024-05-16,Elena Petrova,True,0,True
deal,2024-Q2,Selection,Commit,,,D-00191,NorthernFinance & Co.,SMB,PLG,3840.43,2.9,2024-04-01,Amara Okafor,False,0,True
deal,2024-Q2,Commit,Onboarding,,,D-00191,NorthernFinance & Co.,SMB,PLG,3840.43,4.0,2024-04-03,Amara Okafor,False,0,True
deal,2024-Q2,Onboarding,Adoption,,,D-00191,NorthernFinance & Co.,SMB,PLG,3840.43,4.6,2024-04-07,Amara Okafor,False,0,True
deal,2024-Q2,Adoption,Renewal,,,D-00191,NorthernFinance & Co.,SMB,PLG,3840.43,49.3,2024-04-11,Amara Okafor,False,0,True
deal,2024-Q2,Renewal,,,,D-00191,NorthernFinance & Co.,SMB,PLG,3840.43,9.9,2024-05-30,Amara Okafor,True,0,True
deal,2024-Q2,Selection,,,,D-00192,AmberDynamics Inc.,SMB,Sales-led,9058.08,5.9,2024-04-01,Noor Haddad,False,0,
deal,2024-Q2,Selection,Commit,,,D-00193,HarborSystems GmbH,SMB,PLG,3338.68,4.6,2024-04-01,Amara Okafor,False,0,True
deal,2024-Q2,Commit,Onboarding,,,D-00193,HarborSystems GmbH,SMB,PLG,3338.68,2.4,2024-04-05,Amara Okafor,False,0,True
deal,2024-Q2,Onboarding,Adoption,,,D-00193,HarborSystems GmbH,SMB,PLG,3338.68,11.7,2024-04-07,Amara Okafor,False,0,True
deal,2024-Q2,Adoption,Renewal,,,D-00193,HarborSystems GmbH,SMB,PLG,3338.68,41.3,2024-04-18,Amara Okafor,False,0,True
deal,2024-Q2,Renewal,Expansion,,,D-00193,HarborSystems GmbH,SMB,PLG,3338.68,16.0,2024-05-29,Amara Okafor,False,0,True
deal,2024-Q2,Expansion,,,,D-00193,HarborSystems GmbH,SMB,PLG,3338.68,27.2,2024-06-14,Amara Okafor,False,0.0,True
deal,2024-Q2,Selection,,,,D-00194,AmberSignal GmbH,SMB,PLG,4429.59,6.9,2024-04-01,Aisling Kelly,False,0,True
deal,2024-Q2,Selection,,,,D-00195,BrightSystems Group,SMB,Sales-led,9405.71,23.6,2024-04-01,Amara Okafor,False,0,
deal,2024-Q2,Selection,Commit,,,D-00196,AmberSystems Group,SMB,Sales-led,5312.59,8.2,2024-04-01,Noor Haddad,False,0,
deal,2024-Q2,Commit,Onboarding,,,D-00196,AmberSystems Group,SMB,Sales-led,5312.59,3.0,2024-04-09,Noor Haddad,False,0,
deal,2024-Q2,Onboarding,Adoption,,,D-00196,AmberSystems Group,SMB,Sales-led,5312.59,20.3,2024-04-12,Noor Haddad,False,0,
deal,2024-Q2,Adoption,Renewal,,,D-00196,AmberSystems Group,SMB,Sales-led,5312.59,49.4,2024-05-02,Noor Haddad,False,0,
deal,2024-Q2,Renewal,Expansion,,,D-00196,AmberSystems Group,SMB,Sales-led,5312.59,18.2,2024-06-20,Noor Haddad,False,0,
deal,2024-Q2,Expansion,,,,D-00196,AmberSystems Group,SMB,Sales-led,5312.59,33.2,2024-07-08,Noor Haddad,False,0.0,
deal,2024-Q2,Selection,,,,D-00197,PrimeStudio GmbH,SMB,Sales-led,6833.57,7.6,2024-04-01,Marcus Webb,False,0,
deal,2024-Q2,Selection,,,,D-00198,SilverData & Co.,SMB,Sales-led,9316.2,8.4,2024-04-01,Yuki Tanaka,False,0,
deal,2024-Q2,Selection,Commit,,,D-00199,VantageSolutions Group,SMB,PLG,1387.61,2.6,2024-04-01,Callum Reid,False,0,True
deal,2024-Q2,Commit,Onboarding,,,D-00199,VantageSolutions Group,SMB,PLG,1387.61,2.1,2024-04-03,Callum Reid,False,0,True
deal,2024-Q2,Onboarding,Adoption,,,D-00199,VantageSolutions Group,SMB,PLG,1387.61,6.1,2024-04-05,Callum Reid,False,0,True
deal,2024-Q2,Adoption,Renewal,,,D-00199,VantageSolutions Group,SMB,PLG,1387.61,22.5,2024-04-11,Callum Reid,False,0,True
deal,2024-Q2,Renewal,Expansion,,,D-00199,VantageSolutions Group,SMB,PLG,1387.61,11.5,2024-05-03,Callum Reid,False,0,True
deal,2024-Q2,Expansion,,,,D-00199,VantageSolutions Group,SMB,PLG,1387.61,31.2,2024-05-14,Callum Reid,False,0.0,True
deal,2024-Q2,Selection,,,,D-00200,BoldLogistics GmbH,SMB,Sales-led,8219.04,12.3,2024-04-01,Tariq Aziz,False,0,
deal,2024-Q2,Selection,,,,D-00201,VantageStudio B.V.,SMB,Sales-led,9288.98,25.1,2024-04-01,Priya Natarajan,False,0,
deal,2024-Q2,Selection,,,,D-00202,BrightSignal Ltd.,SMB,PLG,5209.33,5.3,2024-04-01,Marcus Webb,False,0,True
deal,2024-Q2,Selection,,,,D-00203,SwiftDynamics GmbH,SMB,Sales-led,8204.84,8.8,2024-04-01,Liam Fitzgerald,False,0,
deal,2024-Q2,Selection,Commit,,,D-00204,LucidCommerce GmbH,SMB,Sales-led,7025.28,6.8,2024-04-01,Ben Sorensen,False,0,
deal,2024-Q2,Commit,Onboarding,,,D-00204,LucidCommerce GmbH,SMB,Sales-led,7025.28,2.3,2024-04-07,Ben Sorensen,False,0,
deal,2024-Q2,Onboarding,Adoption,,,D-00204,LucidCommerce GmbH,SMB,Sales-led,7025.28,13.3,2024-04-09,Ben Sorensen,False,0,
deal,2024-Q2,Adoption,Renewal,,,D-00204,LucidCommerce GmbH,SMB,Sales-led,7025.28,50.0,2024-04-22,Ben Sorensen,False,0,
deal,2024-Q2,Renewal,Expansion,,,D-00204,LucidCommerce GmbH,SMB,Sales-led,7025.28,43.3,2024-06-11,Ben Sorensen,False,0,
deal,2024-Q2,Expansion,,,,D-00204,LucidCommerce GmbH,SMB,Sales-led,7025.28,31.8,2024-07-24,Ben Sorensen,False,0.0,
deal,2024-Q2,Selection,,,,D-00205,BoldAnalytics Inc.,SMB,PLG,2074.42,7.7,2024-04-01,Ben Sorensen,False,0,False
deal,2024-Q2,Selection,,,,D-00206,LucidCommerce GmbH,SMB,PLG,2194.61,3.4,2024-04-01,Amara Okafor,False,0,False
deal,2024-Q2,Selection,Commit,,,D-00207,MeridianCommerce Inc.,SMB,PLG,11220.42,5.7,2024-04-01,Amara Okafor,False,0,False
deal,2024-Q2,Commit,Onboarding,,,D-00207,MeridianCommerce Inc.,SMB,PLG,11220.42,1.2,2024-04-06,Amara Okafor,False,0,False
deal,2024-Q2,Onboarding,Adoption,,,D-00207,MeridianCommerce Inc.,SMB,PLG,11220.42,8.4,2024-04-07,Amara Okafor,False,0,False
deal,2024-Q2,Adoption,Renewal,,,D-00207,MeridianCommerce Inc.,SMB,PLG,11220.42,50.7,2024-04-15,Amara Okafor,False,0,False
deal,2024-Q2,Renewal,Expansion,,,D-00207,MeridianCommerce Inc.,SMB,PLG,11220.42,18.8,2024-06-04,Amara Okafor,False,0,False
deal,2024-Q2,Expansion,,,,D-00207,MeridianCommerce Inc.,SMB,PLG,11220.42,36.1,2024-06-22,Amara Okafor,False,0.0,False
deal,2024-Q2,Selection,,,,D-00208,RapidHealth Ltd.,SMB,PLG,6041.37,9.6,2024-04-01,Sofia Marchetti,False,0,True
deal,2024-Q2,Selection,Commit,,,D-00209,BoldFinance & Co.,SMB,PLG,3822.61,3.1,2024-04-01,Liam Fitzgerald,False,0,True
deal,2024-Q2,Commit,Onboarding,,,D-00209,BoldFinance & Co.,SMB,PLG,3822.61,1.1,2024-04-04,Liam Fitzgerald,False,0,True
deal,2024-Q2,Onboarding,Adoption,,,D-00209,BoldFinance & Co.,SMB,PLG,3822.61,8.3,2024-04-05,Liam Fitzgerald,False,0,True
deal,2024-Q2,Adoption,Renewal,,,D-00209,BoldFinance & Co.,SMB,PLG,3822.61,37.8,2024-04-13,Liam Fitzgerald,False,0,True
deal,2024-Q2,Renewal,Expansion,,,D-00209,BoldFinance & Co.,SMB,PLG,3822.61,15.9,2024-05-20,Liam Fitzgerald,False,0,True
deal,2024-Q2,Expansion,,,,D-00209,BoldFinance & Co.,SMB,PLG,3822.61,40.2,2024-06-04,Liam Fitzgerald,False,0.0,True
deal,2024-Q2,Selection,,,,D-00210,KestrelLabs Inc.,SMB,Sales-led,12417.67,14.4,2024-04-01,Rian de Groot,False,0,
deal,2024-Q2,Selection,,,,D-00211,AmberCommerce Inc.,SMB,Sales-led,7041.96,12.6,2024-04-01,Noor Haddad,False,0,
deal,2024-Q2,Selection,,,,D-00212,SwiftRobotics Group,SMB,PLG,6173.3,4.0,2024-04-01,Noor Haddad,False,0,True
deal,2024-Q2,Selection,Commit,,,D-00213,SilverFinance Inc.,SMB,PLG,4363.63,2.5,2024-04-01,Rian de Groot,False,0,True
deal,2024-Q2,Commit,Onboarding,,,D-00213,SilverFinance Inc.,SMB,PLG,4363.63,2.4,2024-04-03,Rian de Groot,False,0,True
deal,2024-Q2,Onboarding,Adoption,,,D-00213,SilverFinance Inc.,SMB,PLG,4363.63,19.3,2024-04-05,Rian de Groot,False,0,True
deal,2024-Q2,Adoption,Renewal,,,D-00213,SilverFinance Inc.,SMB,PLG,4363.63,41.3,2024-04-24,Rian de Groot,False,0,True
deal,2024-Q2,Renewal,Expansion,,,D-00213,SilverFinance Inc.,SMB,PLG,4363.63,21.6,2024-06-04,Rian de Groot,False,0,True
deal,2024-Q2,Expansion,,,,D-00213,SilverFinance Inc.,SMB,PLG,4363.63,43.1,2024-06-25,Rian de Groot,False,0.0,True
deal,2024-Q2,Selection,Commit,,,D-00214,PrimeCloud B.V.,SMB,PLG,1071.16,3.8,2024-04-01,Liam Fitzgerald,False,0,True
deal,2024-Q2,Commit,Onboarding,,,D-00214,PrimeCloud B.V.,SMB,PLG,1071.16,1.3,2024-04-04,Liam Fitzgerald,False,0,True
deal,2024-Q2,Onboarding,Adoption,,,D-00214,PrimeCloud B.V.,SMB,PLG,1071.16,16.2,2024-04-05,Liam Fitzgerald,False,0,True
deal,2024-Q2,Adoption,Renewal,,,D-00214,PrimeCloud B.V.,SMB,PLG,1071.16,37.6,2024-04-21,Liam Fitzgerald,False,0,True
deal,2024-Q2,Renewal,Expansion,,,D-00214,PrimeCloud B.V.,SMB,PLG,1071.16,16.5,2024-05-28,Liam Fitzgerald,False,0,True
deal,2024-Q2,Expansion,,,,D-00214,PrimeCloud B.V.,SMB,PLG,1071.16,38.7,2024-06-13,Liam Fitzgerald,False,0.0,True
deal,2024-Q2,Selection,,,,D-00215,PrimeAnalytics Inc.,SMB,Sales-led,7412.84,4.4,2024-04-01,Callum Reid,False,0,
deal,2024-Q2,Selection,,,,D-00216,LucidMetrics B.V.,SMB,PLG,4729.82,6.4,2024-04-01,Ben Sorensen,False,0,False
deal,2024-Q2,Selection,Commit,,,D-00217,BlueSystems Ltd.,SMB,PLG,3885.32,6.3,2024-04-01,Ben Sorensen,False,0,True
deal,2024-Q2,Commit,Onboarding,,,D-00217,BlueSystems Ltd.,SMB,PLG,3885.32,1.9,2024-04-07,Ben Sorensen,False,0,True
deal,2024-Q2,Onboarding,Adoption,,,D-00217,BlueSystems Ltd.,SMB,PLG,3885.32,10.9,2024-04-08,Ben Sorensen,False,0,True
deal,2024-Q2,Adoption,Renewal,,,D-00217,BlueSystems Ltd.,SMB,PLG,3885.32,19.1,2024-04-18,Ben Sorensen,False,0,True
deal,2024-Q2,Renewal,Expansion,,,D-00217,BlueSystems Ltd.,SMB,PLG,3885.32,30.4,2024-05-07,Ben Sorensen,False,0,True
deal,2024-Q2,Expansion,,,,D-00217,BlueSystems Ltd.,SMB,PLG,3885.32,40.5,2024-06-06,Ben Sorensen,False,0.0,True
deal,2024-Q2,Selection,,,,D-00218,SilverAnalytics Inc.,SMB,Sales-led,13628.24,4.0,2024-04-01,Amara Okafor,False,0,
deal,2024-Q2,Selection,,,,D-00219,BoldCloud Inc.,SMB,Sales-led,11573.63,4.9,2024-04-01,Noor Haddad,False,0,
deal,2024-Q2,Selection,,,,D-00220,HarborAnalytics Ltd.,SMB,PLG,3326.86,7.0,2024-04-01,Ingrid Johansson,False,0,False
deal,2024-Q2,Selection,,,,D-00221,SwiftSystems Group,SMB,PLG,2417.12,3.5,2024-04-01,Priya Natarajan,False,0,False
deal,2024-Q2,Selection,,,,D-00222,RapidSolutions Ltd.,SMB,PLG,2447.22,4.2,2024-04-01,Amara Okafor,False,0,True
deal,2024-Q2,Selection,,,,D-00223,HarborFinance Group,SMB,Sales-led,13543.77,10.1,2024-04-01,Marcus Webb,False,0,
deal,2024-Q2,Selection,,,,D-00224,SwiftRobotics B.V.,SMB,Sales-led,8434.72,7.2,2024-04-01,Fatima Zahra,False,0,
deal,2024-Q2,Selection,,,,D-00225,BoldCloud GmbH,SMB,PLG,2422.03,4.6,2024-04-01,Liam Fitzgerald,False,0,False
deal,2024-Q2,Selection,,,,D-00226,BlueLabs Ltd.,SMB,PLG,2084.31,4.6,2024-04-01,Sofia Marchetti,False,0,True
deal,2024-Q2,Selection,Commit,,,D-00227,VantageSolutions Group,SMB,PLG,4163.36,7.6,2024-04-01,Priya Natarajan,False,0,True
deal,2024-Q2,Commit,Onboarding,,,D-00227,VantageSolutions Group,SMB,PLG,4163.36,3.2,2024-04-08,Priya Natarajan,False,0,True
deal,2024-Q2,Onboarding,Adoption,,,D-00227,VantageSolutions Group,SMB,PLG,4163.36,11.5,2024-04-11,Priya Natarajan,False,0,True
deal,2024-Q2,Adoption,Renewal,,,D-00227,VantageSolutions Group,SMB,PLG,4163.36,49.8,2024-04-22,Priya Natarajan,False,0,True
deal,2024-Q2,Renewal,Expansion,,,D-00227,VantageSolutions Group,SMB,PLG,4163.36,21.4,2024-06-10,Priya Natarajan,False,0,True
deal,2024-Q2,Expansion,,,,D-00227,VantageSolutions Group,SMB,PLG,4163.36,29.6,2024-07-01,Priya Natarajan,False,1153.48,True
deal,2024-Q2,Selection,Commit,,,D-00228,MeridianMetrics GmbH,SMB,PLG,4225.67,4.8,2024-04-01,Noor Haddad,False,0,True
deal,2024-Q2,Commit,Onboarding,,,D-00228,MeridianMetrics GmbH,SMB,PLG,4225.67,2.6,2024-04-05,Noor Haddad,False,0,True
deal,2024-Q2,Onboarding,Adoption,,,D-00228,MeridianMetrics GmbH,SMB,PLG,4225.67,17.5,2024-04-07,Noor Haddad,False,0,True
deal,2024-Q2,Adoption,Renewal,,,D-00228,MeridianMetrics GmbH,SMB,PLG,4225.67,47.0,2024-04-24,Noor Haddad,False,0,True
deal,2024-Q2,Renewal,Expansion,,,D-00228,MeridianMetrics GmbH,SMB,PLG,4225.67,19.9,2024-06-10,Noor Haddad,False,0,True
deal,2024-Q2,Expansion,,,,D-00228,MeridianMetrics GmbH,SMB,PLG,4225.67,16.7,2024-06-29,Noor Haddad,False,455.08,True
deal,2024-Q2,Selection,Commit,,,D-00229,LucidCloud Group,SMB,PLG,2623.98,2.6,2024-04-01,Amara Okafor,False,0,True
deal,2024-Q2,Commit,Onboarding,,,D-00229,LucidCloud Group,SMB,PLG,2623.98,4.3,2024-04-03,Amara Okafor,False,0,True
deal,2024-Q2,Onboarding,Adoption,,,D-00229,LucidCloud Group,SMB,PLG,2623.98,12.0,2024-04-07,Amara Okafor,False,0,True
deal,2024-Q2,Adoption,Renewal,,,D-00229,LucidCloud Group,SMB,PLG,2623.98,36.8,2024-04-19,Amara Okafor,False,0,True
deal,2024-Q2,Renewal,Expansion,,,D-00229,LucidCloud Group,SMB,PLG,2623.98,18.8,2024-05-25,Amara Okafor,False,0,True
deal,2024-Q2,Expansion,,,,D-00229,LucidCloud Group,SMB,PLG,2623.98,21.0,2024-06-12,Amara Okafor,False,0.0,True
deal,2024-Q2,Selection,,,,D-00230,NorthernFinance & Co.,SMB,PLG,5988.56,6.4,2024-04-01,Ingrid Johansson,False,0,False
deal,2024-Q2,Selection,,,,D-00231,VantageHealth Group,SMB,Sales-led,8178.84,7.9,2024-04-01,Declan Byrne,False,0,
deal,2024-Q2,Selection,,,,D-00232,BrightLogistics & Co.,SMB,PLG,4880.54,6.3,2024-04-01,Tariq Aziz,False,0,True
deal,2024-Q2,Selection,,,,D-00233,VantageStudio Group,SMB,PLG,2213.23,5.2,2024-04-01,Aisling Kelly,False,0,False
deal,2024-Q2,Selection,,,,D-00234,AmberCommerce Group,SMB,PLG,4280.46,11.4,2024-04-01,Ben Sorensen,False,0,False
deal,2024-Q2,Selection,,,,D-00235,MeridianCommerce Group,SMB,Sales-led,12224.0,9.9,2024-04-01,Ingrid Johansson,False,0,
deal,2024-Q2,Selection,Commit,,,D-00236,HarborCommerce Inc.,SMB,Sales-led,10303.25,6.8,2024-04-01,Noor Haddad,False,0,
deal,2024-Q2,Commit,Onboarding,,,D-00236,HarborCommerce Inc.,SMB,Sales-led,10303.25,3.1,2024-04-07,Noor Haddad,False,0,
deal,2024-Q2,Onboarding,Adoption,,,D-00236,HarborCommerce Inc.,SMB,Sales-led,10303.25,6.4,2024-04-10,Noor Haddad,False,0,
deal,2024-Q2,Adoption,Renewal,,,D-00236,HarborCommerce Inc.,SMB,Sales-led,10303.25,50.9,2024-04-16,Noor Haddad,False,0,
deal,2024-Q2,Renewal,Expansion,,,D-00236,HarborCommerce Inc.,SMB,Sales-led,10303.25,16.3,2024-06-05,Noor Haddad,False,0,
deal,2024-Q2,Expansion,,,,D-00236,HarborCommerce Inc.,SMB,Sales-led,10303.25,39.0,2024-06-21,Noor Haddad,False,0.0,
deal,2024-Q2,Selection,,,,D-00237,LucidRobotics Inc.,SMB,Sales-led,6135.71,7.7,2024-04-01,Marcus Webb,False,0,
deal,2024-Q2,Selection,,,,D-00238,VantageSolutions Ltd.,SMB,Sales-led,10083.58,6.0,2024-04-01,Callum Reid,False,0,
deal,2024-Q2,Selection,,,,D-00239,SolsticeCommerce Inc.,SMB,PLG,3006.82,15.8,2024-04-01,Rian de Groot,False,0,False
deal,2024-Q2,Selection,,,,D-00240,SilverDynamics GmbH,SMB,PLG,3399.28,5.9,2024-04-01,Liam Fitzgerald,False,0,True
deal,2024-Q2,Selection,,,,D-00241,SolsticeStudio Group,SMB,PLG,3517.16,3.3,2024-04-01,Noor Haddad,False,0,True
deal,2024-Q2,Selection,,,,D-00242,SolsticeLabs & Co.,SMB,PLG,2794.66,5.1,2024-04-01,Priya Natarajan,False,0,False
deal,2024-Q2,Selection,,,,D-00243,VantageWorks Ltd.,SMB,PLG,3540.81,8.2,2024-04-01,Sofia Marchetti,False,0,False
deal,2024-Q2,Selection,Commit,,,D-00244,PrimeDynamics B.V.,SMB,PLG,2135.67,2.9,2024-04-01,Callum Reid,False,0,True
deal,2024-Q2,Commit,Onboarding,,,D-00244,PrimeDynamics B.V.,SMB,PLG,2135.67,2.3,2024-04-03,Callum Reid,False,0,True
deal,2024-Q2,Onboarding,Adoption,,,D-00244,PrimeDynamics B.V.,SMB,PLG,2135.67,9.3,2024-04-05,Callum Reid,False,0,True
deal,2024-Q2,Adoption,Renewal,,,D-00244,PrimeDynamics B.V.,SMB,PLG,2135.67,85.3,2024-04-14,Callum Reid,False,0,True
deal,2024-Q2,Renewal,Expansion,,,D-00244,PrimeDynamics B.V.,SMB,PLG,2135.67,12.4,2024-07-08,Callum Reid,False,0,True
deal,2024-Q2,Expansion,,,,D-00244,PrimeDynamics B.V.,SMB,PLG,2135.67,12.8,2024-07-20,Callum Reid,False,293.06,True
deal,2024-Q2,Selection,,,,D-00245,BrightSolutions GmbH,SMB,PLG,4131.9,11.6,2024-04-01,Amara Okafor,False,0,False
deal,2024-Q2,Selection,,,,D-00246,SilverHealth GmbH,SMB,Sales-led,8207.42,15.9,2024-04-01,Elena Petrova,False,0,
deal,2024-Q2,Selection,Commit,,,D-00247,BoldCommerce Inc.,SMB,Sales-led,6711.75,6.7,2024-04-01,Rian de Groot,False,0,
deal,2024-Q2,Commit,Onboarding,,,D-00247,BoldCommerce Inc.,SMB,Sales-led,6711.75,2.7,2024-04-07,Rian de Groot,False,0,
deal,2024-Q2,Onboarding,Adoption,,,D-00247,BoldCommerce Inc.,SMB,Sales-led,6711.75,8.1,2024-04-09,Rian de Groot,False,0,
deal,2024-Q2,Adoption,Renewal,,,D-00247,BoldCommerce Inc.,SMB,Sales-led,6711.75,42.5,2024-04-17,Rian de Groot,False,0,
deal,2024-Q2,Renewal,Expansion,,,D-00247,BoldCommerce Inc.,SMB,Sales-led,6711.75,21.9,2024-05-29,Rian de Groot,False,0,
deal,2024-Q2,Expansion,,,,D-00247,BoldCommerce Inc.,SMB,Sales-led,6711.75,24.6,2024-06-19,Rian de Groot,False,1577.55,
deal,2024-Q2,Selection,,,,D-00248,PrimeSignal GmbH,SMB,PLG,2164.47,3.6,2024-04-01,Fatima Zahra,False,0,False
deal,2024-Q2,Selection,,,,D-00249,KestrelFinance Inc.,SMB,Sales-led,6661.68,8.9,2024-04-01,Elena Petrova,False,0,
deal,2024-Q2,Selection,Commit,,,D-00250,NovaLogistics Ltd.,SMB,Sales-led,4502.38,17.1,2024-04-01,Ingrid Johansson,False,0,
deal,2024-Q2,Commit,Onboarding,,,D-00250,NovaLogistics Ltd.,SMB,Sales-led,4502.38,3.3,2024-04-18,Ingrid Johansson,False,0,
deal,2024-Q2,Onboarding,,,,D-00250,NovaLogistics Ltd.,SMB,Sales-led,4502.38,8.5,2024-04-21,Ingrid Johansson,True,0,
deal,2024-Q2,Selection,,,,D-00251,BrightSolutions Inc.,SMB,PLG,3892.44,2.6,2024-04-01,Rian de Groot,False,0,True
deal,2024-Q2,Selection,,,,D-00252,SwiftMetrics Group,SMB,PLG,4031.16,3.6,2024-04-01,Sofia Marchetti,False,0,False
deal,2024-Q2,Selection,,,,D-00253,LucidSystems GmbH,SMB,Sales-led,9040.93,7.1,2024-04-01,Ben Sorensen,False,0,
deal,2024-Q2,Selection,,,,D-00254,ClearLogistics & Co.,SMB,PLG,3233.45,6.4,2024-04-01,Ingrid Johansson,False,0,False
deal,2024-Q2,Selection,Commit,,,D-00255,SilverSignal Inc.,SMB,PLG,3626.12,5.5,2024-04-01,Callum Reid,False,0,False
deal,2024-Q2,Commit,Onboarding,,,D-00255,SilverSignal Inc.,SMB,PLG,3626.12,2.6,2024-04-06,Callum Reid,False,0,False
deal,2024-Q2,Onboarding,Adoption,,,D-00255,SilverSignal Inc.,SMB,PLG,3626.12,18.7,2024-04-08,Callum Reid,False,0,False
deal,2024-Q2,Adoption,,,,D-00255,SilverSignal Inc.,SMB,PLG,3626.12,23.1,2024-04-26,Callum Reid,True,0,False
deal,2024-Q2,Selection,Commit,,,D-00256,LucidDynamics & Co.,SMB,PLG,4512.62,7.9,2024-04-01,Ben Sorensen,False,0,True
deal,2024-Q2,Commit,Onboarding,,,D-00256,LucidDynamics & Co.,SMB,PLG,4512.62,3.2,2024-04-08,Ben Sorensen,False,0,True
deal,2024-Q2,Onboarding,Adoption,,,D-00256,LucidDynamics & Co.,SMB,PLG,4512.62,7.4,2024-04-11,Ben Sorensen,False,0,True
deal,2024-Q2,Adoption,Renewal,,,D-00256,LucidDynamics & Co.,SMB,PLG,4512.62,38.2,2024-04-18,Ben Sorensen,False,0,True
deal,2024-Q2,Renewal,,,,D-00256,LucidDynamics & Co.,SMB,PLG,4512.62,21.7,2024-05-26,Ben Sorensen,True,0,True
deal,2024-Q2,Selection,,,,D-00257,BoldCloud B.V.,SMB,PLG,2903.69,4.3,2024-04-01,Ingrid Johansson,False,0,True
deal,2024-Q2,Selection,,,,D-00258,HarborLabs Inc.,SMB,PLG,3397.27,4.1,2024-04-01,Fatima Zahra,False,0,True
deal,2024-Q2,Selection,,,,D-00259,LucidSignal Group,SMB,PLG,3747.73,2.5,2024-04-01,Elena Petrova,False,0,True
deal,2024-Q2,Selection,Commit,,,D-00260,SilverCommerce GmbH,SMB,PLG,6982.88,4.9,2024-04-01,Ingrid Johansson,False,0,True
deal,2024-Q2,Commit,Onboarding,,,D-00260,SilverCommerce GmbH,SMB,PLG,6982.88,2.9,2024-04-05,Ingrid Johansson,False,0,True
deal,2024-Q2,Onboarding,Adoption,,,D-00260,SilverCommerce GmbH,SMB,PLG,6982.88,19.2,2024-04-07,Ingrid Johansson,False,0,True
deal,2024-Q2,Adoption,Renewal,,,D-00260,SilverCommerce GmbH,SMB,PLG,6982.88,51.0,2024-04-26,Ingrid Johansson,False,0,True
deal,2024-Q2,Renewal,Expansion,,,D-00260,SilverCommerce GmbH,SMB,PLG,6982.88,19.7,2024-06-16,Ingrid Johansson,False,0,True
deal,2024-Q2,Expansion,,,,D-00260,SilverCommerce GmbH,SMB,PLG,6982.88,22.0,2024-07-05,Ingrid Johansson,False,0.0,True
deal,2024-Q2,Selection,,,,D-00261,NovaRobotics B.V.,SMB,PLG,3487.98,7.8,2024-04-01,Elena Petrova,False,0,True
deal,2024-Q2,Selection,,,,D-00262,PrimeSystems Group,SMB,Sales-led,8608.17,11.1,2024-04-01,Elena Petrova,False,0,
deal,2024-Q2,Selection,,,,D-00263,ClearRobotics & Co.,SMB,PLG,2864.37,3.4,2024-04-01,Tariq Aziz,False,0,False
deal,2024-Q2,Selection,,,,D-00264,BrightData Inc.,SMB,Sales-led,5489.13,10.8,2024-04-01,Noor Haddad,False,0,
deal,2024-Q2,Selection,Commit,,,D-00265,CedarSolutions Group,SMB,PLG,3522.44,7.3,2024-04-01,Amara Okafor,False,0,True
deal,2024-Q2,Commit,Onboarding,,,D-00265,CedarSolutions Group,SMB,PLG,3522.44,1.4,2024-04-08,Amara Okafor,False,0,True
deal,2024-Q2,Onboarding,Adoption,,,D-00265,CedarSolutions Group,SMB,PLG,3522.44,7.6,2024-04-09,Amara Okafor,False,0,True
deal,2024-Q2,Adoption,Renewal,,,D-00265,CedarSolutions Group,SMB,PLG,3522.44,41.7,2024-04-16,Amara Okafor,False,0,True
deal,2024-Q2,Renewal,Expansion,,,D-00265,CedarSolutions Group,SMB,PLG,3522.44,20.5,2024-05-27,Amara Okafor,False,0,True
deal,2024-Q2,Expansion,,,,D-00265,CedarSolutions Group,SMB,PLG,3522.44,41.0,2024-06-16,Amara Okafor,False,358.53,True
deal,2024-Q2,Selection,,,,D-00266,CedarWorks Ltd.,SMB,PLG,3496.03,10.1,2024-04-01,Sofia Marchetti,False,0,False
deal,2024-Q2,Selection,Commit,,,D-00267,SolsticeRobotics Inc.,SMB,PLG,4227.13,4.4,2024-04-01,Priya Natarajan,False,0,False
deal,2024-Q2,Commit,Onboarding,,,D-00267,SolsticeRobotics Inc.,SMB,PLG,4227.13,3.6,2024-04-05,Priya Natarajan,False,0,False
deal,2024-Q2,Onboarding,Adoption,,,D-00267,SolsticeRobotics Inc.,SMB,PLG,4227.13,4.1,2024-04-08,Priya Natarajan,False,0,False
deal,2024-Q2,Adoption,Renewal,,,D-00267,SolsticeRobotics Inc.,SMB,PLG,4227.13,29.2,2024-04-12,Priya Natarajan,False,0,False
deal,2024-Q2,Renewal,Expansion,,,D-00267,SolsticeRobotics Inc.,SMB,PLG,4227.13,12.2,2024-05-11,Priya Natarajan,False,0,False
deal,2024-Q2,Expansion,,,,D-00267,SolsticeRobotics Inc.,SMB,PLG,4227.13,39.4,2024-05-23,Priya Natarajan,False,0.0,False
deal,2024-Q2,Selection,Commit,,,D-00268,BoldData & Co.,SMB,PLG,2335.64,5.6,2024-04-01,Sofia Marchetti,False,0,True
deal,2024-Q2,Commit,Onboarding,,,D-00268,BoldData & Co.,SMB,PLG,2335.64,2.4,2024-04-06,Sofia Marchetti,False,0,True
deal,2024-Q2,Onboarding,Adoption,,,D-00268,BoldData & Co.,SMB,PLG,2335.64,12.0,2024-04-08,Sofia Marchetti,False,0,True
deal,2024-Q2,Adoption,Renewal,,,D-00268,BoldData & Co.,SMB,PLG,2335.64,22.1,2024-04-20,Sofia Marchetti,False,0,True
deal,2024-Q2,Renewal,Expansion,,,D-00268,BoldData & Co.,SMB,PLG,2335.64,14.2,2024-05-12,Sofia Marchetti,False,0,True
deal,2024-Q2,Expansion,,,,D-00268,BoldData & Co.,SMB,PLG,2335.64,44.4,2024-05-26,Sofia Marchetti,False,0.0,True
deal,2024-Q2,Selection,,,,D-00269,ClearSystems & Co.,SMB,PLG,4338.29,6.7,2024-04-01,Rian de Groot,False,0,False
deal,2024-Q2,Selection,,,,D-00270,LucidSolutions Ltd.,SMB,Sales-led,4714.36,9.1,2024-04-01,Tariq Aziz,False,0,
deal,2024-Q2,Selection,,,,D-00271,VantageCloud Ltd.,SMB,PLG,3711.76,4.8,2024-04-01,Priya Natarajan,False,0,True
deal,2024-Q2,Selection,Commit,,,D-00272,BrightSignal Inc.,SMB,PLG,4805.84,3.3,2024-04-01,Callum Reid,False,0,True
deal,2024-Q2,Commit,,,,D-00272,BrightSignal Inc.,SMB,PLG,4805.84,2.3,2024-04-04,Callum Reid,True,0,True
deal,2024-Q2,Selection,Commit,,,D-00273,SwiftCloud Group,SMB,PLG,2128.95,6.7,2024-04-01,Aisling Kelly,False,0,True
deal,2024-Q2,Commit,Onboarding,,,D-00273,SwiftCloud Group,SMB,PLG,2128.95,1.8,2024-04-07,Aisling Kelly,False,0,True
deal,2024-Q2,Onboarding,Adoption,,,D-00273,SwiftCloud Group,SMB,PLG,2128.95,12.8,2024-04-08,Aisling Kelly,False,0,True
deal,2024-Q2,Adoption,Renewal,,,D-00273,SwiftCloud Group,SMB,PLG,2128.95,29.7,2024-04-20,Aisling Kelly,False,0,True
deal,2024-Q2,Renewal,Expansion,,,D-00273,SwiftCloud Group,SMB,PLG,2128.95,21.6,2024-05-19,Aisling Kelly,False,0,True
deal,2024-Q2,Expansion,,,,D-00273,SwiftCloud Group,SMB,PLG,2128.95,14.4,2024-06-09,Aisling Kelly,False,0.0,True
deal,2024-Q2,Selection,,,,D-00274,NovaCommerce B.V.,SMB,PLG,2127.11,6.4,2024-04-01,Elena Petrova,False,0,False
deal,2024-Q2,Selection,Commit,,,D-00275,AmberData B.V.,SMB,PLG,7013.03,8.3,2024-04-01,Yuki Tanaka,False,0,True
deal,2024-Q2,Commit,Onboarding,,,D-00275,AmberData B.V.,SMB,PLG,7013.03,3.0,2024-04-09,Yuki Tanaka,False,0,True
deal,2024-Q2,Onboarding,Adoption,,,D-00275,AmberData B.V.,SMB,PLG,7013.03,9.2,2024-04-12,Yuki Tanaka,False,0,True
deal,2024-Q2,Adoption,Renewal,,,D-00275,AmberData B.V.,SMB,PLG,7013.03,30.2,2024-04-21,Yuki Tanaka,False,0,True
deal,2024-Q2,Renewal,Expansion,,,D-00275,AmberData B.V.,SMB,PLG,7013.03,17.1,2024-05-21,Yuki Tanaka,False,0,True
deal,2024-Q2,Expansion,,,,D-00275,AmberData B.V.,SMB,PLG,7013.03,38.9,2024-06-07,Yuki Tanaka,False,0.0,True
deal,2024-Q2,Selection,,,,D-00276,VantageLogistics GmbH,SMB,PLG,3235.26,5.1,2024-04-01,Declan Byrne,False,0,True
deal,2024-Q2,Selection,,,,D-00277,SolsticeSignal Ltd.,SMB,PLG,4919.47,8.4,2024-04-01,Amara Okafor,False,0,False
deal,2024-Q2,Selection,Commit,,,D-00278,BlueSolutions Ltd.,SMB,PLG,5191.08,6.5,2024-04-01,Tariq Aziz,False,0,True
deal,2024-Q2,Commit,Onboarding,,,D-00278,BlueSolutions Ltd.,SMB,PLG,5191.08,1.4,2024-04-07,Tariq Aziz,False,0,True
deal,2024-Q2,Onboarding,Adoption,,,D-00278,BlueSolutions Ltd.,SMB,PLG,5191.08,16.3,2024-04-08,Tariq Aziz,False,0,True
deal,2024-Q2,Adoption,Renewal,,,D-00278,BlueSolutions Ltd.,SMB,PLG,5191.08,38.9,2024-04-24,Tariq Aziz,False,0,True
deal,2024-Q2,Renewal,Expansion,,,D-00278,BlueSolutions Ltd.,SMB,PLG,5191.08,18.4,2024-06-01,Tariq Aziz,False,0,True
deal,2024-Q2,Expansion,,,,D-00278,BlueSolutions Ltd.,SMB,PLG,5191.08,14.5,2024-06-19,Tariq Aziz,False,1538.63,True
deal,2024-Q2,Selection,,,,D-00279,SilverHealth & Co.,SMB,Sales-led,3853.01,19.4,2024-04-01,Ben Sorensen,False,0,
deal,2024-Q2,Selection,Commit,,,D-00280,NorthernSolutions & Co.,SMB,PLG,5357.06,4.0,2024-04-01,Liam Fitzgerald,False,0,False
deal,2024-Q2,Commit,Onboarding,,,D-00280,NorthernSolutions & Co.,SMB,PLG,5357.06,1.8,2024-04-05,Liam Fitzgerald,False,0,False
deal,2024-Q2,Onboarding,Adoption,,,D-00280,NorthernSolutions & Co.,SMB,PLG,5357.06,12.8,2024-04-06,Liam Fitzgerald,False,0,False
deal,2024-Q2,Adoption,Renewal,,,D-00280,NorthernSolutions & Co.,SMB,PLG,5357.06,46.7,2024-04-18,Liam Fitzgerald,False,0,False
deal,2024-Q2,Renewal,,,,D-00280,NorthernSolutions & Co.,SMB,PLG,5357.06,21.7,2024-06-03,Liam Fitzgerald,True,0,False
deal,2024-Q2,Selection,,,,D-00281,LucidSolutions GmbH,SMB,Sales-led,5721.56,23.1,2024-04-01,Rian de Groot,False,0,
deal,2024-Q2,Selection,,,,D-00282,BlueSolutions B.V.,SMB,Sales-led,15064.88,10.5,2024-04-01,Ingrid Johansson,False,0,
deal,2024-Q2,Selection,,,,D-00283,CedarMetrics Group,SMB,PLG,4677.56,4.6,2024-04-01,Tariq Aziz,False,0,True
deal,2024-Q2,Selection,,,,D-00284,HarborSolutions GmbH,SMB,PLG,2538.68,5.7,2024-04-01,Fatima Zahra,False,0,False
deal,2024-Q2,Selection,Commit,,,D-00285,CedarAnalytics Ltd.,SMB,PLG,2247.74,6.4,2024-04-01,Priya Natarajan,False,0,True
deal,2024-Q2,Commit,Onboarding,,,D-00285,CedarAnalytics Ltd.,SMB,PLG,2247.74,2.5,2024-04-07,Priya Natarajan,False,0,True
deal,2024-Q2,Onboarding,Adoption,,,D-00285,CedarAnalytics Ltd.,SMB,PLG,2247.74,6.9,2024-04-09,Priya Natarajan,False,0,True
deal,2024-Q2,Adoption,Renewal,,,D-00285,CedarAnalytics Ltd.,SMB,PLG,2247.74,29.3,2024-04-15,Priya Natarajan,False,0,True
deal,2024-Q2,Renewal,Expansion,,,D-00285,CedarAnalytics Ltd.,SMB,PLG,2247.74,23.9,2024-05-14,Priya Natarajan,False,0,True
deal,2024-Q2,Expansion,,,,D-00285,CedarAnalytics Ltd.,SMB,PLG,2247.74,39.4,2024-06-06,Priya Natarajan,False,663.03,True
deal,2024-Q2,Selection,Commit,,,D-00286,PrimeDynamics Group,SMB,Sales-led,6761.65,6.1,2024-04-01,Noor Haddad,False,0,
deal,2024-Q2,Commit,Onboarding,,,D-00286,PrimeDynamics Group,SMB,Sales-led,6761.65,5.3,2024-04-07,Noor Haddad,False,0,
deal,2024-Q2,Onboarding,Adoption,,,D-00286,PrimeDynamics Group,SMB,Sales-led,6761.65,6.1,2024-04-12,Noor Haddad,False,0,
deal,2024-Q2,Adoption,Renewal,,,D-00286,PrimeDynamics Group,SMB,Sales-led,6761.65,54.4,2024-04-18,Noor Haddad,False,0,
deal,2024-Q2,Renewal,Expansion,,,D-00286,PrimeDynamics Group,SMB,Sales-led,6761.65,14.6,2024-06-11,Noor Haddad,False,0,
deal,2024-Q2,Expansion,,,,D-00286,PrimeDynamics Group,SMB,Sales-led,6761.65,24.4,2024-06-25,Noor Haddad,False,0.0,
deal,2024-Q2,Selection,,,,D-00287,BlueData B.V.,SMB,Sales-led,10594.21,10.9,2024-04-01,Amara Okafor,False,0,
deal,2024-Q2,Selection,Commit,,,D-00288,CedarData GmbH,SMB,PLG,3281.74,6.4,2024-04-01,Ben Sorensen,False,0,True
deal,2024-Q2,Commit,Onboarding,,,D-00288,CedarData GmbH,SMB,PLG,3281.74,2.1,2024-04-07,Ben Sorensen,False,0,True
deal,2024-Q2,Onboarding,Adoption,,,D-00288,CedarData GmbH,SMB,PLG,3281.74,11.7,2024-04-09,Ben Sorensen,False,0,True
deal,2024-Q2,Adoption,Renewal,,,D-00288,CedarData GmbH,SMB,PLG,3281.74,30.3,2024-04-20,Ben Sorensen,False,0,True
deal,2024-Q2,Renewal,Expansion,,,D-00288,CedarData GmbH,SMB,PLG,3281.74,33.4,2024-05-20,Ben Sorensen,False,0,True
deal,2024-Q2,Expansion,,,,D-00288,CedarData GmbH,SMB,PLG,3281.74,40.6,2024-06-22,Ben Sorensen,False,946.34,True
deal,2024-Q2,Selection,,,,D-00289,ClearData B.V.,SMB,PLG,3257.55,5.2,2024-04-01,Priya Natarajan,False,0,False
deal,2024-Q2,Selection,,,,D-00290,BrightCommerce Ltd.,SMB,PLG,6391.52,3.5,2024-04-01,Yuki Tanaka,False,0,False
deal,2024-Q3,Selection,,,,D-00291,HarborCommerce Group,SMB,PLG,1888.01,15.5,2024-07-01,Sofia Marchetti,False,0,True
deal,2024-Q3,Selection,,,,D-00292,AmberHealth Ltd.,SMB,PLG,2734.09,8.7,2024-07-01,Liam Fitzgerald,False,0,False
deal,2024-Q3,Selection,,,,D-00293,NovaSignal GmbH,SMB,Sales-led,10229.07,8.9,2024-07-01,Elena Petrova,False,0,
deal,2024-Q3,Selection,Commit,,,D-00294,HarborStudio & Co.,SMB,PLG,4685.63,4.5,2024-07-01,Tariq Aziz,False,0,True
deal,2024-Q3,Commit,Onboarding,,,D-00294,HarborStudio & Co.,SMB,PLG,4685.63,1.5,2024-07-05,Tariq Aziz,False,0,True
deal,2024-Q3,Onboarding,Adoption,,,D-00294,HarborStudio & Co.,SMB,PLG,4685.63,10.1,2024-07-06,Tariq Aziz,False,0,True
deal,2024-Q3,Adoption,Renewal,,,D-00294,HarborStudio & Co.,SMB,PLG,4685.63,27.8,2024-07-16,Tariq Aziz,False,0,True
deal,2024-Q3,Renewal,Expansion,,,D-00294,HarborStudio & Co.,SMB,PLG,4685.63,17.2,2024-08-12,Tariq Aziz,False,0,True
deal,2024-Q3,Expansion,,,,D-00294,HarborStudio & Co.,SMB,PLG,4685.63,22.5,2024-08-29,Tariq Aziz,False,0.0,True
deal,2024-Q3,Selection,Commit,,,D-00295,CedarFinance Group,SMB,PLG,2489.27,3.3,2024-07-01,Amara Okafor,False,0,True
deal,2024-Q3,Commit,Onboarding,,,D-00295,CedarFinance Group,SMB,PLG,2489.27,1.7,2024-07-04,Amara Okafor,False,0,True
deal,2024-Q3,Onboarding,Adoption,,,D-00295,CedarFinance Group,SMB,PLG,2489.27,10.3,2024-07-05,Amara Okafor,False,0,True
deal,2024-Q3,Adoption,Renewal,,,D-00295,CedarFinance Group,SMB,PLG,2489.27,49.4,2024-07-15,Amara Okafor,False,0,True
deal,2024-Q3,Renewal,Expansion,,,D-00295,CedarFinance Group,SMB,PLG,2489.27,17.6,2024-09-02,Amara Okafor,False,0,True
deal,2024-Q3,Expansion,,,,D-00295,CedarFinance Group,SMB,PLG,2489.27,23.6,2024-09-19,Amara Okafor,False,288.97,True
deal,2024-Q3,Selection,,,,D-00296,NovaSolutions B.V.,SMB,Sales-led,12280.64,9.3,2024-07-01,Sofia Marchetti,False,0,
deal,2024-Q3,Selection,,,,D-00297,KestrelCommerce B.V.,SMB,Sales-led,5131.01,5.2,2024-07-01,Aisling Kelly,False,0,
deal,2024-Q3,Selection,Commit,,,D-00298,BrightHealth Inc.,SMB,PLG,3814.59,7.3,2024-07-01,Fatima Zahra,False,0,True
deal,2024-Q3,Commit,Onboarding,,,D-00298,BrightHealth Inc.,SMB,PLG,3814.59,1.4,2024-07-08,Fatima Zahra,False,0,True
deal,2024-Q3,Onboarding,Adoption,,,D-00298,BrightHealth Inc.,SMB,PLG,3814.59,13.0,2024-07-09,Fatima Zahra,False,0,True
deal,2024-Q3,Adoption,Renewal,,,D-00298,BrightHealth Inc.,SMB,PLG,3814.59,40.2,2024-07-22,Fatima Zahra,False,0,True
deal,2024-Q3,Renewal,Expansion,,,D-00298,BrightHealth Inc.,SMB,PLG,3814.59,11.0,2024-08-31,Fatima Zahra,False,0,True
deal,2024-Q3,Expansion,,,,D-00298,BrightHealth Inc.,SMB,PLG,3814.59,22.2,2024-09-11,Fatima Zahra,False,0.0,True
deal,2024-Q3,Selection,Commit,,,D-00299,HarborWorks Ltd.,SMB,Sales-led,8250.16,11.0,2024-07-01,Declan Byrne,False,0,
deal,2024-Q3,Commit,Onboarding,,,D-00299,HarborWorks Ltd.,SMB,Sales-led,8250.16,3.0,2024-07-12,Declan Byrne,False,0,
deal,2024-Q3,Onboarding,Adoption,,,D-00299,HarborWorks Ltd.,SMB,Sales-led,8250.16,7.2,2024-07-15,Declan Byrne,False,0,
deal,2024-Q3,Adoption,Renewal,,,D-00299,HarborWorks Ltd.,SMB,Sales-led,8250.16,64.7,2024-07-22,Declan Byrne,False,0,
deal,2024-Q3,Renewal,Expansion,,,D-00299,HarborWorks Ltd.,SMB,Sales-led,8250.16,23.1,2024-09-24,Declan Byrne,False,0,
deal,2024-Q3,Expansion,,,,D-00299,HarborWorks Ltd.,SMB,Sales-led,8250.16,22.1,2024-10-17,Declan Byrne,False,2153.06,
deal,2024-Q3,Selection,Commit,,,D-00300,RapidSystems & Co.,SMB,PLG,9309.98,11.8,2024-07-01,Priya Natarajan,False,0,True
deal,2024-Q3,Commit,Onboarding,,,D-00300,RapidSystems & Co.,SMB,PLG,9309.98,2.0,2024-07-12,Priya Natarajan,False,0,True
deal,2024-Q3,Onboarding,Adoption,,,D-00300,RapidSystems & Co.,SMB,PLG,9309.98,16.1,2024-07-14,Priya Natarajan,False,0,True
deal,2024-Q3,Adoption,Renewal,,,D-00300,RapidSystems & Co.,SMB,PLG,9309.98,38.4,2024-07-30,Priya Natarajan,False,0,True
deal,2024-Q3,Renewal,Expansion,,,D-00300,RapidSystems & Co.,SMB,PLG,9309.98,30.6,2024-09-06,Priya Natarajan,False,0,True
deal,2024-Q3,Expansion,,,,D-00300,RapidSystems & Co.,SMB,PLG,9309.98,20.6,2024-10-06,Priya Natarajan,False,1202.53,True
deal,2024-Q3,Selection,,,,D-00301,NovaAnalytics Group,SMB,PLG,1499.05,7.8,2024-07-01,Aisling Kelly,False,0,False
deal,2024-Q3,Selection,,,,D-00302,AmberMetrics & Co.,SMB,PLG,2277.56,6.6,2024-07-01,Callum Reid,False,0,False
deal,2024-Q3,Selection,,,,D-00303,CedarLogistics Group,SMB,Sales-led,12408.89,3.9,2024-07-01,Sofia Marchetti,False,0,
deal,2024-Q3,Selection,,,,D-00304,LucidFinance B.V.,SMB,Sales-led,6489.21,4.3,2024-07-01,Tariq Aziz,False,0,
deal,2024-Q3,Selection,,,,D-00305,NovaMetrics B.V.,SMB,PLG,4704.47,9.0,2024-07-01,Tariq Aziz,False,0,False
deal,2024-Q3,Selection,Commit,,,D-00306,BoldLogistics GmbH,SMB,PLG,2682.71,6.9,2024-07-01,Sofia Marchetti,False,0,True
deal,2024-Q3,Commit,,,,D-00306,BoldLogistics GmbH,SMB,PLG,2682.71,3.2,2024-07-07,Sofia Marchetti,True,0,True
deal,2024-Q3,Selection,,,,D-00307,RapidLabs & Co.,SMB,PLG,4765.19,7.4,2024-07-01,Tariq Aziz,False,0,True
deal,2024-Q3,Selection,,,,D-00308,AmberSignal B.V.,SMB,PLG,2756.76,3.2,2024-07-01,Tariq Aziz,False,0,True
deal,2024-Q3,Selection,Commit,,,D-00309,KestrelSignal & Co.,SMB,PLG,4358.8,4.7,2024-07-01,Rian de Groot,False,0,True
deal,2024-Q3,Commit,Onboarding,,,D-00309,KestrelSignal & Co.,SMB,PLG,4358.8,1.4,2024-07-05,Rian de Groot,False,0,True
deal,2024-Q3,Onboarding,Adoption,,,D-00309,KestrelSignal & Co.,SMB,PLG,4358.8,7.7,2024-07-06,Rian de Groot,False,0,True
deal,2024-Q3,Adoption,Renewal,,,D-00309,KestrelSignal & Co.,SMB,PLG,4358.8,38.1,2024-07-13,Rian de Groot,False,0,True
deal,2024-Q3,Renewal,Expansion,,,D-00309,KestrelSignal & Co.,SMB,PLG,4358.8,27.5,2024-08-20,Rian de Groot,False,0,True
deal,2024-Q3,Expansion,,,,D-00309,KestrelSignal & Co.,SMB,PLG,4358.8,43.0,2024-09-16,Rian de Groot,False,0.0,True
deal,2024-Q3,Selection,,,,D-00310,ClearLabs Group,SMB,PLG,3527.98,9.8,2024-07-01,Amara Okafor,False,0,False
deal,2024-Q3,Selection,,,,D-00311,CedarSystems & Co.,SMB,PLG,1289.75,5.4,2024-07-01,Marcus Webb,False,0,True
deal,2024-Q3,Selection,,,,D-00312,SilverDynamics Group,SMB,PLG,2868.14,17.0,2024-07-01,Ingrid Johansson,False,0,False
deal,2024-Q3,Selection,,,,D-00313,BoldSolutions Ltd.,SMB,PLG,3659.66,8.0,2024-07-01,Amara Okafor,False,0,False
deal,2024-Q3,Selection,Commit,,,D-00314,LucidCommerce B.V.,SMB,PLG,2824.52,8.8,2024-07-01,Priya Natarajan,False,0,True
deal,2024-Q3,Commit,Onboarding,,,D-00314,LucidCommerce B.V.,SMB,PLG,2824.52,2.3,2024-07-09,Priya Natarajan,False,0,True
deal,2024-Q3,Onboarding,Adoption,,,D-00314,LucidCommerce B.V.,SMB,PLG,2824.52,7.4,2024-07-11,Priya Natarajan,False,0,True
deal,2024-Q3,Adoption,Renewal,,,D-00314,LucidCommerce B.V.,SMB,PLG,2824.52,24.9,2024-07-18,Priya Natarajan,False,0,True
deal,2024-Q3,Renewal,Expansion,,,D-00314,LucidCommerce B.V.,SMB,PLG,2824.52,19.0,2024-08-11,Priya Natarajan,False,0,True
deal,2024-Q3,Expansion,,,,D-00314,LucidCommerce B.V.,SMB,PLG,2824.52,27.9,2024-08-30,Priya Natarajan,False,0.0,True
deal,2024-Q3,Selection,,,,D-00315,SolsticeLabs & Co.,SMB,PLG,5663.71,5.3,2024-07-01,Yuki Tanaka,False,0,True
deal,2024-Q3,Selection,Commit,,,D-00316,SolsticeRobotics B.V.,SMB,Sales-led,14485.22,14.8,2024-07-01,Callum Reid,False,0,
deal,2024-Q3,Commit,Onboarding,,,D-00316,SolsticeRobotics B.V.,SMB,Sales-led,14485.22,1.8,2024-07-15,Callum Reid,False,0,
deal,2024-Q3,Onboarding,Adoption,,,D-00316,SolsticeRobotics B.V.,SMB,Sales-led,14485.22,14.6,2024-07-16,Callum Reid,False,0,
deal,2024-Q3,Adoption,Renewal,,,D-00316,SolsticeRobotics B.V.,SMB,Sales-led,14485.22,32.7,2024-07-30,Callum Reid,False,0,
deal,2024-Q3,Renewal,Expansion,,,D-00316,SolsticeRobotics B.V.,SMB,Sales-led,14485.22,47.7,2024-08-31,Callum Reid,False,0,
deal,2024-Q3,Expansion,,,,D-00316,SolsticeRobotics B.V.,SMB,Sales-led,14485.22,32.4,2024-10-17,Callum Reid,False,0.0,
deal,2024-Q3,Selection,,,,D-00317,NorthernCloud Inc.,SMB,Sales-led,10485.18,11.9,2024-07-01,Sofia Marchetti,False,0,
deal,2024-Q3,Selection,,,,D-00318,SilverSignal Ltd.,SMB,Sales-led,4349.56,6.8,2024-07-01,Tariq Aziz,False,0,
deal,2024-Q3,Selection,Commit,,,D-00319,NorthernWorks GmbH,SMB,Sales-led,5911.47,10.7,2024-07-01,Priya Natarajan,False,0,
deal,2024-Q3,Commit,Onboarding,,,D-00319,NorthernWorks GmbH,SMB,Sales-led,5911.47,4.1,2024-07-11,Priya Natarajan,False,0,
deal,2024-Q3,Onboarding,Adoption,,,D-00319,NorthernWorks GmbH,SMB,Sales-led,5911.47,9.4,2024-07-15,Priya Natarajan,False,0,
deal,2024-Q3,Adoption,Renewal,,,D-00319,NorthernWorks GmbH,SMB,Sales-led,5911.47,28.5,2024-07-24,Priya Natarajan,False,0,
deal,2024-Q3,Renewal,Expansion,,,D-00319,NorthernWorks GmbH,SMB,Sales-led,5911.47,18.2,2024-08-21,Priya Natarajan,False,0,
deal,2024-Q3,Expansion,,,,D-00319,NorthernWorks GmbH,SMB,Sales-led,5911.47,32.1,2024-09-08,Priya Natarajan,False,0.0,
deal,2024-Q3,Selection,,,,D-00320,ClearCommerce Group,SMB,Sales-led,9198.83,13.2,2024-07-01,Ben Sorensen,False,0,
deal,2024-Q3,Selection,Commit,,,D-00321,NorthernCloud Ltd.,SMB,Sales-led,5948.17,14.8,2024-07-01,Amara Okafor,False,0,
deal,2024-Q3,Commit,Onboarding,,,D-00321,NorthernCloud Ltd.,SMB,Sales-led,5948.17,2.4,2024-07-15,Amara Okafor,False,0,
deal,2024-Q3,Onboarding,Adoption,,,D-00321,NorthernCloud Ltd.,SMB,Sales-led,5948.17,11.5,2024-07-17,Amara Okafor,False,0,
deal,2024-Q3,Adoption,Renewal,,,D-00321,NorthernCloud Ltd.,SMB,Sales-led,5948.17,52.0,2024-07-28,Amara Okafor,False,0,
deal,2024-Q3,Renewal,Expansion,,,D-00321,NorthernCloud Ltd.,SMB,Sales-led,5948.17,25.1,2024-09-18,Amara Okafor,False,0,
deal,2024-Q3,Expansion,,,,D-00321,NorthernCloud Ltd.,SMB,Sales-led,5948.17,33.9,2024-10-13,Amara Okafor,False,0.0,
deal,2024-Q3,Selection,Commit,,,D-00322,KestrelWorks GmbH,SMB,PLG,6350.66,5.0,2024-07-01,Sofia Marchetti,False,0,True
deal,2024-Q3,Commit,Onboarding,,,D-00322,KestrelWorks GmbH,SMB,PLG,6350.66,5.3,2024-07-06,Sofia Marchetti,False,0,True
deal,2024-Q3,Onboarding,Adoption,,,D-00322,KestrelWorks GmbH,SMB,PLG,6350.66,12.8,2024-07-11,Sofia Marchetti,False,0,True
deal,2024-Q3,Adoption,Renewal,,,D-00322,KestrelWorks GmbH,SMB,PLG,6350.66,17.4,2024-07-23,Sofia Marchetti,False,0,True
deal,2024-Q3,Renewal,Expansion,,,D-00322,KestrelWorks GmbH,SMB,PLG,6350.66,17.2,2024-08-09,Sofia Marchetti,False,0,True
deal,2024-Q3,Expansion,,,,D-00322,KestrelWorks GmbH,SMB,PLG,6350.66,12.8,2024-08-26,Sofia Marchetti,False,0.0,True
deal,2024-Q3,Selection,Commit,,,D-00323,CedarLogistics GmbH,SMB,PLG,3142.12,3.8,2024-07-01,Marcus Webb,False,0,False
deal,2024-Q3,Commit,Onboarding,,,D-00323,CedarLogistics GmbH,SMB,PLG,3142.12,1.1,2024-07-04,Marcus Webb,False,0,False
deal,2024-Q3,Onboarding,Adoption,,,D-00323,CedarLogistics GmbH,SMB,PLG,3142.12,10.6,2024-07-05,Marcus Webb,False,0,False
deal,2024-Q3,Adoption,Renewal,,,D-00323,CedarLogistics GmbH,SMB,PLG,3142.12,68.9,2024-07-15,Marcus Webb,False,0,False
deal,2024-Q3,Renewal,Expansion,,,D-00323,CedarLogistics GmbH,SMB,PLG,3142.12,21.6,2024-09-21,Marcus Webb,False,0,False
deal,2024-Q3,Expansion,,,,D-00323,CedarLogistics GmbH,SMB,PLG,3142.12,11.5,2024-10-12,Marcus Webb,False,0.0,False
deal,2024-Q3,Selection,Commit,,,D-00324,SwiftSystems Group,SMB,PLG,2277.63,10.6,2024-07-01,Ingrid Johansson,False,0,True
deal,2024-Q3,Commit,Onboarding,,,D-00324,SwiftSystems Group,SMB,PLG,2277.63,2.2,2024-07-11,Ingrid Johansson,False,0,True
deal,2024-Q3,Onboarding,Adoption,,,D-00324,SwiftSystems Group,SMB,PLG,2277.63,10.2,2024-07-13,Ingrid Johansson,False,0,True
deal,2024-Q3,Adoption,Renewal,,,D-00324,SwiftSystems Group,SMB,PLG,2277.63,27.0,2024-07-23,Ingrid Johansson,False,0,True
deal,2024-Q3,Renewal,Expansion,,,D-00324,SwiftSystems Group,SMB,PLG,2277.63,26.1,2024-08-19,Ingrid Johansson,False,0,True
deal,2024-Q3,Expansion,,,,D-00324,SwiftSystems Group,SMB,PLG,2277.63,32.6,2024-09-14,Ingrid Johansson,False,373.9,True
deal,2024-Q3,Selection,,,,D-00325,HarborLabs GmbH,SMB,Sales-led,5257.42,10.0,2024-07-01,Liam Fitzgerald,False,0,
deal,2024-Q3,Selection,,,,D-00326,SilverSignal GmbH,SMB,PLG,6229.73,4.1,2024-07-01,Amara Okafor,False,0,False
deal,2024-Q3,Selection,,,,D-00327,ClearWorks Group,SMB,PLG,2582.33,6.4,2024-07-01,Aisling Kelly,False,0,False
deal,2024-Q3,Selection,Commit,,,D-00328,SilverStudio Inc.,SMB,PLG,6870.13,2.5,2024-07-01,Tariq Aziz,False,0,True
deal,2024-Q3,Commit,Onboarding,,,D-00328,SilverStudio Inc.,SMB,PLG,6870.13,1.9,2024-07-03,Tariq Aziz,False,0,True
deal,2024-Q3,Onboarding,Adoption,,,D-00328,SilverStudio Inc.,SMB,PLG,6870.13,6.5,2024-07-04,Tariq Aziz,False,0,True
deal,2024-Q3,Adoption,Renewal,,,D-00328,SilverStudio Inc.,SMB,PLG,6870.13,24.0,2024-07-10,Tariq Aziz,False,0,True
deal,2024-Q3,Renewal,Expansion,,,D-00328,SilverStudio Inc.,SMB,PLG,6870.13,24.7,2024-08-03,Tariq Aziz,False,0,True
deal,2024-Q3,Expansion,,,,D-00328,SilverStudio Inc.,SMB,PLG,6870.13,39.4,2024-08-27,Tariq Aziz,False,0.0,True
deal,2024-Q3,Selection,Commit,,,D-00329,SolsticeMetrics B.V.,SMB,PLG,4924.27,5.8,2024-07-01,Rian de Groot,False,0,True
deal,2024-Q3,Commit,Onboarding,,,D-00329,SolsticeMetrics B.V.,SMB,PLG,4924.27,1.8,2024-07-06,Rian de Groot,False,0,True
deal,2024-Q3,Onboarding,Adoption,,,D-00329,SolsticeMetrics B.V.,SMB,PLG,4924.27,9.8,2024-07-07,Rian de Groot,False,0,True
deal,2024-Q3,Adoption,Renewal,,,D-00329,SolsticeMetrics B.V.,SMB,PLG,4924.27,52.5,2024-07-16,Rian de Groot,False,0,True
deal,2024-Q3,Renewal,,,,D-00329,SolsticeMetrics B.V.,SMB,PLG,4924.27,15.9,2024-09-06,Rian de Groot,True,0,True
deal,2024-Q3,Selection,,,,D-00330,MeridianLabs B.V.,SMB,Sales-led,18694.01,6.9,2024-07-01,Noor Haddad,False,0,
deal,2024-Q3,Selection,Commit,,,D-00331,LucidCommerce & Co.,SMB,Sales-led,9477.4,5.2,2024-07-01,Liam Fitzgerald,False,0,
deal,2024-Q3,Commit,Onboarding,,,D-00331,LucidCommerce & Co.,SMB,Sales-led,9477.4,4.0,2024-07-06,Liam Fitzgerald,False,0,
deal,2024-Q3,Onboarding,Adoption,,,D-00331,LucidCommerce & Co.,SMB,Sales-led,9477.4,18.5,2024-07-10,Liam Fitzgerald,False,0,
deal,2024-Q3,Adoption,Renewal,,,D-00331,LucidCommerce & Co.,SMB,Sales-led,9477.4,30.6,2024-07-28,Liam Fitzgerald,False,0,
deal,2024-Q3,Renewal,Expansion,,,D-00331,LucidCommerce & Co.,SMB,Sales-led,9477.4,5.2,2024-08-27,Liam Fitzgerald,False,0,
deal,2024-Q3,Expansion,,,,D-00331,LucidCommerce & Co.,SMB,Sales-led,9477.4,25.2,2024-09-01,Liam Fitzgerald,False,0.0,
deal,2024-Q3,Selection,,,,D-00332,BlueDynamics Ltd.,SMB,Sales-led,4391.29,15.8,2024-07-01,Declan Byrne,False,0,
deal,2024-Q3,Selection,,,,D-00333,LucidMetrics Group,SMB,Sales-led,8305.6,11.6,2024-07-01,Liam Fitzgerald,False,0,
deal,2024-Q3,Selection,,,,D-00334,MeridianData Group,SMB,Sales-led,7998.26,4.6,2024-07-01,Declan Byrne,False,0,
deal,2024-Q3,Selection,,,,D-00335,SilverSystems GmbH,SMB,Sales-led,8143.28,6.3,2024-07-01,Elena Petrova,False,0,
deal,2024-Q3,Selection,,,,D-00336,VantageFinance Group,SMB,PLG,4073.06,5.1,2024-07-01,Marcus Webb,False,0,False
deal,2024-Q3,Selection,Commit,,,D-00337,SilverDynamics Ltd.,SMB,Sales-led,12318.21,3.8,2024-07-01,Noor Haddad,False,0,
deal,2024-Q3,Commit,Onboarding,,,D-00337,SilverDynamics Ltd.,SMB,Sales-led,12318.21,2.4,2024-07-04,Noor Haddad,False,0,
deal,2024-Q3,Onboarding,Adoption,,,D-00337,SilverDynamics Ltd.,SMB,Sales-led,12318.21,5.7,2024-07-06,Noor Haddad,False,0,
deal,2024-Q3,Adoption,Renewal,,,D-00337,SilverDynamics Ltd.,SMB,Sales-led,12318.21,70.8,2024-07-11,Noor Haddad,False,0,
deal,2024-Q3,Renewal,Expansion,,,D-00337,SilverDynamics Ltd.,SMB,Sales-led,12318.21,16.5,2024-09-19,Noor Haddad,False,0,
deal,2024-Q3,Expansion,,,,D-00337,SilverDynamics Ltd.,SMB,Sales-led,12318.21,24.1,2024-10-05,Noor Haddad,False,2809.43,
deal,2024-Q3,Selection,,,,D-00338,AmberSignal Inc.,SMB,PLG,6553.0,5.8,2024-07-01,Fatima Zahra,False,0,False
deal,2024-Q3,Selection,,,,D-00339,KestrelDynamics Inc.,SMB,PLG,5137.16,11.7,2024-07-01,Callum Reid,False,0,False
deal,2024-Q3,Selection,Commit,,,D-00340,MeridianCloud Group,SMB,PLG,2055.27,2.7,2024-07-01,Fatima Zahra,False,0,False
deal,2024-Q3,Commit,Onboarding,,,D-00340,MeridianCloud Group,SMB,PLG,2055.27,2.0,2024-07-03,Fatima Zahra,False,0,False
deal,2024-Q3,Onboarding,Adoption,,,D-00340,MeridianCloud Group,SMB,PLG,2055.27,11.5,2024-07-05,Fatima Zahra,False,0,False
deal,2024-Q3,Adoption,Renewal,,,D-00340,MeridianCloud Group,SMB,PLG,2055.27,64.3,2024-07-16,Fatima Zahra,False,0,False
deal,2024-Q3,Renewal,Expansion,,,D-00340,MeridianCloud Group,SMB,PLG,2055.27,18.1,2024-09-18,Fatima Zahra,False,0,False
deal,2024-Q3,Expansion,,,,D-00340,MeridianCloud Group,SMB,PLG,2055.27,30.3,2024-10-06,Fatima Zahra,False,0.0,False
deal,2024-Q3,Selection,Commit,,,D-00341,NovaLogistics Group,SMB,PLG,7667.7,7.7,2024-07-01,Aisling Kelly,False,0,True
deal,2024-Q3,Commit,Onboarding,,,D-00341,NovaLogistics Group,SMB,PLG,7667.7,2.2,2024-07-08,Aisling Kelly,False,0,True
deal,2024-Q3,Onboarding,Adoption,,,D-00341,NovaLogistics Group,SMB,PLG,7667.7,5.5,2024-07-10,Aisling Kelly,False,0,True
deal,2024-Q3,Adoption,Renewal,,,D-00341,NovaLogistics Group,SMB,PLG,7667.7,80.4,2024-07-15,Aisling Kelly,False,0,True
deal,2024-Q3,Renewal,,,,D-00341,NovaLogistics Group,SMB,PLG,7667.7,19.8,2024-10-03,Aisling Kelly,True,0,True
deal,2024-Q3,Selection,Commit,,,D-00342,KestrelSolutions & Co.,SMB,PLG,4500.58,5.7,2024-07-01,Aisling Kelly,False,0,True
deal,2024-Q3,Commit,Onboarding,,,D-00342,KestrelSolutions & Co.,SMB,PLG,4500.58,1.0,2024-07-06,Aisling Kelly,False,0,True
deal,2024-Q3,Onboarding,Adoption,,,D-00342,KestrelSolutions & Co.,SMB,PLG,4500.58,26.3,2024-07-07,Aisling Kelly,False,0,True
deal,2024-Q3,Adoption,Renewal,,,D-00342,KestrelSolutions & Co.,SMB,PLG,4500.58,33.5,2024-08-02,Aisling Kelly,False,0,True
deal,2024-Q3,Renewal,Expansion,,,D-00342,KestrelSolutions & Co.,SMB,PLG,4500.58,22.1,2024-09-04,Aisling Kelly,False,0,True
deal,2024-Q3,Expansion,,,,D-00342,KestrelSolutions & Co.,SMB,PLG,4500.58,60.2,2024-09-26,Aisling Kelly,False,0.0,True
deal,2024-Q3,Selection,,,,D-00343,NovaAnalytics Group,SMB,PLG,3597.38,7.5,2024-07-01,Yuki Tanaka,False,0,False
deal,2024-Q3,Selection,,,,D-00344,CedarFinance B.V.,SMB,PLG,3108.4,4.6,2024-07-01,Declan Byrne,False,0,True
deal,2024-Q3,Selection,,,,D-00345,HarborFinance B.V.,SMB,Sales-led,5694.3,6.0,2024-07-01,Ingrid Johansson,False,0,
deal,2024-Q3,Selection,,,,D-00346,NorthernSignal Group,SMB,PLG,3751.02,4.5,2024-07-01,Elena Petrova,False,0,True
deal,2024-Q3,Selection,Commit,,,D-00347,MeridianLogistics Group,SMB,PLG,2446.58,9.7,2024-07-01,Sofia Marchetti,False,0,True
deal,2024-Q3,Commit,Onboarding,,,D-00347,MeridianLogistics Group,SMB,PLG,2446.58,2.3,2024-07-10,Sofia Marchetti,False,0,True
deal,2024-Q3,Onboarding,Adoption,,,D-00347,MeridianLogistics Group,SMB,PLG,2446.58,12.5,2024-07-12,Sofia Marchetti,False,0,True
deal,2024-Q3,Adoption,Renewal,,,D-00347,MeridianLogistics Group,SMB,PLG,2446.58,24.9,2024-07-24,Sofia Marchetti,False,0,True
deal,2024-Q3,Renewal,Expansion,,,D-00347,MeridianLogistics Group,SMB,PLG,2446.58,26.8,2024-08-17,Sofia Marchetti,False,0,True
deal,2024-Q3,Expansion,,,,D-00347,MeridianLogistics Group,SMB,PLG,2446.58,19.5,2024-09-12,Sofia Marchetti,False,0.0,True
deal,2024-Q3,Selection,,,,D-00348,AmberLabs & Co.,SMB,PLG,6467.69,5.6,2024-07-01,Priya Natarajan,False,0,False
deal,2024-Q3,Selection,,,,D-00349,PrimeMetrics Ltd.,SMB,PLG,3064.12,3.6,2024-07-01,Priya Natarajan,False,0,True
deal,2024-Q3,Selection,,,,D-00350,BrightLogistics Group,SMB,PLG,3135.06,7.2,2024-07-01,Ingrid Johansson,False,0,True
deal,2024-Q3,Selection,,,,D-00351,SilverSolutions Group,SMB,PLG,4219.88,8.3,2024-07-01,Callum Reid,False,0,False
deal,2024-Q3,Selection,Commit,,,D-00352,NovaSignal GmbH,SMB,PLG,1731.07,8.1,2024-07-01,Sofia Marchetti,False,0,True
deal,2024-Q3,Commit,Onboarding,,,D-00352,NovaSignal GmbH,SMB,PLG,1731.07,2.6,2024-07-09,Sofia Marchetti,False,0,True
deal,2024-Q3,Onboarding,Adoption,,,D-00352,NovaSignal GmbH,SMB,PLG,1731.07,13.4,2024-07-11,Sofia Marchetti,False,0,True
deal,2024-Q3,Adoption,Renewal,,,D-00352,NovaSignal GmbH,SMB,PLG,1731.07,18.4,2024-07-24,Sofia Marchetti,False,0,True
deal,2024-Q3,Renewal,Expansion,,,D-00352,NovaSignal GmbH,SMB,PLG,1731.07,24.6,2024-08-11,Sofia Marchetti,False,0,True
deal,2024-Q3,Expansion,,,,D-00352,NovaSignal GmbH,SMB,PLG,1731.07,24.2,2024-09-04,Sofia Marchetti,False,0.0,True
deal,2024-Q3,Selection,Commit,,,D-00353,NorthernSystems B.V.,SMB,Sales-led,17567.16,13.0,2024-07-01,Elena Petrova,False,0,
deal,2024-Q3,Commit,Onboarding,,,D-00353,NorthernSystems B.V.,SMB,Sales-led,17567.16,6.7,2024-07-14,Elena Petrova,False,0,
deal,2024-Q3,Onboarding,Adoption,,,D-00353,NorthernSystems B.V.,SMB,Sales-led,17567.16,7.4,2024-07-20,Elena Petrova,False,0,
deal,2024-Q3,Adoption,Renewal,,,D-00353,NorthernSystems B.V.,SMB,Sales-led,17567.16,42.1,2024-07-27,Elena Petrova,False,0,
deal,2024-Q3,Renewal,Expansion,,,D-00353,NorthernSystems B.V.,SMB,Sales-led,17567.16,16.9,2024-09-07,Elena Petrova,False,0,
deal,2024-Q3,Expansion,,,,D-00353,NorthernSystems B.V.,SMB,Sales-led,17567.16,22.0,2024-09-23,Elena Petrova,False,0.0,
deal,2024-Q3,Selection,,,,D-00354,NorthernDynamics B.V.,SMB,PLG,3882.05,5.5,2024-07-01,Tariq Aziz,False,0,False
deal,2024-Q3,Selection,,,,D-00355,ClearLogistics & Co.,SMB,PLG,5428.02,7.6,2024-07-01,Callum Reid,False,0,False
deal,2024-Q3,Selection,,,,D-00356,SilverAnalytics & Co.,SMB,PLG,2685.55,7.4,2024-07-01,Sofia Marchetti,False,0,True
deal,2024-Q3,Selection,Commit,,,D-00357,BlueWorks Inc.,SMB,Sales-led,12539.36,7.4,2024-07-01,Declan Byrne,False,0,
deal,2024-Q3,Commit,Onboarding,,,D-00357,BlueWorks Inc.,SMB,Sales-led,12539.36,3.4,2024-07-08,Declan Byrne,False,0,
deal,2024-Q3,Onboarding,Adoption,,,D-00357,BlueWorks Inc.,SMB,Sales-led,12539.36,9.1,2024-07-11,Declan Byrne,False,0,
deal,2024-Q3,Adoption,Renewal,,,D-00357,BlueWorks Inc.,SMB,Sales-led,12539.36,41.2,2024-07-20,Declan Byrne,False,0,
deal,2024-Q3,Renewal,Expansion,,,D-00357,BlueWorks Inc.,SMB,Sales-led,12539.36,51.0,2024-08-30,Declan Byrne,False,0,
deal,2024-Q3,Expansion,,,,D-00357,BlueWorks Inc.,SMB,Sales-led,12539.36,38.2,2024-10-20,Declan Byrne,False,0.0,
deal,2024-Q3,Selection,,,,D-00358,NovaHealth & Co.,SMB,Sales-led,5677.03,12.4,2024-07-01,Liam Fitzgerald,False,0,
deal,2024-Q3,Selection,Commit,,,D-00359,SolsticeDynamics Ltd.,SMB,PLG,2886.21,4.4,2024-07-01,Priya Natarajan,False,0,True
deal,2024-Q3,Commit,Onboarding,,,D-00359,SolsticeDynamics Ltd.,SMB,PLG,2886.21,3.9,2024-07-05,Priya Natarajan,False,0,True
deal,2024-Q3,Onboarding,Adoption,,,D-00359,SolsticeDynamics Ltd.,SMB,PLG,2886.21,13.8,2024-07-08,Priya Natarajan,False,0,True
deal,2024-Q3,Adoption,Renewal,,,D-00359,SolsticeDynamics Ltd.,SMB,PLG,2886.21,68.5,2024-07-21,Priya Natarajan,False,0,True
deal,2024-Q3,Renewal,Expansion,,,D-00359,SolsticeDynamics Ltd.,SMB,PLG,2886.21,32.0,2024-09-27,Priya Natarajan,False,0,True
deal,2024-Q3,Expansion,,,,D-00359,SolsticeDynamics Ltd.,SMB,PLG,2886.21,15.6,2024-10-29,Priya Natarajan,False,0.0,True
deal,2024-Q3,Selection,,,,D-00360,BoldCommerce & Co.,SMB,PLG,2573.28,6.9,2024-07-01,Elena Petrova,False,0,True
deal,2024-Q3,Selection,Commit,,,D-00361,CedarData B.V.,SMB,PLG,3403.24,7.6,2024-07-01,Tariq Aziz,False,0,True
deal,2024-Q3,Commit,Onboarding,,,D-00361,CedarData B.V.,SMB,PLG,3403.24,1.6,2024-07-08,Tariq Aziz,False,0,True
deal,2024-Q3,Onboarding,Adoption,,,D-00361,CedarData B.V.,SMB,PLG,3403.24,10.5,2024-07-09,Tariq Aziz,False,0,True
deal,2024-Q3,Adoption,Renewal,,,D-00361,CedarData B.V.,SMB,PLG,3403.24,24.8,2024-07-19,Tariq Aziz,False,0,True
deal,2024-Q3,Renewal,Expansion,,,D-00361,CedarData B.V.,SMB,PLG,3403.24,20.8,2024-08-12,Tariq Aziz,False,0,True
deal,2024-Q3,Expansion,,,,D-00361,CedarData B.V.,SMB,PLG,3403.24,23.4,2024-09-01,Tariq Aziz,False,0.0,True
deal,2024-Q3,Selection,,,,D-00362,HarborCloud Group,SMB,Sales-led,12021.6,7.8,2024-07-01,Marcus Webb,False,0,
deal,2024-Q3,Selection,,,,D-00363,BrightDynamics B.V.,SMB,PLG,2373.03,6.9,2024-07-01,Callum Reid,False,0,True
deal,2024-Q3,Selection,Commit,,,D-00364,SwiftData GmbH,SMB,PLG,1978.14,6.3,2024-07-01,Yuki Tanaka,False,0,True
deal,2024-Q3,Commit,Onboarding,,,D-00364,SwiftData GmbH,SMB,PLG,1978.14,1.9,2024-07-07,Yuki Tanaka,False,0,True
deal,2024-Q3,Onboarding,Adoption,,,D-00364,SwiftData GmbH,SMB,PLG,1978.14,10.2,2024-07-08,Yuki Tanaka,False,0,True
deal,2024-Q3,Adoption,Renewal,,,D-00364,SwiftData GmbH,SMB,PLG,1978.14,29.1,2024-07-18,Yuki Tanaka,False,0,True
deal,2024-Q3,Renewal,Expansion,,,D-00364,SwiftData GmbH,SMB,PLG,1978.14,14.2,2024-08-16,Yuki Tanaka,False,0,True
deal,2024-Q3,Expansion,,,,D-00364,SwiftData GmbH,SMB,PLG,1978.14,45.4,2024-08-30,Yuki Tanaka,False,395.9,True
deal,2024-Q3,Selection,,,,D-00365,CedarCommerce GmbH,SMB,PLG,2809.89,6.0,2024-07-01,Ben Sorensen,False,0,True
deal,2024-Q3,Selection,,,,D-00366,SolsticeMetrics Inc.,SMB,PLG,3361.33,3.0,2024-07-01,Liam Fitzgerald,False,0,False
deal,2024-Q3,Selection,Commit,,,D-00367,BlueCommerce Inc.,SMB,PLG,4863.84,5.3,2024-07-01,Elena Petrova,False,0,True
deal,2024-Q3,Commit,Onboarding,,,D-00367,BlueCommerce Inc.,SMB,PLG,4863.84,1.5,2024-07-06,Elena Petrova,False,0,True
deal,2024-Q3,Onboarding,Adoption,,,D-00367,BlueCommerce Inc.,SMB,PLG,4863.84,8.4,2024-07-07,Elena Petrova,False,0,True
deal,2024-Q3,Adoption,Renewal,,,D-00367,BlueCommerce Inc.,SMB,PLG,4863.84,34.9,2024-07-15,Elena Petrova,False,0,True
deal,2024-Q3,Renewal,Expansion,,,D-00367,BlueCommerce Inc.,SMB,PLG,4863.84,29.2,2024-08-18,Elena Petrova,False,0,True
deal,2024-Q3,Expansion,,,,D-00367,BlueCommerce Inc.,SMB,PLG,4863.84,19.6,2024-09-16,Elena Petrova,False,0.0,True
deal,2024-Q3,Selection,Commit,,,D-00368,SolsticeLabs B.V.,SMB,PLG,2358.73,4.4,2024-07-01,Declan Byrne,False,0,True
deal,2024-Q3,Commit,Onboarding,,,D-00368,SolsticeLabs B.V.,SMB,PLG,2358.73,1.3,2024-07-05,Declan Byrne,False,0,True
deal,2024-Q3,Onboarding,Adoption,,,D-00368,SolsticeLabs B.V.,SMB,PLG,2358.73,10.6,2024-07-06,Declan Byrne,False,0,True
deal,2024-Q3,Adoption,Renewal,,,D-00368,SolsticeLabs B.V.,SMB,PLG,2358.73,36.2,2024-07-16,Declan Byrne,False,0,True
deal,2024-Q3,Renewal,Expansion,,,D-00368,SolsticeLabs B.V.,SMB,PLG,2358.73,11.4,2024-08-21,Declan Byrne,False,0,True
deal,2024-Q3,Expansion,,,,D-00368,SolsticeLabs B.V.,SMB,PLG,2358.73,47.5,2024-09-01,Declan Byrne,False,0.0,True
deal,2024-Q3,Selection,,,,D-00369,KestrelFinance & Co.,SMB,PLG,2707.31,2.1,2024-07-01,Priya Natarajan,False,0,False
deal,2024-Q3,Selection,Commit,,,D-00370,BrightWorks & Co.,SMB,PLG,6093.93,3.4,2024-07-01,Priya Natarajan,False,0,True
deal,2024-Q3,Commit,Onboarding,,,D-00370,BrightWorks & Co.,SMB,PLG,6093.93,3.1,2024-07-04,Priya Natarajan,False,0,True
deal,2024-Q3,Onboarding,Adoption,,,D-00370,BrightWorks & Co.,SMB,PLG,6093.93,11.4,2024-07-07,Priya Natarajan,False,0,True
deal,2024-Q3,Adoption,Renewal,,,D-00370,BrightWorks & Co.,SMB,PLG,6093.93,64.5,2024-07-18,Priya Natarajan,False,0,True
deal,2024-Q3,Renewal,Expansion,,,D-00370,BrightWorks & Co.,SMB,PLG,6093.93,11.2,2024-09-20,Priya Natarajan,False,0,True
deal,2024-Q3,Expansion,,,,D-00370,BrightWorks & Co.,SMB,PLG,6093.93,20.6,2024-10-01,Priya Natarajan,False,1687.66,True
deal,2024-Q3,Selection,,,,D-00371,VantageFinance B.V.,SMB,Sales-led,8406.55,4.3,2024-07-01,Noor Haddad,False,0,
deal,2024-Q3,Selection,,,,D-00372,BlueData B.V.,SMB,PLG,3291.01,5.5,2024-07-01,Ben Sorensen,False,0,False
deal,2024-Q3,Selection,,,,D-00373,BlueHealth & Co.,SMB,PLG,1803.34,5.1,2024-07-01,Liam Fitzgerald,False,0,False
deal,2024-Q3,Selection,,,,D-00374,SolsticeMetrics GmbH,SMB,PLG,4328.58,4.4,2024-07-01,Aisling Kelly,False,0,True
deal,2024-Q3,Selection,Commit,,,D-00375,AmberFinance Group,SMB,PLG,5250.5,17.2,2024-07-01,Ben Sorensen,False,0,True
deal,2024-Q3,Commit,Onboarding,,,D-00375,AmberFinance Group,SMB,PLG,5250.5,1.2,2024-07-18,Ben Sorensen,False,0,True
deal,2024-Q3,Onboarding,Adoption,,,D-00375,AmberFinance Group,SMB,PLG,5250.5,6.8,2024-07-19,Ben Sorensen,False,0,True
deal,2024-Q3,Adoption,Renewal,,,D-00375,AmberFinance Group,SMB,PLG,5250.5,39.3,2024-07-25,Ben Sorensen,False,0,True
deal,2024-Q3,Renewal,Expansion,,,D-00375,AmberFinance Group,SMB,PLG,5250.5,21.3,2024-09-02,Ben Sorensen,False,0,True
deal,2024-Q3,Expansion,,,,D-00375,AmberFinance Group,SMB,PLG,5250.5,15.4,2024-09-23,Ben Sorensen,False,0.0,True
deal,2024-Q3,Selection,,,,D-00376,SwiftStudio & Co.,SMB,PLG,5402.88,9.6,2024-07-01,Marcus Webb,False,0,False
deal,2024-Q3,Selection,Commit,,,D-00377,NorthernAnalytics Ltd.,SMB,PLG,2482.64,6.0,2024-07-01,Noor Haddad,False,0,False
deal,2024-Q3,Commit,Onboarding,,,D-00377,NorthernAnalytics Ltd.,SMB,PLG,2482.64,1.4,2024-07-07,Noor Haddad,False,0,False
deal,2024-Q3,Onboarding,Adoption,,,D-00377,NorthernAnalytics Ltd.,SMB,PLG,2482.64,11.9,2024-07-08,Noor Haddad,False,0,False
deal,2024-Q3,Adoption,Renewal,,,D-00377,NorthernAnalytics Ltd.,SMB,PLG,2482.64,31.8,2024-07-19,Noor Haddad,False,0,False
deal,2024-Q3,Renewal,Expansion,,,D-00377,NorthernAnalytics Ltd.,SMB,PLG,2482.64,13.3,2024-08-19,Noor Haddad,False,0,False
deal,2024-Q3,Expansion,,,,D-00377,NorthernAnalytics Ltd.,SMB,PLG,2482.64,17.2,2024-09-01,Noor Haddad,False,617.82,False
deal,2024-Q3,Selection,,,,D-00378,VantageDynamics Ltd.,SMB,PLG,4944.24,10.1,2024-07-01,Elena Petrova,False,0,False
deal,2024-Q3,Selection,,,,D-00379,MeridianWorks GmbH,SMB,Sales-led,6988.97,9.2,2024-07-01,Noor Haddad,False,0,
deal,2024-Q3,Selection,,,,D-00380,HarborWorks & Co.,SMB,Sales-led,4025.42,7.4,2024-07-01,Rian de Groot,False,0,
deal,2024-Q3,Selection,,,,D-00381,MeridianAnalytics Inc.,SMB,PLG,3295.27,4.9,2024-07-01,Fatima Zahra,False,0,False
deal,2024-Q3,Selection,,,,D-00382,BrightCommerce GmbH,SMB,PLG,5266.94,4.0,2024-07-01,Priya Natarajan,False,0,True
deal,2024-Q3,Selection,,,,D-00383,BoldLabs Inc.,SMB,PLG,2231.89,7.1,2024-07-01,Amara Okafor,False,0,False
deal,2024-Q3,Selection,,,,D-00384,CedarFinance GmbH,SMB,PLG,3996.24,10.9,2024-07-01,Marcus Webb,False,0,True
deal,2024-Q3,Selection,Commit,,,D-00385,NorthernSystems Group,SMB,Sales-led,9396.66,6.5,2024-07-01,Priya Natarajan,False,0,
deal,2024-Q3,Commit,Onboarding,,,D-00385,NorthernSystems Group,SMB,Sales-led,9396.66,5.3,2024-07-07,Priya Natarajan,False,0,
deal,2024-Q3,Onboarding,Adoption,,,D-00385,NorthernSystems Group,SMB,Sales-led,9396.66,8.7,2024-07-12,Priya Natarajan,False,0,
deal,2024-Q3,Adoption,Renewal,,,D-00385,NorthernSystems Group,SMB,Sales-led,9396.66,66.8,2024-07-20,Priya Natarajan,False,0,
deal,2024-Q3,Renewal,,,,D-00385,NorthernSystems Group,SMB,Sales-led,9396.66,37.1,2024-09-24,Priya Natarajan,True,0,
deal,2024-Q3,Selection,,,,D-00386,HarborLogistics Inc.,SMB,Sales-led,6815.75,10.1,2024-07-01,Elena Petrova,False,0,
deal,2024-Q3,Selection,,,,D-00387,AmberSystems Ltd.,SMB,Sales-led,10160.83,13.3,2024-07-01,Yuki Tanaka,False,0,
deal,2024-Q3,Selection,,,,D-00388,KestrelCloud GmbH,SMB,Sales-led,9673.51,13.3,2024-07-01,Ingrid Johansson,False,0,
deal,2024-Q3,Selection,Commit,,,D-00389,LucidStudio GmbH,SMB,Sales-led,5945.38,6.5,2024-07-01,Ingrid Johansson,False,0,
deal,2024-Q3,Commit,Onboarding,,,D-00389,LucidStudio GmbH,SMB,Sales-led,5945.38,2.5,2024-07-07,Ingrid Johansson,False,0,
deal,2024-Q3,Onboarding,Adoption,,,D-00389,LucidStudio GmbH,SMB,Sales-led,5945.38,8.4,2024-07-09,Ingrid Johansson,False,0,
deal,2024-Q3,Adoption,Renewal,,,D-00389,LucidStudio GmbH,SMB,Sales-led,5945.38,64.8,2024-07-17,Ingrid Johansson,False,0,
deal,2024-Q3,Renewal,Expansion,,,D-00389,LucidStudio GmbH,SMB,Sales-led,5945.38,12.2,2024-09-19,Ingrid Johansson,False,0,
deal,2024-Q3,Expansion,,,,D-00389,LucidStudio GmbH,SMB,Sales-led,5945.38,31.6,2024-10-01,Ingrid Johansson,False,0.0,
deal,2024-Q3,Selection,,,,D-00390,NorthernCommerce B.V.,SMB,PLG,1805.43,2.7,2024-07-01,Ben Sorensen,False,0,True
deal,2024-Q3,Selection,,,,D-00391,VantageDynamics GmbH,SMB,Sales-led,14123.44,6.7,2024-07-01,Yuki Tanaka,False,0,
deal,2024-Q3,Selection,,,,D-00392,KestrelSignal GmbH,SMB,PLG,5402.0,4.8,2024-07-01,Sofia Marchetti,False,0,True
deal,2024-Q3,Selection,,,,D-00393,VantageMetrics & Co.,SMB,PLG,6792.58,11.4,2024-07-01,Ingrid Johansson,False,0,True
deal,2024-Q3,Selection,Commit,,,D-00394,ClearDynamics & Co.,SMB,PLG,5071.8,7.3,2024-07-01,Fatima Zahra,False,0,True
deal,2024-Q3,Commit,Onboarding,,,D-00394,ClearDynamics & Co.,SMB,PLG,5071.8,2.0,2024-07-08,Fatima Zahra,False,0,True
deal,2024-Q3,Onboarding,Adoption,,,D-00394,ClearDynamics & Co.,SMB,PLG,5071.8,5.0,2024-07-10,Fatima Zahra,False,0,True
deal,2024-Q3,Adoption,Renewal,,,D-00394,ClearDynamics & Co.,SMB,PLG,5071.8,58.0,2024-07-15,Fatima Zahra,False,0,True
deal,2024-Q3,Renewal,Expansion,,,D-00394,ClearDynamics & Co.,SMB,PLG,5071.8,14.3,2024-09-11,Fatima Zahra,False,0,True
deal,2024-Q3,Expansion,,,,D-00394,ClearDynamics & Co.,SMB,PLG,5071.8,29.7,2024-09-25,Fatima Zahra,False,0.0,True
deal,2024-Q3,Selection,,,,D-00395,LucidHealth Ltd.,SMB,PLG,5057.24,7.7,2024-07-01,Declan Byrne,False,0,True
deal,2024-Q3,Selection,Commit,,,D-00396,BoldDynamics Ltd.,SMB,Sales-led,9180.27,12.5,2024-07-01,Sofia Marchetti,False,0,
deal,2024-Q3,Commit,Onboarding,,,D-00396,BoldDynamics Ltd.,SMB,Sales-led,9180.27,4.4,2024-07-13,Sofia Marchetti,False,0,
deal,2024-Q3,Onboarding,Adoption,,,D-00396,BoldDynamics Ltd.,SMB,Sales-led,9180.27,7.6,2024-07-17,Sofia Marchetti,False,0,
deal,2024-Q3,Adoption,Renewal,,,D-00396,BoldDynamics Ltd.,SMB,Sales-led,9180.27,84.5,2024-07-24,Sofia Marchetti,False,0,
deal,2024-Q3,Renewal,Expansion,,,D-00396,BoldDynamics Ltd.,SMB,Sales-led,9180.27,9.5,2024-10-16,Sofia Marchetti,False,0,
deal,2024-Q3,Expansion,,,,D-00396,BoldDynamics Ltd.,SMB,Sales-led,9180.27,21.0,2024-10-25,Sofia Marchetti,False,0.0,
deal,2024-Q3,Selection,Commit,,,D-00397,NovaDynamics Ltd.,SMB,Sales-led,6895.54,9.6,2024-07-01,Elena Petrova,False,0,
deal,2024-Q3,Commit,Onboarding,,,D-00397,NovaDynamics Ltd.,SMB,Sales-led,6895.54,2.1,2024-07-10,Elena Petrova,False,0,
deal,2024-Q3,Onboarding,Adoption,,,D-00397,NovaDynamics Ltd.,SMB,Sales-led,6895.54,10.8,2024-07-12,Elena Petrova,False,0,
deal,2024-Q3,Adoption,Renewal,,,D-00397,NovaDynamics Ltd.,SMB,Sales-led,6895.54,41.9,2024-07-22,Elena Petrova,False,0,
deal,2024-Q3,Renewal,,,,D-00397,NovaDynamics Ltd.,SMB,Sales-led,6895.54,14.6,2024-09-01,Elena Petrova,True,0,
deal,2024-Q3,Selection,Commit,,,D-00398,MeridianLogistics Inc.,SMB,PLG,4180.73,5.2,2024-07-01,Ingrid Johansson,False,0,True
deal,2024-Q3,Commit,Onboarding,,,D-00398,MeridianLogistics Inc.,SMB,PLG,4180.73,1.9,2024-07-06,Ingrid Johansson,False,0,True
deal,2024-Q3,Onboarding,Adoption,,,D-00398,MeridianLogistics Inc.,SMB,PLG,4180.73,9.4,2024-07-07,Ingrid Johansson,False,0,True
deal,2024-Q3,Adoption,Renewal,,,D-00398,MeridianLogistics Inc.,SMB,PLG,4180.73,87.0,2024-07-16,Ingrid Johansson,False,0,True
deal,2024-Q3,Renewal,Expansion,,,D-00398,MeridianLogistics Inc.,SMB,PLG,4180.73,15.0,2024-10-11,Ingrid Johansson,False,0,True
deal,2024-Q3,Expansion,,,,D-00398,MeridianLogistics Inc.,SMB,PLG,4180.73,23.0,2024-10-26,Ingrid Johansson,False,0.0,True
deal,2024-Q3,Selection,,,,D-00399,RapidCloud Ltd.,SMB,PLG,3786.49,5.3,2024-07-01,Yuki Tanaka,False,0,False
deal,2024-Q3,Selection,Commit,,,D-00400,AmberCloud GmbH,SMB,PLG,5668.52,6.3,2024-07-01,Noor Haddad,False,0,True
deal,2024-Q3,Commit,Onboarding,,,D-00400,AmberCloud GmbH,SMB,PLG,5668.52,3.5,2024-07-07,Noor Haddad,False,0,True
deal,2024-Q3,Onboarding,Adoption,,,D-00400,AmberCloud GmbH,SMB,PLG,5668.52,12.9,2024-07-10,Noor Haddad,False,0,True
deal,2024-Q3,Adoption,Renewal,,,D-00400,AmberCloud GmbH,SMB,PLG,5668.52,37.2,2024-07-22,Noor Haddad,False,0,True
deal,2024-Q3,Renewal,Expansion,,,D-00400,AmberCloud GmbH,SMB,PLG,5668.52,17.7,2024-08-28,Noor Haddad,False,0,True
deal,2024-Q3,Expansion,,,,D-00400,AmberCloud GmbH,SMB,PLG,5668.52,39.2,2024-09-14,Noor Haddad,False,0.0,True
deal,2024-Q3,Selection,,,,D-00401,RapidDynamics Group,SMB,PLG,5338.4,11.6,2024-07-01,Sofia Marchetti,False,0,False
deal,2024-Q3,Selection,,,,D-00402,RapidFinance Inc.,SMB,PLG,2833.42,10.0,2024-07-01,Rian de Groot,False,0,False
deal,2024-Q3,Selection,,,,D-00403,MeridianHealth Group,SMB,PLG,3997.61,5.5,2024-07-01,Sofia Marchetti,False,0,True
deal,2024-Q3,Selection,,,,D-00404,SwiftDynamics B.V.,SMB,Sales-led,3988.53,4.5,2024-07-01,Noor Haddad,False,0,
deal,2024-Q3,Selection,,,,D-00405,CedarLabs Group,SMB,Sales-led,7299.56,11.2,2024-07-01,Fatima Zahra,False,0,
deal,2024-Q3,Selection,,,,D-00406,NorthernCloud GmbH,SMB,PLG,4792.0,4.5,2024-07-01,Liam Fitzgerald,False,0,True
deal,2024-Q3,Selection,,,,D-00407,SolsticeRobotics GmbH,SMB,PLG,7863.62,7.3,2024-07-01,Sofia Marchetti,False,0,True
deal,2024-Q3,Selection,Commit,,,D-00408,RapidLabs B.V.,SMB,PLG,1724.64,6.7,2024-07-01,Fatima Zahra,False,0,True
deal,2024-Q3,Commit,Onboarding,,,D-00408,RapidLabs B.V.,SMB,PLG,1724.64,3.8,2024-07-07,Fatima Zahra,False,0,True
deal,2024-Q3,Onboarding,Adoption,,,D-00408,RapidLabs B.V.,SMB,PLG,1724.64,12.4,2024-07-10,Fatima Zahra,False,0,True
deal,2024-Q3,Adoption,Renewal,,,D-00408,RapidLabs B.V.,SMB,PLG,1724.64,42.4,2024-07-22,Fatima Zahra,False,0,True
deal,2024-Q3,Renewal,Expansion,,,D-00408,RapidLabs B.V.,SMB,PLG,1724.64,13.9,2024-09-02,Fatima Zahra,False,0,True
deal,2024-Q3,Expansion,,,,D-00408,RapidLabs B.V.,SMB,PLG,1724.64,28.1,2024-09-15,Fatima Zahra,False,181.36,True
deal,2024-Q3,Selection,,,,D-00409,BoldSystems GmbH,SMB,PLG,2710.62,6.0,2024-07-01,Fatima Zahra,False,0,True
deal,2024-Q3,Selection,,,,D-00410,LucidWorks Group,SMB,Sales-led,13919.31,9.6,2024-07-01,Sofia Marchetti,False,0,
deal,2024-Q3,Selection,Commit,,,D-00411,VantageHealth Inc.,SMB,PLG,3281.1,6.2,2024-07-01,Priya Natarajan,False,0,True
deal,2024-Q3,Commit,Onboarding,,,D-00411,VantageHealth Inc.,SMB,PLG,3281.1,0.7,2024-07-07,Priya Natarajan,False,0,True
deal,2024-Q3,Onboarding,Adoption,,,D-00411,VantageHealth Inc.,SMB,PLG,3281.1,9.1,2024-07-07,Priya Natarajan,False,0,True
deal,2024-Q3,Adoption,Renewal,,,D-00411,VantageHealth Inc.,SMB,PLG,3281.1,43.3,2024-07-16,Priya Natarajan,False,0,True
deal,2024-Q3,Renewal,Expansion,,,D-00411,VantageHealth Inc.,SMB,PLG,3281.1,35.0,2024-08-28,Priya Natarajan,False,0,True
deal,2024-Q3,Expansion,,,,D-00411,VantageHealth Inc.,SMB,PLG,3281.1,23.2,2024-10-02,Priya Natarajan,False,412.29,True
deal,2024-Q3,Selection,Commit,,,D-00412,BrightData B.V.,SMB,Sales-led,5693.78,7.5,2024-07-01,Liam Fitzgerald,False,0,
deal,2024-Q3,Commit,Onboarding,,,D-00412,BrightData B.V.,SMB,Sales-led,5693.78,5.2,2024-07-08,Liam Fitzgerald,False,0,
deal,2024-Q3,Onboarding,Adoption,,,D-00412,BrightData B.V.,SMB,Sales-led,5693.78,14.5,2024-07-13,Liam Fitzgerald,False,0,
deal,2024-Q3,Adoption,Renewal,,,D-00412,BrightData B.V.,SMB,Sales-led,5693.78,21.1,2024-07-27,Liam Fitzgerald,False,0,
deal,2024-Q3,Renewal,Expansion,,,D-00412,BrightData B.V.,SMB,Sales-led,5693.78,26.6,2024-08-17,Liam Fitzgerald,False,0,
deal,2024-Q3,Expansion,,,,D-00412,BrightData B.V.,SMB,Sales-led,5693.78,50.1,2024-09-12,Liam Fitzgerald,False,0.0,
deal,2024-Q3,Selection,Commit,,,D-00413,NorthernLogistics Group,SMB,PLG,6399.89,4.3,2024-07-01,Rian de Groot,False,0,True
deal,2024-Q3,Commit,Onboarding,,,D-00413,NorthernLogistics Group,SMB,PLG,6399.89,3.6,2024-07-05,Rian de Groot,False,0,True
deal,2024-Q3,Onboarding,Adoption,,,D-00413,NorthernLogistics Group,SMB,PLG,6399.89,7.6,2024-07-08,Rian de Groot,False,0,True
deal,2024-Q3,Adoption,Renewal,,,D-00413,NorthernLogistics Group,SMB,PLG,6399.89,77.5,2024-07-15,Rian de Groot,False,0,True
deal,2024-Q3,Renewal,Expansion,,,D-00413,NorthernLogistics Group,SMB,PLG,6399.89,21.4,2024-09-30,Rian de Groot,False,0,True
deal,2024-Q3,Expansion,,,,D-00413,NorthernLogistics Group,SMB,PLG,6399.89,22.3,2024-10-21,Rian de Groot,False,715.57,True
deal,2024-Q3,Selection,Commit,,,D-00414,PrimeMetrics & Co.,SMB,PLG,2778.05,9.7,2024-07-01,Sofia Marchetti,False,0,True
deal,2024-Q3,Commit,Onboarding,,,D-00414,PrimeMetrics & Co.,SMB,PLG,2778.05,3.2,2024-07-10,Sofia Marchetti,False,0,True
deal,2024-Q3,Onboarding,Adoption,,,D-00414,PrimeMetrics & Co.,SMB,PLG,2778.05,13.2,2024-07-13,Sofia Marchetti,False,0,True
deal,2024-Q3,Adoption,Renewal,,,D-00414,PrimeMetrics & Co.,SMB,PLG,2778.05,44.4,2024-07-26,Sofia Marchetti,False,0,True
deal,2024-Q3,Renewal,Expansion,,,D-00414,PrimeMetrics & Co.,SMB,PLG,2778.05,15.0,2024-09-08,Sofia Marchetti,False,0,True
deal,2024-Q3,Expansion,,,,D-00414,PrimeMetrics & Co.,SMB,PLG,2778.05,26.9,2024-09-23,Sofia Marchetti,False,303.81,True
deal,2024-Q3,Selection,Commit,,,D-00415,SolsticeData Group,SMB,PLG,3761.41,7.8,2024-07-01,Amara Okafor,False,0,True
deal,2024-Q3,Commit,Onboarding,,,D-00415,SolsticeData Group,SMB,PLG,3761.41,1.6,2024-07-08,Amara Okafor,False,0,True
deal,2024-Q3,Onboarding,,,,D-00415,SolsticeData Group,SMB,PLG,3761.41,13.0,2024-07-09,Amara Okafor,True,0,True
deal,2024-Q3,Selection,,,,D-00416,CedarSystems Group,SMB,Sales-led,5926.54,12.8,2024-07-01,Priya Natarajan,False,0,
deal,2024-Q3,Selection,Commit,,,D-00417,VantageWorks GmbH,SMB,PLG,3313.6,5.5,2024-07-01,Aisling Kelly,False,0,True
deal,2024-Q3,Commit,Onboarding,,,D-00417,VantageWorks GmbH,SMB,PLG,3313.6,3.1,2024-07-06,Aisling Kelly,False,0,True
deal,2024-Q3,Onboarding,Adoption,,,D-00417,VantageWorks GmbH,SMB,PLG,3313.6,7.5,2024-07-09,Aisling Kelly,False,0,True
deal,2024-Q3,Adoption,Renewal,,,D-00417,VantageWorks GmbH,SMB,PLG,3313.6,52.2,2024-07-16,Aisling Kelly,False,0,True
deal,2024-Q3,Renewal,Expansion,,,D-00417,VantageWorks GmbH,SMB,PLG,3313.6,29.1,2024-09-06,Aisling Kelly,False,0,True
deal,2024-Q3,Expansion,,,,D-00417,VantageWorks GmbH,SMB,PLG,3313.6,25.7,2024-10-05,Aisling Kelly,False,461.8,True
deal,2024-Q3,Selection,,,,D-00418,SolsticeAnalytics & Co.,SMB,Sales-led,5213.25,8.7,2024-07-01,Tariq Aziz,False,0,
deal,2024-Q3,Selection,Commit,,,D-00419,NovaCommerce B.V.,SMB,PLG,2033.27,5.5,2024-07-01,Liam Fitzgerald,False,0,True
deal,2024-Q3,Commit,Onboarding,,,D-00419,NovaCommerce B.V.,SMB,PLG,2033.27,2.3,2024-07-06,Liam Fitzgerald,False,0,True
deal,2024-Q3,Onboarding,Adoption,,,D-00419,NovaCommerce B.V.,SMB,PLG,2033.27,9.3,2024-07-08,Liam Fitzgerald,False,0,True
deal,2024-Q3,Adoption,Renewal,,,D-00419,NovaCommerce B.V.,SMB,PLG,2033.27,34.1,2024-07-17,Liam Fitzgerald,False,0,True
deal,2024-Q3,Renewal,Expansion,,,D-00419,NovaCommerce B.V.,SMB,PLG,2033.27,11.3,2024-08-20,Liam Fitzgerald,False,0,True
deal,2024-Q3,Expansion,,,,D-00419,NovaCommerce B.V.,SMB,PLG,2033.27,16.1,2024-08-31,Liam Fitzgerald,False,0.0,True
deal,2024-Q3,Selection,,,,D-00420,VantageWorks B.V.,SMB,Sales-led,5320.61,7.9,2024-07-01,Marcus Webb,False,0,
deal,2024-Q3,Selection,Commit,,,D-00421,MeridianLogistics GmbH,SMB,PLG,6170.69,4.1,2024-07-01,Elena Petrova,False,0,True
deal,2024-Q3,Commit,Onboarding,,,D-00421,MeridianLogistics GmbH,SMB,PLG,6170.69,1.6,2024-07-05,Elena Petrova,False,0,True
deal,2024-Q3,Onboarding,Adoption,,,D-00421,MeridianLogistics GmbH,SMB,PLG,6170.69,4.3,2024-07-06,Elena Petrova,False,0,True
deal,2024-Q3,Adoption,Renewal,,,D-00421,MeridianLogistics GmbH,SMB,PLG,6170.69,35.8,2024-07-10,Elena Petrova,False,0,True
deal,2024-Q3,Renewal,Expansion,,,D-00421,MeridianLogistics GmbH,SMB,PLG,6170.69,24.5,2024-08-14,Elena Petrova,False,0,True
deal,2024-Q3,Expansion,,,,D-00421,MeridianLogistics GmbH,SMB,PLG,6170.69,46.9,2024-09-07,Elena Petrova,False,1295.72,True
deal,2024-Q3,Selection,,,,D-00422,NorthernSignal Ltd.,SMB,PLG,2170.76,8.0,2024-07-01,Ben Sorensen,False,0,True
deal,2024-Q3,Selection,Commit,,,D-00423,SolsticeMetrics GmbH,SMB,PLG,4546.35,4.6,2024-07-01,Priya Natarajan,False,0,True
deal,2024-Q3,Commit,Onboarding,,,D-00423,SolsticeMetrics GmbH,SMB,PLG,4546.35,1.8,2024-07-05,Priya Natarajan,False,0,True
deal,2024-Q3,Onboarding,Adoption,,,D-00423,SolsticeMetrics GmbH,SMB,PLG,4546.35,4.7,2024-07-06,Priya Natarajan,False,0,True
deal,2024-Q3,Adoption,Renewal,,,D-00423,SolsticeMetrics GmbH,SMB,PLG,4546.35,32.7,2024-07-10,Priya Natarajan,False,0,True
deal,2024-Q3,Renewal,Expansion,,,D-00423,SolsticeMetrics GmbH,SMB,PLG,4546.35,11.6,2024-08-11,Priya Natarajan,False,0,True
deal,2024-Q3,Expansion,,,,D-00423,SolsticeMetrics GmbH,SMB,PLG,4546.35,19.1,2024-08-22,Priya Natarajan,False,0.0,True
deal,2024-Q3,Selection,,,,D-00424,AmberLogistics GmbH,SMB,PLG,1417.03,3.7,2024-07-01,Ingrid Johansson,False,0,False
deal,2024-Q3,Selection,Commit,,,D-00425,AmberSystems Ltd.,SMB,PLG,6989.96,4.5,2024-07-01,Ingrid Johansson,False,0,False
deal,2024-Q3,Commit,Onboarding,,,D-00425,AmberSystems Ltd.,SMB,PLG,6989.96,1.9,2024-07-05,Ingrid Johansson,False,0,False
deal,2024-Q3,Onboarding,Adoption,,,D-00425,AmberSystems Ltd.,SMB,PLG,6989.96,31.8,2024-07-06,Ingrid Johansson,False,0,False
deal,2024-Q3,Adoption,Renewal,,,D-00425,AmberSystems Ltd.,SMB,PLG,6989.96,67.1,2024-08-06,Ingrid Johansson,False,0,False
deal,2024-Q3,Renewal,Expansion,,,D-00425,AmberSystems Ltd.,SMB,PLG,6989.96,22.1,2024-10-12,Ingrid Johansson,False,0,False
deal,2024-Q3,Expansion,,,,D-00425,AmberSystems Ltd.,SMB,PLG,6989.96,22.8,2024-11-03,Ingrid Johansson,False,0.0,False
deal,2024-Q3,Selection,,,,D-00426,RapidSignal Group,SMB,Sales-led,7715.19,11.2,2024-07-01,Ben Sorensen,False,0,
deal,2024-Q3,Selection,,,,D-00427,RapidLogistics Inc.,SMB,Sales-led,3722.18,9.1,2024-07-01,Ben Sorensen,False,0,
deal,2024-Q3,Selection,,,,D-00428,LucidDynamics GmbH,SMB,PLG,4168.97,5.5,2024-07-01,Ingrid Johansson,False,0,False
deal,2024-Q3,Selection,Commit,,,D-00429,AmberDynamics GmbH,SMB,Sales-led,13019.3,15.6,2024-07-01,Ingrid Johansson,False,0,
deal,2024-Q3,Commit,Onboarding,,,D-00429,AmberDynamics GmbH,SMB,Sales-led,13019.3,3.9,2024-07-16,Ingrid Johansson,False,0,
deal,2024-Q3,Onboarding,Adoption,,,D-00429,AmberDynamics GmbH,SMB,Sales-led,13019.3,7.2,2024-07-19,Ingrid Johansson,False,0,
deal,2024-Q3,Adoption,Renewal,,,D-00429,AmberDynamics GmbH,SMB,Sales-led,13019.3,34.2,2024-07-26,Ingrid Johansson,False,0,
deal,2024-Q3,Renewal,Expansion,,,D-00429,AmberDynamics GmbH,SMB,Sales-led,13019.3,22.1,2024-08-29,Ingrid Johansson,False,0,
deal,2024-Q3,Expansion,,,,D-00429,AmberDynamics GmbH,SMB,Sales-led,13019.3,50.3,2024-09-20,Ingrid Johansson,False,0.0,
deal,2024-Q3,Selection,Commit,,,D-00430,NorthernStudio B.V.,SMB,Sales-led,11449.34,10.7,2024-07-01,Aisling Kelly,False,0,
deal,2024-Q3,Commit,Onboarding,,,D-00430,NorthernStudio B.V.,SMB,Sales-led,11449.34,3.3,2024-07-11,Aisling Kelly,False,0,
deal,2024-Q3,Onboarding,Adoption,,,D-00430,NorthernStudio B.V.,SMB,Sales-led,11449.34,7.9,2024-07-14,Aisling Kelly,False,0,
deal,2024-Q3,Adoption,Renewal,,,D-00430,NorthernStudio B.V.,SMB,Sales-led,11449.34,49.8,2024-07-21,Aisling Kelly,False,0,
deal,2024-Q3,Renewal,,,,D-00430,NorthernStudio B.V.,SMB,Sales-led,11449.34,26.9,2024-09-08,Aisling Kelly,True,0,
deal,2024-Q3,Selection,,,,D-00431,PrimeLabs & Co.,SMB,PLG,3568.19,8.4,2024-07-01,Declan Byrne,False,0,True
deal,2024-Q3,Selection,,,,D-00432,SwiftCommerce B.V.,SMB,PLG,3315.79,16.7,2024-07-01,Fatima Zahra,False,0,False
deal,2024-Q3,Selection,Commit,,,D-00433,AmberStudio Ltd.,SMB,PLG,3225.33,3.9,2024-07-01,Fatima Zahra,False,0,True
deal,2024-Q3,Commit,Onboarding,,,D-00433,AmberStudio Ltd.,SMB,PLG,3225.33,1.0,2024-07-04,Fatima Zahra,False,0,True
deal,2024-Q3,Onboarding,Adoption,,,D-00433,AmberStudio Ltd.,SMB,PLG,3225.33,7.5,2024-07-05,Fatima Zahra,False,0,True
deal,2024-Q3,Adoption,Renewal,,,D-00433,AmberStudio Ltd.,SMB,PLG,3225.33,30.2,2024-07-12,Fatima Zahra,False,0,True
deal,2024-Q3,Renewal,Expansion,,,D-00433,AmberStudio Ltd.,SMB,PLG,3225.33,21.7,2024-08-11,Fatima Zahra,False,0,True
deal,2024-Q3,Expansion,,,,D-00433,AmberStudio Ltd.,SMB,PLG,3225.33,22.2,2024-09-01,Fatima Zahra,False,661.19,True
deal,2024-Q3,Selection,Commit,,,D-00434,BlueMetrics Ltd.,SMB,PLG,4553.62,4.3,2024-07-01,Amara Okafor,False,0,True
deal,2024-Q3,Commit,Onboarding,,,D-00434,BlueMetrics Ltd.,SMB,PLG,4553.62,0.9,2024-07-05,Amara Okafor,False,0,True
deal,2024-Q3,Onboarding,Adoption,,,D-00434,BlueMetrics Ltd.,SMB,PLG,4553.62,16.7,2024-07-05,Amara Okafor,False,0,True
deal,2024-Q3,Adoption,Renewal,,,D-00434,BlueMetrics Ltd.,SMB,PLG,4553.62,27.7,2024-07-21,Amara Okafor,False,0,True
deal,2024-Q3,Renewal,Expansion,,,D-00434,BlueMetrics Ltd.,SMB,PLG,4553.62,27.8,2024-08-17,Amara Okafor,False,0,True
deal,2024-Q3,Expansion,,,,D-00434,BlueMetrics Ltd.,SMB,PLG,4553.62,37.0,2024-09-13,Amara Okafor,False,0.0,True
deal,2024-Q3,Selection,,,,D-00435,HarborSystems & Co.,SMB,PLG,4213.58,4.5,2024-07-01,Fatima Zahra,False,0,False
deal,2024-Q3,Selection,Commit,,,D-00436,VantageCloud Group,SMB,Sales-led,6499.31,10.4,2024-07-01,Rian de Groot,False,0,
deal,2024-Q3,Commit,Onboarding,,,D-00436,VantageCloud Group,SMB,Sales-led,6499.31,2.2,2024-07-11,Rian de Groot,False,0,
deal,2024-Q3,Onboarding,Adoption,,,D-00436,VantageCloud Group,SMB,Sales-led,6499.31,17.4,2024-07-13,Rian de Groot,False,0,
deal,2024-Q3,Adoption,Renewal,,,D-00436,VantageCloud Group,SMB,Sales-led,6499.31,44.9,2024-07-30,Rian de Groot,False,0,
deal,2024-Q3,Renewal,Expansion,,,D-00436,VantageCloud Group,SMB,Sales-led,6499.31,38.4,2024-09-12,Rian de Groot,False,0,
deal,2024-Q3,Expansion,,,,D-00436,VantageCloud Group,SMB,Sales-led,6499.31,54.1,2024-10-20,Rian de Groot,False,1804.95,
deal,2024-Q3,Selection,Commit,,,D-00437,SolsticeSignal Inc.,SMB,PLG,7043.7,7.5,2024-07-01,Ingrid Johansson,False,0,True
deal,2024-Q3,Commit,Onboarding,,,D-00437,SolsticeSignal Inc.,SMB,PLG,7043.7,1.9,2024-07-08,Ingrid Johansson,False,0,True
deal,2024-Q3,Onboarding,Adoption,,,D-00437,SolsticeSignal Inc.,SMB,PLG,7043.7,13.9,2024-07-09,Ingrid Johansson,False,0,True
deal,2024-Q3,Adoption,Renewal,,,D-00437,SolsticeSignal Inc.,SMB,PLG,7043.7,42.2,2024-07-22,Ingrid Johansson,False,0,True
deal,2024-Q3,Renewal,Expansion,,,D-00437,SolsticeSignal Inc.,SMB,PLG,7043.7,22.0,2024-09-02,Ingrid Johansson,False,0,True
deal,2024-Q3,Expansion,,,,D-00437,SolsticeSignal Inc.,SMB,PLG,7043.7,21.8,2024-09-24,Ingrid Johansson,False,1490.11,True
deal,2024-Q3,Selection,,,,D-00438,NorthernDynamics & Co.,SMB,PLG,5910.05,6.1,2024-07-01,Elena Petrova,False,0,True
deal,2024-Q3,Selection,,,,D-00439,MeridianMetrics & Co.,SMB,PLG,4193.39,5.2,2024-07-01,Tariq Aziz,False,0,False
deal,2024-Q3,Selection,,,,D-00440,MeridianLabs Inc.,SMB,PLG,2681.24,13.3,2024-07-01,Callum Reid,False,0,False
deal,2024-Q3,Selection,Commit,,,D-00441,CedarHealth Ltd.,SMB,PLG,2913.3,7.4,2024-07-01,Ingrid Johansson,False,0,True
deal,2024-Q3,Commit,Onboarding,,,D-00441,CedarHealth Ltd.,SMB,PLG,2913.3,4.4,2024-07-08,Ingrid Johansson,False,0,True
deal,2024-Q3,Onboarding,Adoption,,,D-00441,CedarHealth Ltd.,SMB,PLG,2913.3,9.6,2024-07-12,Ingrid Johansson,False,0,True
deal,2024-Q3,Adoption,Renewal,,,D-00441,CedarHealth Ltd.,SMB,PLG,2913.3,71.4,2024-07-21,Ingrid Johansson,False,0,True
deal,2024-Q3,Renewal,Expansion,,,D-00441,CedarHealth Ltd.,SMB,PLG,2913.3,22.2,2024-09-30,Ingrid Johansson,False,0,True
deal,2024-Q3,Expansion,,,,D-00441,CedarHealth Ltd.,SMB,PLG,2913.3,24.6,2024-10-22,Ingrid Johansson,False,0.0,True
deal,2024-Q3,Selection,,,,D-00442,MeridianWorks GmbH,SMB,Sales-led,7424.13,8.1,2024-07-01,Noor Haddad,False,0,
deal,2024-Q3,Selection,,,,D-00443,PrimeSystems Ltd.,SMB,PLG,2226.05,3.4,2024-07-01,Amara Okafor,False,0,True
deal,2024-Q3,Selection,Commit,,,D-00444,AmberWorks Group,SMB,Sales-led,7391.81,4.0,2024-07-01,Callum Reid,False,0,
deal,2024-Q3,Commit,Onboarding,,,D-00444,AmberWorks Group,SMB,Sales-led,7391.81,4.0,2024-07-05,Callum Reid,False,0,
deal,2024-Q3,Onboarding,,,,D-00444,AmberWorks Group,SMB,Sales-led,7391.81,18.3,2024-07-09,Callum Reid,True,0,
deal,2024-Q3,Selection,,,,D-00445,SilverSignal B.V.,SMB,Sales-led,11926.42,10.0,2024-07-01,Ben Sorensen,False,0,
deal,2024-Q3,Selection,,,,D-00446,KestrelSolutions & Co.,SMB,PLG,2699.9,2.3,2024-07-01,Fatima Zahra,False,0,False
deal,2024-Q3,Selection,,,,D-00447,SolsticeSignal GmbH,SMB,PLG,4721.68,5.5,2024-07-01,Sofia Marchetti,False,0,False
deal,2024-Q3,Selection,,,,D-00448,BrightSystems Group,SMB,PLG,5845.47,9.3,2024-07-01,Elena Petrova,False,0,False
deal,2024-Q3,Selection,,,,D-00449,BrightRobotics Ltd.,SMB,PLG,4096.91,10.0,2024-07-01,Elena Petrova,False,0,True
deal,2024-Q3,Selection,,,,D-00450,VantageDynamics B.V.,SMB,PLG,3411.51,5.5,2024-07-01,Callum Reid,False,0,False
deal,2024-Q3,Selection,,,,D-00451,CedarRobotics Ltd.,SMB,PLG,4474.69,10.2,2024-07-01,Callum Reid,False,0,True
deal,2024-Q3,Selection,,,,D-00452,AmberLabs B.V.,SMB,PLG,3918.38,2.8,2024-07-01,Callum Reid,False,0,True
deal,2024-Q3,Selection,Commit,,,D-00453,AmberMetrics & Co.,SMB,Sales-led,8806.74,9.5,2024-07-01,Marcus Webb,False,0,
deal,2024-Q3,Commit,Onboarding,,,D-00453,AmberMetrics & Co.,SMB,Sales-led,8806.74,3.6,2024-07-10,Marcus Webb,False,0,
deal,2024-Q3,Onboarding,Adoption,,,D-00453,AmberMetrics & Co.,SMB,Sales-led,8806.74,6.8,2024-07-13,Marcus Webb,False,0,
deal,2024-Q3,Adoption,Renewal,,,D-00453,AmberMetrics & Co.,SMB,Sales-led,8806.74,45.5,2024-07-19,Marcus Webb,False,0,
deal,2024-Q3,Renewal,Expansion,,,D-00453,AmberMetrics & Co.,SMB,Sales-led,8806.74,24.4,2024-09-02,Marcus Webb,False,0,
deal,2024-Q3,Expansion,,,,D-00453,AmberMetrics & Co.,SMB,Sales-led,8806.74,36.7,2024-09-26,Marcus Webb,False,0.0,
deal,2024-Q3,Selection,Commit,,,D-00454,HarborWorks Group,SMB,Sales-led,13312.65,8.9,2024-07-01,Marcus Webb,False,0,
deal,2024-Q3,Commit,Onboarding,,,D-00454,HarborWorks Group,SMB,Sales-led,13312.65,1.6,2024-07-09,Marcus Webb,False,0,
deal,2024-Q3,Onboarding,Adoption,,,D-00454,HarborWorks Group,SMB,Sales-led,13312.65,6.0,2024-07-10,Marcus Webb,False,0,
deal,2024-Q3,Adoption,Renewal,,,D-00454,HarborWorks Group,SMB,Sales-led,13312.65,34.4,2024-07-16,Marcus Webb,False,0,
deal,2024-Q3,Renewal,Expansion,,,D-00454,HarborWorks Group,SMB,Sales-led,13312.65,16.6,2024-08-19,Marcus Webb,False,0,
deal,2024-Q3,Expansion,,,,D-00454,HarborWorks Group,SMB,Sales-led,13312.65,28.2,2024-09-04,Marcus Webb,False,3564.89,
deal,2024-Q3,Selection,,,,D-00455,KestrelLogistics Inc.,SMB,Sales-led,4417.74,8.1,2024-07-01,Liam Fitzgerald,False,0,
deal,2024-Q3,Selection,,,,D-00456,SilverCloud Inc.,SMB,PLG,4267.96,6.4,2024-07-01,Priya Natarajan,False,0,True
deal,2024-Q3,Selection,,,,D-00457,BoldSignal Inc.,SMB,PLG,7791.78,4.0,2024-07-01,Noor Haddad,False,0,True
deal,2024-Q3,Selection,Commit,,,D-00458,NovaSolutions Ltd.,SMB,PLG,2405.11,10.4,2024-07-01,Ben Sorensen,False,0,False
deal,2024-Q3,Commit,Onboarding,,,D-00458,NovaSolutions Ltd.,SMB,PLG,2405.11,2.0,2024-07-11,Ben Sorensen,False,0,False
deal,2024-Q3,Onboarding,Adoption,,,D-00458,NovaSolutions Ltd.,SMB,PLG,2405.11,5.0,2024-07-13,Ben Sorensen,False,0,False
deal,2024-Q3,Adoption,Renewal,,,D-00458,NovaSolutions Ltd.,SMB,PLG,2405.11,29.8,2024-07-18,Ben Sorensen,False,0,False
deal,2024-Q3,Renewal,Expansion,,,D-00458,NovaSolutions Ltd.,SMB,PLG,2405.11,13.4,2024-08-16,Ben Sorensen,False,0,False
deal,2024-Q3,Expansion,,,,D-00458,NovaSolutions Ltd.,SMB,PLG,2405.11,17.6,2024-08-29,Ben Sorensen,False,0.0,False
deal,2024-Q4,Selection,,,,D-00459,BoldMetrics Inc.,SMB,PLG,3199.16,5.6,2024-10-01,Sofia Marchetti,False,0,False
deal,2024-Q4,Selection,Commit,,,D-00460,LucidMetrics Ltd.,SMB,PLG,5416.7,3.7,2024-10-01,Fatima Zahra,False,0,True
deal,2024-Q4,Commit,Onboarding,,,D-00460,LucidMetrics Ltd.,SMB,PLG,5416.7,1.2,2024-10-04,Fatima Zahra,False,0,True
deal,2024-Q4,Onboarding,Adoption,,,D-00460,LucidMetrics Ltd.,SMB,PLG,5416.7,7.8,2024-10-05,Fatima Zahra,False,0,True
deal,2024-Q4,Adoption,Renewal,,,D-00460,LucidMetrics Ltd.,SMB,PLG,5416.7,33.3,2024-10-12,Fatima Zahra,False,0,True
deal,2024-Q4,Renewal,Expansion,,,D-00460,LucidMetrics Ltd.,SMB,PLG,5416.7,19.6,2024-11-14,Fatima Zahra,False,0,True
deal,2024-Q4,Expansion,,,,D-00460,LucidMetrics Ltd.,SMB,PLG,5416.7,20.5,2024-12-03,Fatima Zahra,False,0.0,True
deal,2024-Q4,Selection,Commit,,,D-00461,RapidSolutions Group,SMB,PLG,5812.16,6.5,2024-10-01,Callum Reid,False,0,True
deal,2024-Q4,Commit,Onboarding,,,D-00461,RapidSolutions Group,SMB,PLG,5812.16,1.3,2024-10-07,Callum Reid,False,0,True
deal,2024-Q4,Onboarding,Adoption,,,D-00461,RapidSolutions Group,SMB,PLG,5812.16,6.8,2024-10-08,Callum Reid,False,0,True
deal,2024-Q4,Adoption,Renewal,,,D-00461,RapidSolutions Group,SMB,PLG,5812.16,63.0,2024-10-14,Callum Reid,False,0,True
deal,2024-Q4,Renewal,Expansion,,,D-00461,RapidSolutions Group,SMB,PLG,5812.16,7.1,2024-12-16,Callum Reid,False,0,True
deal,2024-Q4,Expansion,,,,D-00461,RapidSolutions Group,SMB,PLG,5812.16,25.6,2024-12-23,Callum Reid,False,0.0,True
deal,2024-Q4,Selection,,,,D-00462,HarborWorks & Co.,SMB,PLG,2689.03,4.3,2024-10-01,Liam Fitzgerald,False,0,True
deal,2024-Q4,Selection,,,,D-00463,BrightData Ltd.,SMB,Sales-led,6155.02,12.5,2024-10-01,Fatima Zahra,False,0,
deal,2024-Q4,Selection,,,,D-00464,PrimeHealth & Co.,SMB,PLG,6482.34,2.9,2024-10-01,Tariq Aziz,False,0,False
deal,2024-Q4,Selection,,,,D-00465,HarborDynamics & Co.,SMB,PLG,4614.87,6.5,2024-10-01,Amara Okafor,False,0,True
deal,2024-Q4,Selection,,,,D-00466,MeridianWorks Ltd.,SMB,PLG,3468.68,7.3,2024-10-01,Ingrid Johansson,False,0,True
deal,2024-Q4,Selection,,,,D-00467,AmberSystems Group,SMB,PLG,6985.93,5.0,2024-10-01,Ingrid Johansson,False,0,False
deal,2024-Q4,Selection,Commit,,,D-00468,MeridianSignal GmbH,SMB,PLG,2241.91,5.7,2024-10-01,Aisling Kelly,False,0,True
deal,2024-Q4,Commit,Onboarding,,,D-00468,MeridianSignal GmbH,SMB,PLG,2241.91,1.6,2024-10-06,Aisling Kelly,False,0,True
deal,2024-Q4,Onboarding,Adoption,,,D-00468,MeridianSignal GmbH,SMB,PLG,2241.91,27.7,2024-10-07,Aisling Kelly,False,0,True
deal,2024-Q4,Adoption,Renewal,,,D-00468,MeridianSignal GmbH,SMB,PLG,2241.91,76.4,2024-11-03,Aisling Kelly,False,0,True
deal,2024-Q4,Renewal,Expansion,,,D-00468,MeridianSignal GmbH,SMB,PLG,2241.91,20.6,2025-01-18,Aisling Kelly,False,0,True
deal,2024-Q4,Expansion,,,,D-00468,MeridianSignal GmbH,SMB,PLG,2241.91,17.1,2025-02-07,Aisling Kelly,False,0.0,True
deal,2024-Q4,Selection,,,,D-00469,PrimeSystems Inc.,SMB,Sales-led,3022.41,9.7,2024-10-01,Rian de Groot,False,0,
deal,2024-Q4,Selection,,,,D-00470,KestrelAnalytics & Co.,SMB,Sales-led,9326.88,11.6,2024-10-01,Callum Reid,False,0,
deal,2024-Q4,Selection,Commit,,,D-00471,VantageRobotics Ltd.,SMB,PLG,5617.34,6.1,2024-10-01,Tariq Aziz,False,0,True
deal,2024-Q4,Commit,Onboarding,,,D-00471,VantageRobotics Ltd.,SMB,PLG,5617.34,3.6,2024-10-07,Tariq Aziz,False,0,True
deal,2024-Q4,Onboarding,Adoption,,,D-00471,VantageRobotics Ltd.,SMB,PLG,5617.34,11.0,2024-10-10,Tariq Aziz,False,0,True
deal,2024-Q4,Adoption,Renewal,,,D-00471,VantageRobotics Ltd.,SMB,PLG,5617.34,23.0,2024-10-21,Tariq Aziz,False,0,True
deal,2024-Q4,Renewal,Expansion,,,D-00471,VantageRobotics Ltd.,SMB,PLG,5617.34,13.8,2024-11-13,Tariq Aziz,False,0,True
deal,2024-Q4,Expansion,,,,D-00471,VantageRobotics Ltd.,SMB,PLG,5617.34,35.6,2024-11-26,Tariq Aziz,False,1402.44,True
deal,2024-Q4,Selection,,,,D-00472,AmberMetrics & Co.,SMB,Sales-led,7352.52,12.2,2024-10-01,Sofia Marchetti,False,0,
deal,2024-Q4,Selection,,,,D-00473,BoldCloud & Co.,SMB,PLG,3920.69,2.7,2024-10-01,Tariq Aziz,False,0,True
deal,2024-Q4,Selection,,,,D-00474,KestrelStudio Ltd.,SMB,Sales-led,9557.71,10.1,2024-10-01,Ben Sorensen,False,0,
deal,2024-Q4,Selection,,,,D-00475,NovaData B.V.,SMB,PLG,2374.85,10.3,2024-10-01,Declan Byrne,False,0,False
deal,2024-Q4,Selection,Commit,,,D-00476,KestrelStudio B.V.,SMB,PLG,4903.72,4.8,2024-10-01,Callum Reid,False,0,False
deal,2024-Q4,Commit,Onboarding,,,D-00476,KestrelStudio B.V.,SMB,PLG,4903.72,3.9,2024-10-05,Callum Reid,False,0,False
deal,2024-Q4,Onboarding,,,,D-00476,KestrelStudio B.V.,SMB,PLG,4903.72,13.7,2024-10-08,Callum Reid,True,0,False
deal,2024-Q4,Selection,,,,D-00477,SwiftMetrics GmbH,SMB,PLG,3178.6,3.3,2024-10-01,Yuki Tanaka,False,0,False
deal,2024-Q4,Selection,Commit,,,D-00478,BlueSignal Group,SMB,PLG,5512.31,5.6,2024-10-01,Callum Reid,False,0,True
deal,2024-Q4,Commit,Onboarding,,,D-00478,BlueSignal Group,SMB,PLG,5512.31,3.9,2024-10-06,Callum Reid,False,0,True
deal,2024-Q4,Onboarding,Adoption,,,D-00478,BlueSignal Group,SMB,PLG,5512.31,9.8,2024-10-09,Callum Reid,False,0,True
deal,2024-Q4,Adoption,Renewal,,,D-00478,BlueSignal Group,SMB,PLG,5512.31,56.0,2024-10-18,Callum Reid,False,0,True
deal,2024-Q4,Renewal,,,,D-00478,BlueSignal Group,SMB,PLG,5512.31,14.7,2024-12-13,Callum Reid,True,0,True
deal,2024-Q4,Selection,,,,D-00479,NovaWorks Ltd.,SMB,PLG,3604.71,6.5,2024-10-01,Callum Reid,False,0,True
deal,2024-Q4,Selection,,,,D-00480,BoldSolutions B.V.,SMB,PLG,14898.6,6.6,2024-10-01,Priya Natarajan,False,0,True
deal,2024-Q4,Selection,Commit,,,D-00481,SolsticeSignal Group,SMB,PLG,5329.98,3.0,2024-10-01,Yuki Tanaka,False,0,True
deal,2024-Q4,Commit,Onboarding,,,D-00481,SolsticeSignal Group,SMB,PLG,5329.98,2.5,2024-10-04,Yuki Tanaka,False,0,True
deal,2024-Q4,Onboarding,Adoption,,,D-00481,SolsticeSignal Group,SMB,PLG,5329.98,9.8,2024-10-06,Yuki Tanaka,False,0,True
deal,2024-Q4,Adoption,Renewal,,,D-00481,SolsticeSignal Group,SMB,PLG,5329.98,32.8,2024-10-15,Yuki Tanaka,False,0,True
deal,2024-Q4,Renewal,Expansion,,,D-00481,SolsticeSignal Group,SMB,PLG,5329.98,12.6,2024-11-16,Yuki Tanaka,False,0,True
deal,2024-Q4,Expansion,,,,D-00481,SolsticeSignal Group,SMB,PLG,5329.98,42.6,2024-11-28,Yuki Tanaka,False,0.0,True
deal,2024-Q4,Selection,,,,D-00482,BlueHealth Ltd.,SMB,PLG,2030.99,5.8,2024-10-01,Amara Okafor,False,0,True
deal,2024-Q4,Selection,,,,D-00483,RapidSolutions GmbH,SMB,PLG,3301.31,5.4,2024-10-01,Noor Haddad,False,0,False
deal,2024-Q4,Selection,,,,D-00484,BoldCloud B.V.,SMB,Sales-led,4816.58,18.0,2024-10-01,Declan Byrne,False,0,
deal,2024-Q4,Selection,,,,D-00485,VantageCommerce GmbH,SMB,PLG,4402.69,9.2,2024-10-01,Tariq Aziz,False,0,False
deal,2024-Q4,Selection,,,,D-00486,SilverDynamics & Co.,SMB,Sales-led,8465.43,11.0,2024-10-01,Liam Fitzgerald,False,0,
deal,2024-Q4,Selection,,,,D-00487,SolsticeSystems Ltd.,SMB,PLG,2912.33,10.3,2024-10-01,Amara Okafor,False,0,False
deal,2024-Q4,Selection,,,,D-00488,BrightFinance Ltd.,SMB,PLG,4183.69,5.9,2024-10-01,Rian de Groot,False,0,True
deal,2024-Q4,Selection,,,,D-00489,MeridianLabs Group,SMB,Sales-led,8704.77,13.5,2024-10-01,Ben Sorensen,False,0,
deal,2024-Q4,Selection,Commit,,,D-00490,CedarDynamics Inc.,SMB,PLG,3171.09,7.1,2024-10-01,Declan Byrne,False,0,True
deal,2024-Q4,Commit,Onboarding,,,D-00490,CedarDynamics Inc.,SMB,PLG,3171.09,2.4,2024-10-08,Declan Byrne,False,0,True
deal,2024-Q4,Onboarding,Adoption,,,D-00490,CedarDynamics Inc.,SMB,PLG,3171.09,20.3,2024-10-10,Declan Byrne,False,0,True
deal,2024-Q4,Adoption,Renewal,,,D-00490,CedarDynamics Inc.,SMB,PLG,3171.09,43.3,2024-10-30,Declan Byrne,False,0,True
deal,2024-Q4,Renewal,Expansion,,,D-00490,CedarDynamics Inc.,SMB,PLG,3171.09,18.0,2024-12-12,Declan Byrne,False,0,True
deal,2024-Q4,Expansion,,,,D-00490,CedarDynamics Inc.,SMB,PLG,3171.09,46.7,2024-12-30,Declan Byrne,False,0.0,True
deal,2024-Q4,Selection,,,,D-00491,CedarDynamics Inc.,SMB,PLG,3092.83,5.4,2024-10-01,Sofia Marchetti,False,0,True
deal,2024-Q4,Selection,,,,D-00492,BrightMetrics Inc.,SMB,PLG,3620.51,7.3,2024-10-01,Yuki Tanaka,False,0,False
deal,2024-Q4,Selection,,,,D-00493,BrightAnalytics GmbH,SMB,Sales-led,6291.15,12.1,2024-10-01,Declan Byrne,False,0,
deal,2024-Q4,Selection,,,,D-00494,AmberSignal GmbH,SMB,Sales-led,7921.79,5.0,2024-10-01,Elena Petrova,False,0,
deal,2024-Q4,Selection,,,,D-00495,SwiftStudio & Co.,SMB,PLG,11577.45,5.6,2024-10-01,Rian de Groot,False,0,False
deal,2024-Q4,Selection,,,,D-00496,KestrelLabs B.V.,SMB,PLG,4400.21,6.1,2024-10-01,Elena Petrova,False,0,False
deal,2024-Q4,Selection,,,,D-00497,BlueRobotics Group,SMB,PLG,1907.39,6.4,2024-10-01,Fatima Zahra,False,0,False
deal,2024-Q4,Selection,,,,D-00498,SwiftSystems Ltd.,SMB,PLG,3705.21,10.0,2024-10-01,Yuki Tanaka,False,0,False
deal,2024-Q4,Selection,Commit,,,D-00499,MeridianCloud & Co.,SMB,PLG,3789.38,4.5,2024-10-01,Priya Natarajan,False,0,True
deal,2024-Q4,Commit,Onboarding,,,D-00499,MeridianCloud & Co.,SMB,PLG,3789.38,2.1,2024-10-05,Priya Natarajan,False,0,True
deal,2024-Q4,Onboarding,Adoption,,,D-00499,MeridianCloud & Co.,SMB,PLG,3789.38,15.4,2024-10-07,Priya Natarajan,False,0,True
deal,2024-Q4,Adoption,Renewal,,,D-00499,MeridianCloud & Co.,SMB,PLG,3789.38,44.6,2024-10-22,Priya Natarajan,False,0,True
deal,2024-Q4,Renewal,Expansion,,,D-00499,MeridianCloud & Co.,SMB,PLG,3789.38,38.7,2024-12-05,Priya Natarajan,False,0,True
deal,2024-Q4,Expansion,,,,D-00499,MeridianCloud & Co.,SMB,PLG,3789.38,35.1,2025-01-12,Priya Natarajan,False,573.37,True
deal,2024-Q4,Selection,,,,D-00500,MeridianSignal Inc.,SMB,Sales-led,10967.58,12.9,2024-10-01,Rian de Groot,False,0,
deal,2024-Q4,Selection,Commit,,,D-00501,NovaCloud Group,SMB,PLG,2226.18,6.1,2024-10-01,Fatima Zahra,False,0,True
deal,2024-Q4,Commit,Onboarding,,,D-00501,NovaCloud Group,SMB,PLG,2226.18,2.1,2024-10-07,Fatima Zahra,False,0,True
deal,2024-Q4,Onboarding,Adoption,,,D-00501,NovaCloud Group,SMB,PLG,2226.18,13.2,2024-10-09,Fatima Zahra,False,0,True
deal,2024-Q4,Adoption,Renewal,,,D-00501,NovaCloud Group,SMB,PLG,2226.18,38.2,2024-10-22,Fatima Zahra,False,0,True
deal,2024-Q4,Renewal,,,,D-00501,NovaCloud Group,SMB,PLG,2226.18,17.9,2024-11-29,Fatima Zahra,True,0,True
deal,2024-Q4,Selection,,,,D-00502,NorthernSignal & Co.,SMB,Sales-led,7861.06,18.4,2024-10-01,Yuki Tanaka,False,0,
deal,2024-Q4,Selection,,,,D-00503,BrightStudio & Co.,SMB,Sales-led,8567.9,8.2,2024-10-01,Ben Sorensen,False,0,
deal,2024-Q4,Selection,Commit,,,D-00504,HarborSolutions Group,SMB,Sales-led,7460.12,16.6,2024-10-01,Liam Fitzgerald,False,0,
deal,2024-Q4,Commit,Onboarding,,,D-00504,HarborSolutions Group,SMB,Sales-led,7460.12,5.9,2024-10-17,Liam Fitzgerald,False,0,
deal,2024-Q4,Onboarding,Adoption,,,D-00504,HarborSolutions Group,SMB,Sales-led,7460.12,15.3,2024-10-22,Liam Fitzgerald,False,0,
deal,2024-Q4,Adoption,Renewal,,,D-00504,HarborSolutions Group,SMB,Sales-led,7460.12,16.6,2024-11-06,Liam Fitzgerald,False,0,
deal,2024-Q4,Renewal,Expansion,,,D-00504,HarborSolutions Group,SMB,Sales-led,7460.12,26.3,2024-11-22,Liam Fitzgerald,False,0,
deal,2024-Q4,Expansion,,,,D-00504,HarborSolutions Group,SMB,Sales-led,7460.12,38.5,2024-12-18,Liam Fitzgerald,False,1084.87,
deal,2024-Q4,Selection,,,,D-00505,SwiftLabs Inc.,SMB,PLG,6138.28,7.6,2024-10-01,Callum Reid,False,0,False
deal,2024-Q4,Selection,,,,D-00506,SwiftDynamics Ltd.,SMB,Sales-led,6443.7,7.3,2024-10-01,Ingrid Johansson,False,0,
deal,2024-Q4,Selection,Commit,,,D-00507,NorthernLabs Inc.,SMB,PLG,4437.42,4.8,2024-10-01,Tariq Aziz,False,0,True
deal,2024-Q4,Commit,Onboarding,,,D-00507,NorthernLabs Inc.,SMB,PLG,4437.42,3.0,2024-10-05,Tariq Aziz,False,0,True
deal,2024-Q4,Onboarding,Adoption,,,D-00507,NorthernLabs Inc.,SMB,PLG,4437.42,17.2,2024-10-08,Tariq Aziz,False,0,True
deal,2024-Q4,Adoption,Renewal,,,D-00507,NorthernLabs Inc.,SMB,PLG,4437.42,39.0,2024-10-25,Tariq Aziz,False,0,True
deal,2024-Q4,Renewal,,,,D-00507,NorthernLabs Inc.,SMB,PLG,4437.42,20.6,2024-12-03,Tariq Aziz,True,0,True
deal,2024-Q4,Selection,Commit,,,D-00508,SwiftMetrics Inc.,SMB,Sales-led,12840.04,9.6,2024-10-01,Priya Natarajan,False,0,
deal,2024-Q4,Commit,Onboarding,,,D-00508,SwiftMetrics Inc.,SMB,Sales-led,12840.04,3.9,2024-10-10,Priya Natarajan,False,0,
deal,2024-Q4,Onboarding,Adoption,,,D-00508,SwiftMetrics Inc.,SMB,Sales-led,12840.04,10.2,2024-10-13,Priya Natarajan,False,0,
deal,2024-Q4,Adoption,Renewal,,,D-00508,SwiftMetrics Inc.,SMB,Sales-led,12840.04,42.6,2024-10-23,Priya Natarajan,False,0,
deal,2024-Q4,Renewal,Expansion,,,D-00508,SwiftMetrics Inc.,SMB,Sales-led,12840.04,20.3,2024-12-04,Priya Natarajan,False,0,
deal,2024-Q4,Expansion,,,,D-00508,SwiftMetrics Inc.,SMB,Sales-led,12840.04,38.6,2024-12-24,Priya Natarajan,False,0.0,
deal,2024-Q4,Selection,Commit,,,D-00509,SolsticeFinance GmbH,SMB,PLG,3337.05,4.6,2024-10-01,Liam Fitzgerald,False,0,False
deal,2024-Q4,Commit,Onboarding,,,D-00509,SolsticeFinance GmbH,SMB,PLG,3337.05,1.7,2024-10-05,Liam Fitzgerald,False,0,False
deal,2024-Q4,Onboarding,,,,D-00509,SolsticeFinance GmbH,SMB,PLG,3337.05,4.9,2024-10-06,Liam Fitzgerald,True,0,False
deal,2024-Q4,Selection,,,,D-00510,SwiftLogistics Ltd.,SMB,Sales-led,7279.39,20.5,2024-10-01,Callum Reid,False,0,
deal,2024-Q4,Selection,,,,D-00511,CedarData Ltd.,SMB,PLG,2326.73,3.2,2024-10-01,Aisling Kelly,False,0,False
deal,2024-Q4,Selection,,,,D-00512,VantageSystems B.V.,SMB,Sales-led,10714.31,6.4,2024-10-01,Elena Petrova,False,0,
deal,2024-Q4,Selection,Commit,,,D-00513,KestrelHealth Group,SMB,Sales-led,11167.73,5.7,2024-10-01,Marcus Webb,False,0,
deal,2024-Q4,Commit,Onboarding,,,D-00513,KestrelHealth Group,SMB,Sales-led,11167.73,3.2,2024-10-06,Marcus Webb,False,0,
deal,2024-Q4,Onboarding,Adoption,,,D-00513,KestrelHealth Group,SMB,Sales-led,11167.73,6.6,2024-10-09,Marcus Webb,False,0,
deal,2024-Q4,Adoption,Renewal,,,D-00513,KestrelHealth Group,SMB,Sales-led,11167.73,57.5,2024-10-15,Marcus Webb,False,0,
deal,2024-Q4,Renewal,Expansion,,,D-00513,KestrelHealth Group,SMB,Sales-led,11167.73,26.0,2024-12-11,Marcus Webb,False,0,
deal,2024-Q4,Expansion,,,,D-00513,KestrelHealth Group,SMB,Sales-led,11167.73,25.5,2025-01-06,Marcus Webb,False,0.0,
deal,2024-Q4,Selection,,,,D-00514,VantageSolutions GmbH,SMB,PLG,2905.0,6.8,2024-10-01,Liam Fitzgerald,False,0,False
deal,2024-Q4,Selection,,,,D-00515,SolsticeStudio Group,SMB,PLG,1513.37,4.7,2024-10-01,Ingrid Johansson,False,0,True
deal,2024-Q4,Selection,Commit,,,D-00516,SwiftFinance Group,SMB,PLG,4840.87,6.1,2024-10-01,Ben Sorensen,False,0,True
deal,2024-Q4,Commit,Onboarding,,,D-00516,SwiftFinance Group,SMB,PLG,4840.87,1.4,2024-10-07,Ben Sorensen,False,0,True
deal,2024-Q4,Onboarding,Adoption,,,D-00516,SwiftFinance Group,SMB,PLG,4840.87,9.5,2024-10-08,Ben Sorensen,False,0,True
deal,2024-Q4,Adoption,Renewal,,,D-00516,SwiftFinance Group,SMB,PLG,4840.87,25.0,2024-10-17,Ben Sorensen,False,0,True
deal,2024-Q4,Renewal,Expansion,,,D-00516,SwiftFinance Group,SMB,PLG,4840.87,8.3,2024-11-11,Ben Sorensen,False,0,True
deal,2024-Q4,Expansion,,,,D-00516,SwiftFinance Group,SMB,PLG,4840.87,39.0,2024-11-19,Ben Sorensen,False,915.18,True
deal,2024-Q4,Selection,,,,D-00517,CedarWorks Group,SMB,PLG,5567.28,5.3,2024-10-01,Priya Natarajan,False,0,False
deal,2024-Q4,Selection,,,,D-00518,AmberFinance Ltd.,SMB,PLG,3653.62,2.2,2024-10-01,Ben Sorensen,False,0,True
deal,2024-Q4,Selection,,,,D-00519,CedarCloud Inc.,SMB,Sales-led,4277.61,3.4,2024-10-01,Ben Sorensen,False,0,
deal,2024-Q4,Selection,Commit,,,D-00520,VantageSolutions Group,SMB,PLG,6359.95,14.6,2024-10-01,Sofia Marchetti,False,0,True
deal,2024-Q4,Commit,Onboarding,,,D-00520,VantageSolutions Group,SMB,PLG,6359.95,2.7,2024-10-15,Sofia Marchetti,False,0,True
deal,2024-Q4,Onboarding,Adoption,,,D-00520,VantageSolutions Group,SMB,PLG,6359.95,13.4,2024-10-17,Sofia Marchetti,False,0,True
deal,2024-Q4,Adoption,Renewal,,,D-00520,VantageSolutions Group,SMB,PLG,6359.95,67.0,2024-10-30,Sofia Marchetti,False,0,True
deal,2024-Q4,Renewal,Expansion,,,D-00520,VantageSolutions Group,SMB,PLG,6359.95,11.2,2025-01-05,Sofia Marchetti,False,0,True
deal,2024-Q4,Expansion,,,,D-00520,VantageSolutions Group,SMB,PLG,6359.95,39.4,2025-01-16,Sofia Marchetti,False,1331.69,True
deal,2024-Q4,Selection,Commit,,,D-00521,BrightLogistics Ltd.,SMB,PLG,3403.03,4.5,2024-10-01,Fatima Zahra,False,0,False
deal,2024-Q4,Commit,Onboarding,,,D-00521,BrightLogistics Ltd.,SMB,PLG,3403.03,2.1,2024-10-05,Fatima Zahra,False,0,False
deal,2024-Q4,Onboarding,,,,D-00521,BrightLogistics Ltd.,SMB,PLG,3403.03,8.0,2024-10-07,Fatima Zahra,True,0,False
deal,2024-Q4,Selection,,,,D-00522,SolsticeHealth GmbH,SMB,Sales-led,5069.21,13.2,2024-10-01,Liam Fitzgerald,False,0,
deal,2024-Q4,Selection,,,,D-00523,PrimeSystems Group,SMB,PLG,3799.27,5.4,2024-10-01,Sofia Marchetti,False,0,True
deal,2024-Q4,Selection,,,,D-00524,BlueDynamics B.V.,SMB,PLG,2827.75,5.7,2024-10-01,Sofia Marchetti,False,0,True
deal,2024-Q4,Selection,,,,D-00525,SolsticeCloud Inc.,SMB,Sales-led,8038.14,15.3,2024-10-01,Declan Byrne,False,0,
deal,2024-Q4,Selection,,,,D-00526,NorthernFinance Inc.,SMB,Sales-led,10548.51,8.6,2024-10-01,Ingrid Johansson,False,0,
deal,2024-Q4,Selection,Commit,,,D-00527,CedarCloud & Co.,SMB,Sales-led,11940.43,11.4,2024-10-01,Elena Petrova,False,0,
deal,2024-Q4,Commit,Onboarding,,,D-00527,CedarCloud & Co.,SMB,Sales-led,11940.43,2.8,2024-10-12,Elena Petrova,False,0,
deal,2024-Q4,Onboarding,Adoption,,,D-00527,CedarCloud & Co.,SMB,Sales-led,11940.43,13.9,2024-10-14,Elena Petrova,False,0,
deal,2024-Q4,Adoption,Renewal,,,D-00527,CedarCloud & Co.,SMB,Sales-led,11940.43,39.5,2024-10-27,Elena Petrova,False,0,
deal,2024-Q4,Renewal,Expansion,,,D-00527,CedarCloud & Co.,SMB,Sales-led,11940.43,13.9,2024-12-05,Elena Petrova,False,0,
deal,2024-Q4,Expansion,,,,D-00527,CedarCloud & Co.,SMB,Sales-led,11940.43,31.2,2024-12-18,Elena Petrova,False,2398.63,
deal,2024-Q4,Selection,,,,D-00528,CedarWorks Group,SMB,PLG,7709.87,7.8,2024-10-01,Amara Okafor,False,0,True
deal,2024-Q4,Selection,,,,D-00529,SilverRobotics GmbH,SMB,PLG,2601.11,6.9,2024-10-01,Amara Okafor,False,0,False
deal,2024-Q4,Selection,,,,D-00530,HarborSolutions Inc.,SMB,PLG,6392.49,10.2,2024-10-01,Yuki Tanaka,False,0,True
deal,2024-Q4,Selection,,,,D-00531,VantageData Inc.,SMB,Sales-led,5419.55,12.0,2024-10-01,Aisling Kelly,False,0,
deal,2024-Q4,Selection,,,,D-00532,MeridianAnalytics & Co.,SMB,Sales-led,7289.7,10.8,2024-10-01,Liam Fitzgerald,False,0,
deal,2024-Q4,Selection,,,,D-00533,ClearLabs Inc.,SMB,Sales-led,8359.29,6.5,2024-10-01,Amara Okafor,False,0,
deal,2024-Q4,Selection,,,,D-00534,VantageSignal Ltd.,SMB,PLG,4106.24,5.3,2024-10-01,Noor Haddad,False,0,False
deal,2024-Q4,Selection,Commit,,,D-00535,HarborLogistics Inc.,SMB,PLG,2052.63,4.7,2024-10-01,Tariq Aziz,False,0,True
deal,2024-Q4,Commit,Onboarding,,,D-00535,HarborLogistics Inc.,SMB,PLG,2052.63,2.2,2024-10-05,Tariq Aziz,False,0,True
deal,2024-Q4,Onboarding,Adoption,,,D-00535,HarborLogistics Inc.,SMB,PLG,2052.63,10.5,2024-10-07,Tariq Aziz,False,0,True
deal,2024-Q4,Adoption,Renewal,,,D-00535,HarborLogistics Inc.,SMB,PLG,2052.63,118.2,2024-10-17,Tariq Aziz,False,0,True
deal,2024-Q4,Renewal,,,,D-00535,HarborLogistics Inc.,SMB,PLG,2052.63,17.7,2025-02-12,Tariq Aziz,True,0,True
deal,2024-Q4,Selection,Commit,,,D-00536,BlueSystems Inc.,SMB,PLG,2053.4,3.8,2024-10-01,Noor Haddad,False,0,True
deal,2024-Q4,Commit,Onboarding,,,D-00536,BlueSystems Inc.,SMB,PLG,2053.4,3.0,2024-10-04,Noor Haddad,False,0,True
deal,2024-Q4,Onboarding,Adoption,,,D-00536,BlueSystems Inc.,SMB,PLG,2053.4,8.5,2024-10-07,Noor Haddad,False,0,True
deal,2024-Q4,Adoption,Renewal,,,D-00536,BlueSystems Inc.,SMB,PLG,2053.4,67.2,2024-10-15,Noor Haddad,False,0,True
deal,2024-Q4,Renewal,Expansion,,,D-00536,BlueSystems Inc.,SMB,PLG,2053.4,12.4,2024-12-21,Noor Haddad,False,0,True
deal,2024-Q4,Expansion,,,,D-00536,BlueSystems Inc.,SMB,PLG,2053.4,20.3,2025-01-02,Noor Haddad,False,541.38,True
deal,2024-Q4,Selection,Commit,,,D-00537,RapidSolutions Group,SMB,PLG,1938.52,5.8,2024-10-01,Yuki Tanaka,False,0,True
deal,2024-Q4,Commit,Onboarding,,,D-00537,RapidSolutions Group,SMB,PLG,1938.52,1.2,2024-10-06,Yuki Tanaka,False,0,True
deal,2024-Q4,Onboarding,Adoption,,,D-00537,RapidSolutions Group,SMB,PLG,1938.52,10.9,2024-10-07,Yuki Tanaka,False,0,True
deal,2024-Q4,Adoption,Renewal,,,D-00537,RapidSolutions Group,SMB,PLG,1938.52,51.2,2024-10-17,Yuki Tanaka,False,0,True
deal,2024-Q4,Renewal,Expansion,,,D-00537,RapidSolutions Group,SMB,PLG,1938.52,7.8,2024-12-07,Yuki Tanaka,False,0,True
deal,2024-Q4,Expansion,,,,D-00537,RapidSolutions Group,SMB,PLG,1938.52,27.4,2024-12-14,Yuki Tanaka,False,0.0,True
deal,2024-Q4,Selection,,,,D-00538,ClearLogistics Ltd.,SMB,Sales-led,7053.75,7.6,2024-10-01,Liam Fitzgerald,False,0,
deal,2024-Q4,Selection,,,,D-00539,SilverLabs GmbH,SMB,PLG,4193.82,4.1,2024-10-01,Callum Reid,False,0,False
deal,2024-Q4,Selection,,,,D-00540,MeridianWorks GmbH,SMB,PLG,6761.87,6.7,2024-10-01,Noor Haddad,False,0,False
deal,2024-Q4,Selection,,,,D-00541,NovaWorks & Co.,SMB,PLG,7828.63,9.4,2024-10-01,Noor Haddad,False,0,True
deal,2024-Q4,Selection,Commit,,,D-00542,KestrelRobotics & Co.,SMB,PLG,4151.67,5.7,2024-10-01,Liam Fitzgerald,False,0,True
deal,2024-Q4,Commit,Onboarding,,,D-00542,KestrelRobotics & Co.,SMB,PLG,4151.67,2.4,2024-10-06,Liam Fitzgerald,False,0,True
deal,2024-Q4,Onboarding,Adoption,,,D-00542,KestrelRobotics & Co.,SMB,PLG,4151.67,6.2,2024-10-08,Liam Fitzgerald,False,0,True
deal,2024-Q4,Adoption,Renewal,,,D-00542,KestrelRobotics & Co.,SMB,PLG,4151.67,33.6,2024-10-14,Liam Fitzgerald,False,0,True
deal,2024-Q4,Renewal,Expansion,,,D-00542,KestrelRobotics & Co.,SMB,PLG,4151.67,27.4,2024-11-16,Liam Fitzgerald,False,0,True
deal,2024-Q4,Expansion,,,,D-00542,KestrelRobotics & Co.,SMB,PLG,4151.67,17.2,2024-12-13,Liam Fitzgerald,False,575.23,True
deal,2024-Q4,Selection,,,,D-00543,SwiftCommerce GmbH,SMB,PLG,3286.99,3.0,2024-10-01,Yuki Tanaka,False,0,True
deal,2024-Q4,Selection,,,,D-00544,HarborMetrics GmbH,SMB,PLG,3005.2,12.4,2024-10-01,Noor Haddad,False,0,False
deal,2024-Q4,Selection,,,,D-00545,BlueFinance GmbH,SMB,PLG,3099.58,5.7,2024-10-01,Priya Natarajan,False,0,False
deal,2024-Q4,Selection,,,,D-00546,LucidData Ltd.,SMB,PLG,8151.55,10.7,2024-10-01,Rian de Groot,False,0,False
deal,2024-Q4,Selection,,,,D-00547,RapidCommerce Inc.,SMB,PLG,4786.2,11.7,2024-10-01,Liam Fitzgerald,False,0,True
deal,2024-Q4,Selection,Commit,,,D-00548,BrightAnalytics Ltd.,SMB,Sales-led,15447.13,12.7,2024-10-01,Aisling Kelly,False,0,
deal,2024-Q4,Commit,Onboarding,,,D-00548,BrightAnalytics Ltd.,SMB,Sales-led,15447.13,2.9,2024-10-13,Aisling Kelly,False,0,
deal,2024-Q4,Onboarding,Adoption,,,D-00548,BrightAnalytics Ltd.,SMB,Sales-led,15447.13,11.3,2024-10-15,Aisling Kelly,False,0,
deal,2024-Q4,Adoption,Renewal,,,D-00548,BrightAnalytics Ltd.,SMB,Sales-led,15447.13,44.4,2024-10-26,Aisling Kelly,False,0,
deal,2024-Q4,Renewal,Expansion,,,D-00548,BrightAnalytics Ltd.,SMB,Sales-led,15447.13,15.7,2024-12-09,Aisling Kelly,False,0,
deal,2024-Q4,Expansion,,,,D-00548,BrightAnalytics Ltd.,SMB,Sales-led,15447.13,56.5,2024-12-24,Aisling Kelly,False,0.0,
deal,2024-Q4,Selection,Commit,,,D-00549,NorthernHealth & Co.,SMB,PLG,1179.13,6.1,2024-10-01,Callum Reid,False,0,False
deal,2024-Q4,Commit,Onboarding,,,D-00549,NorthernHealth & Co.,SMB,PLG,1179.13,1.7,2024-10-07,Callum Reid,False,0,False
deal,2024-Q4,Onboarding,Adoption,,,D-00549,NorthernHealth & Co.,SMB,PLG,1179.13,8.3,2024-10-08,Callum Reid,False,0,False
deal,2024-Q4,Adoption,Renewal,,,D-00549,NorthernHealth & Co.,SMB,PLG,1179.13,53.1,2024-10-16,Callum Reid,False,0,False
deal,2024-Q4,Renewal,Expansion,,,D-00549,NorthernHealth & Co.,SMB,PLG,1179.13,12.0,2024-12-08,Callum Reid,False,0,False
deal,2024-Q4,Expansion,,,,D-00549,NorthernHealth & Co.,SMB,PLG,1179.13,38.7,2024-12-20,Callum Reid,False,0.0,False
deal,2024-Q4,Selection,,,,D-00550,NorthernWorks & Co.,SMB,PLG,1659.31,14.6,2024-10-01,Fatima Zahra,False,0,False
deal,2024-Q4,Selection,,,,D-00551,MeridianData Group,SMB,Sales-led,9849.68,8.7,2024-10-01,Callum Reid,False,0,
deal,2024-Q4,Selection,,,,D-00552,HarborLabs GmbH,SMB,PLG,3549.21,8.1,2024-10-01,Marcus Webb,False,0,True
deal,2024-Q4,Selection,,,,D-00553,HarborLogistics & Co.,SMB,PLG,1577.41,4.2,2024-10-01,Rian de Groot,False,0,False
deal,2024-Q4,Selection,Commit,,,D-00554,KestrelLogistics Inc.,SMB,PLG,2772.72,6.7,2024-10-01,Tariq Aziz,False,0,False
deal,2024-Q4,Commit,Onboarding,,,D-00554,KestrelLogistics Inc.,SMB,PLG,2772.72,2.5,2024-10-07,Tariq Aziz,False,0,False
deal,2024-Q4,Onboarding,Adoption,,,D-00554,KestrelLogistics Inc.,SMB,PLG,2772.72,20.7,2024-10-09,Tariq Aziz,False,0,False
deal,2024-Q4,Adoption,Renewal,,,D-00554,KestrelLogistics Inc.,SMB,PLG,2772.72,47.1,2024-10-29,Tariq Aziz,False,0,False
deal,2024-Q4,Renewal,Expansion,,,D-00554,KestrelLogistics Inc.,SMB,PLG,2772.72,11.5,2024-12-15,Tariq Aziz,False,0,False
deal,2024-Q4,Expansion,,,,D-00554,KestrelLogistics Inc.,SMB,PLG,2772.72,37.9,2024-12-26,Tariq Aziz,False,652.38,False
deal,2024-Q4,Selection,,,,D-00555,BlueSolutions B.V.,SMB,PLG,3029.54,5.3,2024-10-01,Sofia Marchetti,False,0,False
deal,2024-Q4,Selection,,,,D-00556,SolsticeAnalytics Group,SMB,PLG,2349.61,6.8,2024-10-01,Ingrid Johansson,False,0,True
deal,2024-Q4,Selection,,,,D-00557,HarborData Ltd.,SMB,Sales-led,8183.7,8.5,2024-10-01,Sofia Marchetti,False,0,
deal,2024-Q4,Selection,,,,D-00558,BlueHealth B.V.,SMB,PLG,2421.23,8.9,2024-10-01,Liam Fitzgerald,False,0,False
deal,2024-Q4,Selection,,,,D-00559,HarborFinance & Co.,SMB,Sales-led,13808.12,6.0,2024-10-01,Liam Fitzgerald,False,0,
deal,2024-Q4,Selection,Commit,,,D-00560,SilverAnalytics Ltd.,SMB,PLG,4715.45,5.4,2024-10-01,Elena Petrova,False,0,True
deal,2024-Q4,Commit,Onboarding,,,D-00560,SilverAnalytics Ltd.,SMB,PLG,4715.45,4.5,2024-10-06,Elena Petrova,False,0,True
deal,2024-Q4,Onboarding,Adoption,,,D-00560,SilverAnalytics Ltd.,SMB,PLG,4715.45,9.2,2024-10-10,Elena Petrova,False,0,True
deal,2024-Q4,Adoption,Renewal,,,D-00560,SilverAnalytics Ltd.,SMB,PLG,4715.45,31.8,2024-10-19,Elena Petrova,False,0,True
deal,2024-Q4,Renewal,Expansion,,,D-00560,SilverAnalytics Ltd.,SMB,PLG,4715.45,13.8,2024-11-19,Elena Petrova,False,0,True
deal,2024-Q4,Expansion,,,,D-00560,SilverAnalytics Ltd.,SMB,PLG,4715.45,27.9,2024-12-02,Elena Petrova,False,690.2,True
deal,2024-Q4,Selection,,,,D-00561,BlueStudio & Co.,SMB,PLG,7141.69,6.8,2024-10-01,Marcus Webb,False,0,False
deal,2024-Q4,Selection,,,,D-00562,HarborLogistics GmbH,SMB,PLG,2084.71,6.8,2024-10-01,Liam Fitzgerald,False,0,False
deal,2024-Q4,Selection,,,,D-00563,HarborDynamics Group,SMB,PLG,4386.43,3.7,2024-10-01,Liam Fitzgerald,False,0,False
deal,2024-Q4,Selection,,,,D-00564,BlueMetrics & Co.,SMB,PLG,3177.68,5.7,2024-10-01,Sofia Marchetti,False,0,True
deal,2024-Q4,Selection,Commit,,,D-00565,BrightStudio GmbH,SMB,PLG,3607.29,4.7,2024-10-01,Callum Reid,False,0,True
deal,2024-Q4,Commit,Onboarding,,,D-00565,BrightStudio GmbH,SMB,PLG,3607.29,2.2,2024-10-05,Callum Reid,False,0,True
deal,2024-Q4,Onboarding,Adoption,,,D-00565,BrightStudio GmbH,SMB,PLG,3607.29,8.5,2024-10-07,Callum Reid,False,0,True
deal,2024-Q4,Adoption,Renewal,,,D-00565,BrightStudio GmbH,SMB,PLG,3607.29,26.5,2024-10-15,Callum Reid,False,0,True
deal,2024-Q4,Renewal,Expansion,,,D-00565,BrightStudio GmbH,SMB,PLG,3607.29,14.2,2024-11-10,Callum Reid,False,0,True
deal,2024-Q4,Expansion,,,,D-00565,BrightStudio GmbH,SMB,PLG,3607.29,45.6,2024-11-24,Callum Reid,False,819.39,True
deal,2024-Q4,Selection,Commit,,,D-00566,KestrelCloud & Co.,SMB,PLG,2492.63,7.6,2024-10-01,Rian de Groot,False,0,False
deal,2024-Q4,Commit,Onboarding,,,D-00566,KestrelCloud & Co.,SMB,PLG,2492.63,2.3,2024-10-08,Rian de Groot,False,0,False
deal,2024-Q4,Onboarding,Adoption,,,D-00566,KestrelCloud & Co.,SMB,PLG,2492.63,11.4,2024-10-10,Rian de Groot,False,0,False
deal,2024-Q4,Adoption,Renewal,,,D-00566,KestrelCloud & Co.,SMB,PLG,2492.63,48.9,2024-10-21,Rian de Groot,False,0,False
deal,2024-Q4,Renewal,Expansion,,,D-00566,KestrelCloud & Co.,SMB,PLG,2492.63,10.0,2024-12-08,Rian de Groot,False,0,False
deal,2024-Q4,Expansion,,,,D-00566,KestrelCloud & Co.,SMB,PLG,2492.63,59.2,2024-12-18,Rian de Groot,False,500.16,False
deal,2024-Q4,Selection,Commit,,,D-00567,SolsticeMetrics B.V.,SMB,Sales-led,12772.48,5.9,2024-10-01,Marcus Webb,False,0,
deal,2024-Q4,Commit,Onboarding,,,D-00567,SolsticeMetrics B.V.,SMB,Sales-led,12772.48,4.7,2024-10-06,Marcus Webb,False,0,
deal,2024-Q4,Onboarding,Adoption,,,D-00567,SolsticeMetrics B.V.,SMB,Sales-led,12772.48,8.9,2024-10-10,Marcus Webb,False,0,
deal,2024-Q4,Adoption,Renewal,,,D-00567,SolsticeMetrics B.V.,SMB,Sales-led,12772.48,31.8,2024-10-18,Marcus Webb,False,0,
deal,2024-Q4,Renewal,Expansion,,,D-00567,SolsticeMetrics B.V.,SMB,Sales-led,12772.48,34.1,2024-11-18,Marcus Webb,False,0,
deal,2024-Q4,Expansion,,,,D-00567,SolsticeMetrics B.V.,SMB,Sales-led,12772.48,22.3,2024-12-22,Marcus Webb,False,1326.84,
deal,2024-Q4,Selection,,,,D-00568,NorthernSignal Group,SMB,PLG,4742.24,3.9,2024-10-01,Declan Byrne,False,0,False
deal,2024-Q4,Selection,,,,D-00569,RapidCommerce GmbH,SMB,PLG,1816.92,6.3,2024-10-01,Aisling Kelly,False,0,True
deal,2024-Q4,Selection,,,,D-00570,ClearData Ltd.,SMB,PLG,4602.3,7.0,2024-10-01,Rian de Groot,False,0,False
deal,2024-Q4,Selection,Commit,,,D-00571,RapidDynamics & Co.,SMB,Sales-led,8294.92,8.8,2024-10-01,Liam Fitzgerald,False,0,
deal,2024-Q4,Commit,Onboarding,,,D-00571,RapidDynamics & Co.,SMB,Sales-led,8294.92,2.8,2024-10-09,Liam Fitzgerald,False,0,
deal,2024-Q4,Onboarding,Adoption,,,D-00571,RapidDynamics & Co.,SMB,Sales-led,8294.92,14.0,2024-10-11,Liam Fitzgerald,False,0,
deal,2024-Q4,Adoption,Renewal,,,D-00571,RapidDynamics & Co.,SMB,Sales-led,8294.92,51.9,2024-10-25,Liam Fitzgerald,False,0,
deal,2024-Q4,Renewal,,,,D-00571,RapidDynamics & Co.,SMB,Sales-led,8294.92,29.6,2024-12-15,Liam Fitzgerald,True,0,
deal,2024-Q4,Selection,,,,D-00572,BrightDynamics & Co.,SMB,PLG,3758.8,6.3,2024-10-01,Marcus Webb,False,0,False
deal,2024-Q4,Selection,,,,D-00573,NorthernData & Co.,SMB,Sales-led,8534.58,5.0,2024-10-01,Elena Petrova,False,0,
deal,2024-Q4,Selection,Commit,,,D-00574,HarborMetrics GmbH,SMB,PLG,3823.25,6.2,2024-10-01,Ingrid Johansson,False,0,True
deal,2024-Q4,Commit,Onboarding,,,D-00574,HarborMetrics GmbH,SMB,PLG,3823.25,1.6,2024-10-07,Ingrid Johansson,False,0,True
deal,2024-Q4,Onboarding,Adoption,,,D-00574,HarborMetrics GmbH,SMB,PLG,3823.25,8.0,2024-10-08,Ingrid Johansson,False,0,True
deal,2024-Q4,Adoption,Renewal,,,D-00574,HarborMetrics GmbH,SMB,PLG,3823.25,56.9,2024-10-16,Ingrid Johansson,False,0,True
deal,2024-Q4,Renewal,,,,D-00574,HarborMetrics GmbH,SMB,PLG,3823.25,43.1,2024-12-11,Ingrid Johansson,True,0,True
deal,2024-Q4,Selection,Commit,,,D-00575,AmberSystems Ltd.,SMB,PLG,4260.4,7.0,2024-10-01,Fatima Zahra,False,0,True
deal,2024-Q4,Commit,Onboarding,,,D-00575,AmberSystems Ltd.,SMB,PLG,4260.4,1.1,2024-10-08,Fatima Zahra,False,0,True
deal,2024-Q4,Onboarding,Adoption,,,D-00575,AmberSystems Ltd.,SMB,PLG,4260.4,9.1,2024-10-09,Fatima Zahra,False,0,True
deal,2024-Q4,Adoption,Renewal,,,D-00575,AmberSystems Ltd.,SMB,PLG,4260.4,92.0,2024-10-18,Fatima Zahra,False,0,True
deal,2024-Q4,Renewal,Expansion,,,D-00575,AmberSystems Ltd.,SMB,PLG,4260.4,32.0,2025-01-18,Fatima Zahra,False,0,True
deal,2024-Q4,Expansion,,,,D-00575,AmberSystems Ltd.,SMB,PLG,4260.4,27.0,2025-02-19,Fatima Zahra,False,0.0,True
deal,2024-Q4,Selection,,,,D-00576,NovaWorks Group,SMB,PLG,2367.51,8.8,2024-10-01,Elena Petrova,False,0,False
deal,2024-Q4,Selection,,,,D-00577,BrightRobotics B.V.,SMB,Sales-led,6137.34,12.5,2024-10-01,Sofia Marchetti,False,0,
deal,2024-Q4,Selection,,,,D-00578,ClearSignal Ltd.,SMB,Sales-led,3935.36,10.8,2024-10-01,Sofia Marchetti,False,0,
deal,2024-Q4,Selection,Commit,,,D-00579,BlueLogistics GmbH,SMB,Sales-led,10552.19,7.7,2024-10-01,Rian de Groot,False,0,
deal,2024-Q4,Commit,Onboarding,,,D-00579,BlueLogistics GmbH,SMB,Sales-led,10552.19,5.1,2024-10-08,Rian de Groot,False,0,
deal,2024-Q4,Onboarding,Adoption,,,D-00579,BlueLogistics GmbH,SMB,Sales-led,10552.19,10.5,2024-10-13,Rian de Groot,False,0,
deal,2024-Q4,Adoption,Renewal,,,D-00579,BlueLogistics GmbH,SMB,Sales-led,10552.19,54.4,2024-10-23,Rian de Groot,False,0,
deal,2024-Q4,Renewal,Expansion,,,D-00579,BlueLogistics GmbH,SMB,Sales-led,10552.19,59.7,2024-12-16,Rian de Groot,False,0,
deal,2024-Q4,Expansion,,,,D-00579,BlueLogistics GmbH,SMB,Sales-led,10552.19,27.5,2025-02-13,Rian de Groot,False,0.0,
deal,2024-Q4,Selection,,,,D-00580,ClearMetrics B.V.,SMB,Sales-led,6997.9,5.4,2024-10-01,Noor Haddad,False,0,
deal,2024-Q4,Selection,,,,D-00581,VantageSolutions GmbH,SMB,PLG,1818.35,5.9,2024-10-01,Declan Byrne,False,0,False
deal,2024-Q4,Selection,Commit,,,D-00582,SwiftData Inc.,SMB,PLG,5559.81,10.2,2024-10-01,Yuki Tanaka,False,0,True
deal,2024-Q4,Commit,Onboarding,,,D-00582,SwiftData Inc.,SMB,PLG,5559.81,1.6,2024-10-11,Yuki Tanaka,False,0,True
deal,2024-Q4,Onboarding,Adoption,,,D-00582,SwiftData Inc.,SMB,PLG,5559.81,7.9,2024-10-12,Yuki Tanaka,False,0,True
deal,2024-Q4,Adoption,Renewal,,,D-00582,SwiftData Inc.,SMB,PLG,5559.81,63.6,2024-10-19,Yuki Tanaka,False,0,True
deal,2024-Q4,Renewal,Expansion,,,D-00582,SwiftData Inc.,SMB,PLG,5559.81,13.8,2024-12-21,Yuki Tanaka,False,0,True
deal,2024-Q4,Expansion,,,,D-00582,SwiftData Inc.,SMB,PLG,5559.81,27.2,2025-01-03,Yuki Tanaka,False,0.0,True
deal,2024-Q4,Selection,Commit,,,D-00583,KestrelCloud & Co.,SMB,PLG,5836.52,7.2,2024-10-01,Sofia Marchetti,False,0,True
deal,2024-Q4,Commit,Onboarding,,,D-00583,KestrelCloud & Co.,SMB,PLG,5836.52,2.3,2024-10-08,Sofia Marchetti,False,0,True
deal,2024-Q4,Onboarding,Adoption,,,D-00583,KestrelCloud & Co.,SMB,PLG,5836.52,22.0,2024-10-10,Sofia Marchetti,False,0,True
deal,2024-Q4,Adoption,Renewal,,,D-00583,KestrelCloud & Co.,SMB,PLG,5836.52,26.2,2024-11-01,Sofia Marchetti,False,0,True
deal,2024-Q4,Renewal,Expansion,,,D-00583,KestrelCloud & Co.,SMB,PLG,5836.52,15.4,2024-11-27,Sofia Marchetti,False,0,True
deal,2024-Q4,Expansion,,,,D-00583,KestrelCloud & Co.,SMB,PLG,5836.52,20.5,2024-12-12,Sofia Marchetti,False,1220.23,True
deal,2024-Q4,Selection,,,,D-00584,CedarFinance Ltd.,SMB,Sales-led,9652.23,5.6,2024-10-01,Liam Fitzgerald,False,0,
deal,2024-Q4,Selection,Commit,,,D-00585,NovaLogistics & Co.,SMB,PLG,4934.91,7.8,2024-10-01,Aisling Kelly,False,0,True
deal,2024-Q4,Commit,Onboarding,,,D-00585,NovaLogistics & Co.,SMB,PLG,4934.91,2.5,2024-10-08,Aisling Kelly,False,0,True
deal,2024-Q4,Onboarding,Adoption,,,D-00585,NovaLogistics & Co.,SMB,PLG,4934.91,11.4,2024-10-10,Aisling Kelly,False,0,True
deal,2024-Q4,Adoption,Renewal,,,D-00585,NovaLogistics & Co.,SMB,PLG,4934.91,51.2,2024-10-21,Aisling Kelly,False,0,True
deal,2024-Q4,Renewal,Expansion,,,D-00585,NovaLogistics & Co.,SMB,PLG,4934.91,36.8,2024-12-11,Aisling Kelly,False,0,True
deal,2024-Q4,Expansion,,,,D-00585,NovaLogistics & Co.,SMB,PLG,4934.91,42.8,2025-01-16,Aisling Kelly,False,0.0,True
deal,2024-Q4,Selection,,,,D-00586,BrightDynamics Group,SMB,PLG,2969.6,8.8,2024-10-01,Marcus Webb,False,0,False
deal,2024-Q4,Selection,,,,D-00587,CedarSignal Inc.,SMB,Sales-led,11083.39,12.9,2024-10-01,Aisling Kelly,False,0,
deal,2024-Q4,Selection,,,,D-00588,LucidSignal Inc.,SMB,Sales-led,8671.4,13.4,2024-10-01,Callum Reid,False,0,
deal,2024-Q4,Selection,,,,D-00589,SwiftRobotics Inc.,SMB,Sales-led,10867.07,5.0,2024-10-01,Ingrid Johansson,False,0,
deal,2024-Q4,Selection,Commit,,,D-00590,VantageLabs Inc.,SMB,Sales-led,5942.96,20.2,2024-10-01,Tariq Aziz,False,0,
deal,2024-Q4,Commit,Onboarding,,,D-00590,VantageLabs Inc.,SMB,Sales-led,5942.96,4.8,2024-10-21,Tariq Aziz,False,0,
deal,2024-Q4,Onboarding,Adoption,,,D-00590,VantageLabs Inc.,SMB,Sales-led,5942.96,11.6,2024-10-25,Tariq Aziz,False,0,
deal,2024-Q4,Adoption,Renewal,,,D-00590,VantageLabs Inc.,SMB,Sales-led,5942.96,22.3,2024-11-05,Tariq Aziz,False,0,
deal,2024-Q4,Renewal,,,,D-00590,VantageLabs Inc.,SMB,Sales-led,5942.96,34.9,2024-11-27,Tariq Aziz,True,0,
deal,2024-Q4,Selection,Commit,,,D-00591,BoldSignal & Co.,SMB,PLG,1863.31,3.9,2024-10-01,Aisling Kelly,False,0,False
deal,2024-Q4,Commit,Onboarding,,,D-00591,BoldSignal & Co.,SMB,PLG,1863.31,4.0,2024-10-04,Aisling Kelly,False,0,False
deal,2024-Q4,Onboarding,Adoption,,,D-00591,BoldSignal & Co.,SMB,PLG,1863.31,18.6,2024-10-08,Aisling Kelly,False,0,False
deal,2024-Q4,Adoption,Renewal,,,D-00591,BoldSignal & Co.,SMB,PLG,1863.31,44.3,2024-10-26,Aisling Kelly,False,0,False
deal,2024-Q4,Renewal,Expansion,,,D-00591,BoldSignal & Co.,SMB,PLG,1863.31,20.6,2024-12-09,Aisling Kelly,False,0,False
deal,2024-Q4,Expansion,,,,D-00591,BoldSignal & Co.,SMB,PLG,1863.31,26.0,2024-12-29,Aisling Kelly,False,281.26,False
deal,2024-Q4,Selection,Commit,,,D-00592,BlueHealth Group,SMB,Sales-led,6888.92,6.6,2024-10-01,Marcus Webb,False,0,
deal,2024-Q4,Commit,Onboarding,,,D-00592,BlueHealth Group,SMB,Sales-led,6888.92,3.3,2024-10-07,Marcus Webb,False,0,
deal,2024-Q4,Onboarding,Adoption,,,D-00592,BlueHealth Group,SMB,Sales-led,6888.92,8.3,2024-10-10,Marcus Webb,False,0,
deal,2024-Q4,Adoption,Renewal,,,D-00592,BlueHealth Group,SMB,Sales-led,6888.92,28.9,2024-10-18,Marcus Webb,False,0,
deal,2024-Q4,Renewal,Expansion,,,D-00592,BlueHealth Group,SMB,Sales-led,6888.92,8.7,2024-11-15,Marcus Webb,False,0,
deal,2024-Q4,Expansion,,,,D-00592,BlueHealth Group,SMB,Sales-led,6888.92,33.2,2024-11-23,Marcus Webb,False,1234.71,
deal,2024-Q4,Selection,Commit,,,D-00593,HarborCloud B.V.,SMB,PLG,5003.54,3.8,2024-10-01,Tariq Aziz,False,0,True
deal,2024-Q4,Commit,Onboarding,,,D-00593,HarborCloud B.V.,SMB,PLG,5003.54,3.1,2024-10-04,Tariq Aziz,False,0,True
deal,2024-Q4,Onboarding,,,,D-00593,HarborCloud B.V.,SMB,PLG,5003.54,9.4,2024-10-07,Tariq Aziz,True,0,True
deal,2024-Q4,Selection,,,,D-00594,NorthernSolutions Ltd.,SMB,PLG,4228.35,6.1,2024-10-01,Aisling Kelly,False,0,False
deal,2024-Q4,Selection,Commit,,,D-00595,NorthernSystems GmbH,SMB,Sales-led,7628.74,13.3,2024-10-01,Rian de Groot,False,0,
deal,2024-Q4,Commit,Onboarding,,,D-00595,NorthernSystems GmbH,SMB,Sales-led,7628.74,4.9,2024-10-14,Rian de Groot,False,0,
deal,2024-Q4,Onboarding,Adoption,,,D-00595,NorthernSystems GmbH,SMB,Sales-led,7628.74,12.5,2024-10-18,Rian de Groot,False,0,
deal,2024-Q4,Adoption,Renewal,,,D-00595,NorthernSystems GmbH,SMB,Sales-led,7628.74,29.9,2024-10-30,Rian de Groot,False,0,
deal,2024-Q4,Renewal,Expansion,,,D-00595,NorthernSystems GmbH,SMB,Sales-led,7628.74,13.7,2024-11-28,Rian de Groot,False,0,
deal,2024-Q4,Expansion,,,,D-00595,NorthernSystems GmbH,SMB,Sales-led,7628.74,34.2,2024-12-11,Rian de Groot,False,1408.7,
deal,2024-Q4,Selection,,,,D-00596,CedarData & Co.,SMB,Sales-led,8962.56,13.8,2024-10-01,Priya Natarajan,False,0,
deal,2024-Q4,Selection,,,,D-00597,AmberDynamics GmbH,SMB,Sales-led,4351.88,12.1,2024-10-01,Amara Okafor,False,0,
deal,2024-Q4,Selection,Commit,,,D-00598,NorthernWorks GmbH,SMB,Sales-led,13865.67,15.7,2024-10-01,Rian de Groot,False,0,
deal,2024-Q4,Commit,Onboarding,,,D-00598,NorthernWorks GmbH,SMB,Sales-led,13865.67,3.0,2024-10-16,Rian de Groot,False,0,
deal,2024-Q4,Onboarding,Adoption,,,D-00598,NorthernWorks GmbH,SMB,Sales-led,13865.67,7.1,2024-10-19,Rian de Groot,False,0,
deal,2024-Q4,Adoption,Renewal,,,D-00598,NorthernWorks GmbH,SMB,Sales-led,13865.67,43.2,2024-10-26,Rian de Groot,False,0,
deal,2024-Q4,Renewal,Expansion,,,D-00598,NorthernWorks GmbH,SMB,Sales-led,13865.67,14.8,2024-12-08,Rian de Groot,False,0,
deal,2024-Q4,Expansion,,,,D-00598,NorthernWorks GmbH,SMB,Sales-led,13865.67,32.7,2024-12-22,Rian de Groot,False,3512.85,
deal,2024-Q4,Selection,,,,D-00599,NorthernSolutions GmbH,SMB,PLG,5071.94,2.7,2024-10-01,Callum Reid,False,0,False
deal,2024-Q4,Selection,,,,D-00600,VantageRobotics & Co.,SMB,PLG,3394.47,8.9,2024-10-01,Yuki Tanaka,False,0,False
deal,2024-Q4,Selection,Commit,,,D-00601,VantageStudio Inc.,SMB,PLG,3148.13,7.0,2024-10-01,Sofia Marchetti,False,0,True
deal,2024-Q4,Commit,Onboarding,,,D-00601,VantageStudio Inc.,SMB,PLG,3148.13,4.4,2024-10-08,Sofia Marchetti,False,0,True
deal,2024-Q4,Onboarding,Adoption,,,D-00601,VantageStudio Inc.,SMB,PLG,3148.13,14.3,2024-10-12,Sofia Marchetti,False,0,True
deal,2024-Q4,Adoption,Renewal,,,D-00601,VantageStudio Inc.,SMB,PLG,3148.13,19.9,2024-10-26,Sofia Marchetti,False,0,True
deal,2024-Q4,Renewal,Expansion,,,D-00601,VantageStudio Inc.,SMB,PLG,3148.13,15.2,2024-11-14,Sofia Marchetti,False,0,True
deal,2024-Q4,Expansion,,,,D-00601,VantageStudio Inc.,SMB,PLG,3148.13,33.4,2024-11-29,Sofia Marchetti,False,940.96,True
deal,2024-Q4,Selection,,,,D-00602,BoldFinance GmbH,SMB,PLG,2961.22,7.6,2024-10-01,Ingrid Johansson,False,0,False
deal,2024-Q4,Selection,,,,D-00603,SilverWorks Inc.,SMB,Sales-led,8041.13,11.1,2024-10-01,Ben Sorensen,False,0,
deal,2024-Q4,Selection,,,,D-00604,HarborMetrics Inc.,SMB,PLG,2809.15,3.0,2024-10-01,Aisling Kelly,False,0,True
deal,2024-Q4,Selection,,,,D-00605,KestrelRobotics & Co.,SMB,Sales-led,6223.01,7.9,2024-10-01,Sofia Marchetti,False,0,
deal,2024-Q4,Selection,,,,D-00606,PrimeDynamics Inc.,SMB,PLG,5611.09,18.9,2024-10-01,Elena Petrova,False,0,False
deal,2024-Q4,Selection,Commit,,,D-00607,SwiftData Inc.,SMB,PLG,5195.82,3.2,2024-10-01,Noor Haddad,False,0,False
deal,2024-Q4,Commit,Onboarding,,,D-00607,SwiftData Inc.,SMB,PLG,5195.82,0.9,2024-10-04,Noor Haddad,False,0,False
deal,2024-Q4,Onboarding,Adoption,,,D-00607,SwiftData Inc.,SMB,PLG,5195.82,11.3,2024-10-04,Noor Haddad,False,0,False
deal,2024-Q4,Adoption,Renewal,,,D-00607,SwiftData Inc.,SMB,PLG,5195.82,50.8,2024-10-15,Noor Haddad,False,0,False
deal,2024-Q4,Renewal,Expansion,,,D-00607,SwiftData Inc.,SMB,PLG,5195.82,12.8,2024-12-04,Noor Haddad,False,0,False
deal,2024-Q4,Expansion,,,,D-00607,SwiftData Inc.,SMB,PLG,5195.82,44.0,2024-12-16,Noor Haddad,False,0.0,False
deal,2024-Q4,Selection,,,,D-00608,SilverWorks B.V.,SMB,Sales-led,7201.67,8.6,2024-10-01,Liam Fitzgerald,False,0,
deal,2024-Q4,Selection,,,,D-00609,BlueMetrics B.V.,SMB,PLG,4050.99,4.9,2024-10-01,Declan Byrne,False,0,False
deal,2024-Q4,Selection,Commit,,,D-00610,NorthernAnalytics Ltd.,SMB,PLG,2887.42,5.9,2024-10-01,Declan Byrne,False,0,True
deal,2024-Q4,Commit,Onboarding,,,D-00610,NorthernAnalytics Ltd.,SMB,PLG,2887.42,3.7,2024-10-06,Declan Byrne,False,0,True
deal,2024-Q4,Onboarding,Adoption,,,D-00610,NorthernAnalytics Ltd.,SMB,PLG,2887.42,7.5,2024-10-09,Declan Byrne,False,0,True
deal,2024-Q4,Adoption,Renewal,,,D-00610,NorthernAnalytics Ltd.,SMB,PLG,2887.42,62.3,2024-10-16,Declan Byrne,False,0,True
deal,2024-Q4,Renewal,Expansion,,,D-00610,NorthernAnalytics Ltd.,SMB,PLG,2887.42,16.7,2024-12-17,Declan Byrne,False,0,True
deal,2024-Q4,Expansion,,,,D-00610,NorthernAnalytics Ltd.,SMB,PLG,2887.42,28.7,2025-01-02,Declan Byrne,False,334.7,True
deal,2024-Q4,Selection,Commit,,,D-00611,NovaLabs Ltd.,SMB,PLG,3951.07,5.7,2024-10-01,Yuki Tanaka,False,0,False
deal,2024-Q4,Commit,Onboarding,,,D-00611,NovaLabs Ltd.,SMB,PLG,3951.07,1.8,2024-10-06,Yuki Tanaka,False,0,False
deal,2024-Q4,Onboarding,Adoption,,,D-00611,NovaLabs Ltd.,SMB,PLG,3951.07,20.9,2024-10-07,Yuki Tanaka,False,0,False
deal,2024-Q4,Adoption,Renewal,,,D-00611,NovaLabs Ltd.,SMB,PLG,3951.07,77.9,2024-10-27,Yuki Tanaka,False,0,False
deal,2024-Q4,Renewal,Expansion,,,D-00611,NovaLabs Ltd.,SMB,PLG,3951.07,22.1,2025-01-12,Yuki Tanaka,False,0,False
deal,2024-Q4,Expansion,,,,D-00611,NovaLabs Ltd.,SMB,PLG,3951.07,70.7,2025-02-03,Yuki Tanaka,False,1147.88,False
deal,2024-Q4,Selection,,,,D-00612,NorthernSolutions Inc.,SMB,PLG,2877.52,4.9,2024-10-01,Liam Fitzgerald,False,0,False
deal,2024-Q4,Selection,,,,D-00613,BlueFinance Group,SMB,Sales-led,12915.85,8.1,2024-10-01,Fatima Zahra,False,0,
deal,2024-Q4,Selection,Commit,,,D-00614,BoldLabs Ltd.,SMB,PLG,4702.02,5.9,2024-10-01,Elena Petrova,False,0,False
deal,2024-Q4,Commit,Onboarding,,,D-00614,BoldLabs Ltd.,SMB,PLG,4702.02,1.7,2024-10-06,Elena Petrova,False,0,False
deal,2024-Q4,Onboarding,Adoption,,,D-00614,BoldLabs Ltd.,SMB,PLG,4702.02,13.8,2024-10-07,Elena Petrova,False,0,False
deal,2024-Q4,Adoption,Renewal,,,D-00614,BoldLabs Ltd.,SMB,PLG,4702.02,74.4,2024-10-20,Elena Petrova,False,0,False
deal,2024-Q4,Renewal,Expansion,,,D-00614,BoldLabs Ltd.,SMB,PLG,4702.02,25.6,2025-01-02,Elena Petrova,False,0,False
deal,2024-Q4,Expansion,,,,D-00614,BoldLabs Ltd.,SMB,PLG,4702.02,19.4,2025-01-27,Elena Petrova,False,0.0,False
deal,2024-Q4,Selection,Commit,,,D-00615,NorthernDynamics Group,SMB,Sales-led,10762.82,6.1,2024-10-01,Noor Haddad,False,0,
deal,2024-Q4,Commit,Onboarding,,,D-00615,NorthernDynamics Group,SMB,Sales-led,10762.82,4.2,2024-10-07,Noor Haddad,False,0,
deal,2024-Q4,Onboarding,Adoption,,,D-00615,NorthernDynamics Group,SMB,Sales-led,10762.82,10.4,2024-10-11,Noor Haddad,False,0,
deal,2024-Q4,Adoption,Renewal,,,D-00615,NorthernDynamics Group,SMB,Sales-led,10762.82,56.6,2024-10-21,Noor Haddad,False,0,
deal,2024-Q4,Renewal,Expansion,,,D-00615,NorthernDynamics Group,SMB,Sales-led,10762.82,23.4,2024-12-16,Noor Haddad,False,0,
deal,2024-Q4,Expansion,,,,D-00615,NorthernDynamics Group,SMB,Sales-led,10762.82,13.3,2025-01-08,Noor Haddad,False,0.0,
deal,2024-Q4,Selection,,,,D-00616,MeridianWorks Group,SMB,PLG,3893.04,4.3,2024-10-01,Elena Petrova,False,0,False
deal,2024-Q4,Selection,Commit,,,D-00617,AmberCommerce & Co.,SMB,PLG,4042.77,4.5,2024-10-01,Liam Fitzgerald,False,0,False
deal,2024-Q4,Commit,Onboarding,,,D-00617,AmberCommerce & Co.,SMB,PLG,4042.77,2.3,2024-10-05,Liam Fitzgerald,False,0,False
deal,2024-Q4,Onboarding,,,,D-00617,AmberCommerce & Co.,SMB,PLG,4042.77,8.9,2024-10-07,Liam Fitzgerald,True,0,False
deal,2024-Q4,Selection,,,,D-00618,MeridianCloud & Co.,SMB,Sales-led,7361.79,5.9,2024-10-01,Yuki Tanaka,False,0,
deal,2024-Q4,Selection,,,,D-00619,ClearWorks GmbH,SMB,PLG,3328.98,5.3,2024-10-01,Callum Reid,False,0,True
deal,2024-Q4,Selection,Commit,,,D-00620,NorthernStudio B.V.,SMB,PLG,1719.05,3.8,2024-10-01,Tariq Aziz,False,0,True
deal,2024-Q4,Commit,Onboarding,,,D-00620,NorthernStudio B.V.,SMB,PLG,1719.05,1.1,2024-10-04,Tariq Aziz,False,0,True
deal,2024-Q4,Onboarding,Adoption,,,D-00620,NorthernStudio B.V.,SMB,PLG,1719.05,5.7,2024-10-05,Tariq Aziz,False,0,True
deal,2024-Q4,Adoption,Renewal,,,D-00620,NorthernStudio B.V.,SMB,PLG,1719.05,19.5,2024-10-10,Tariq Aziz,False,0,True
deal,2024-Q4,Renewal,Expansion,,,D-00620,NorthernStudio B.V.,SMB,PLG,1719.05,30.3,2024-10-29,Tariq Aziz,False,0,True
deal,2024-Q4,Expansion,,,,D-00620,NorthernStudio B.V.,SMB,PLG,1719.05,37.6,2024-11-28,Tariq Aziz,False,0.0,True
deal,2024-Q4,Selection,,,,D-00621,VantageSystems Group,SMB,Sales-led,6819.33,5.4,2024-10-01,Fatima Zahra,False,0,
deal,2024-Q4,Selection,,,,D-00622,BoldSystems Ltd.,SMB,PLG,3881.79,8.3,2024-10-01,Liam Fitzgerald,False,0,True
deal,2024-Q4,Selection,,,,D-00623,SilverData Group,SMB,PLG,4155.91,5.7,2024-10-01,Elena Petrova,False,0,False
deal,2024-Q4,Selection,,,,D-00624,BoldDynamics GmbH,SMB,Sales-led,9237.26,23.9,2024-10-01,Yuki Tanaka,False,0,
deal,2024-Q4,Selection,,,,D-00625,MeridianSolutions GmbH,SMB,Sales-led,9098.94,8.5,2024-10-01,Liam Fitzgerald,False,0,
deal,2024-Q4,Selection,,,,D-00626,BlueDynamics Ltd.,SMB,PLG,5436.5,2.9,2024-10-01,Tariq Aziz,False,0,True
deal,2024-Q4,Selection,,,,D-00627,AmberLogistics B.V.,SMB,PLG,7770.87,4.4,2024-10-01,Elena Petrova,False,0,False
deal,2024-Q4,Selection,,,,D-00628,SwiftSystems GmbH,SMB,Sales-led,6330.25,5.3,2024-10-01,Declan Byrne,False,0,
deal,2024-Q4,Selection,Commit,,,D-00629,NovaCloud & Co.,SMB,PLG,6168.75,6.0,2024-10-01,Liam Fitzgerald,False,0,True
deal,2024-Q4,Commit,Onboarding,,,D-00629,NovaCloud & Co.,SMB,PLG,6168.75,2.4,2024-10-07,Liam Fitzgerald,False,0,True
deal,2024-Q4,Onboarding,Adoption,,,D-00629,NovaCloud & Co.,SMB,PLG,6168.75,19.9,2024-10-09,Liam Fitzgerald,False,0,True
deal,2024-Q4,Adoption,Renewal,,,D-00629,NovaCloud & Co.,SMB,PLG,6168.75,22.7,2024-10-28,Liam Fitzgerald,False,0,True
deal,2024-Q4,Renewal,Expansion,,,D-00629,NovaCloud & Co.,SMB,PLG,6168.75,10.8,2024-11-19,Liam Fitzgerald,False,0,True
deal,2024-Q4,Expansion,,,,D-00629,NovaCloud & Co.,SMB,PLG,6168.75,41.4,2024-11-29,Liam Fitzgerald,False,0.0,True
deal,2024-Q4,Selection,Commit,,,D-00630,MeridianSolutions & Co.,SMB,PLG,6137.98,5.7,2024-10-01,Liam Fitzgerald,False,0,True
deal,2024-Q4,Commit,Onboarding,,,D-00630,MeridianSolutions & Co.,SMB,PLG,6137.98,1.8,2024-10-06,Liam Fitzgerald,False,0,True
deal,2024-Q4,Onboarding,Adoption,,,D-00630,MeridianSolutions & Co.,SMB,PLG,6137.98,7.3,2024-10-07,Liam Fitzgerald,False,0,True
deal,2024-Q4,Adoption,Renewal,,,D-00630,MeridianSolutions & Co.,SMB,PLG,6137.98,61.1,2024-10-14,Liam Fitzgerald,False,0,True
deal,2024-Q4,Renewal,Expansion,,,D-00630,MeridianSolutions & Co.,SMB,PLG,6137.98,17.4,2024-12-14,Liam Fitzgerald,False,0,True
deal,2024-Q4,Expansion,,,,D-00630,MeridianSolutions & Co.,SMB,PLG,6137.98,23.1,2024-12-31,Liam Fitzgerald,False,1508.56,True
deal,2024-Q4,Selection,,,,D-00631,MeridianCloud Group,SMB,PLG,4602.86,7.4,2024-10-01,Callum Reid,False,0,True
deal,2024-Q4,Selection,Commit,,,D-00632,ClearCommerce Inc.,SMB,PLG,5089.58,3.4,2024-10-01,Amara Okafor,False,0,True
deal,2024-Q4,Commit,Onboarding,,,D-00632,ClearCommerce Inc.,SMB,PLG,5089.58,1.7,2024-10-04,Amara Okafor,False,0,True
deal,2024-Q4,Onboarding,Adoption,,,D-00632,ClearCommerce Inc.,SMB,PLG,5089.58,7.2,2024-10-05,Amara Okafor,False,0,True
deal,2024-Q4,Adoption,Renewal,,,D-00632,ClearCommerce Inc.,SMB,PLG,5089.58,29.2,2024-10-12,Amara Okafor,False,0,True
deal,2024-Q4,Renewal,Expansion,,,D-00632,ClearCommerce Inc.,SMB,PLG,5089.58,36.2,2024-11-10,Amara Okafor,False,0,True
deal,2024-Q4,Expansion,,,,D-00632,ClearCommerce Inc.,SMB,PLG,5089.58,23.2,2024-12-16,Amara Okafor,False,868.98,True
deal,2025-Q1,Selection,,,,D-00633,NovaFinance B.V.,SMB,Sales-led,11825.55,13.1,2025-01-01,Aisling Kelly,False,0,
deal,2025-Q1,Selection,,,,D-00634,BlueRobotics B.V.,SMB,PLG,3997.04,4.0,2025-01-01,Amara Okafor,False,0,False
deal,2025-Q1,Selection,,,,D-00635,LucidMetrics Inc.,SMB,PLG,3511.3,4.9,2025-01-01,Liam Fitzgerald,False,0,True
deal,2025-Q1,Selection,,,,D-00636,MeridianSystems Ltd.,SMB,PLG,3842.48,2.0,2025-01-01,Ingrid Johansson,False,0,False
deal,2025-Q1,Selection,Commit,,,D-00637,NorthernSignal GmbH,SMB,PLG,4070.57,6.9,2025-01-01,Rian de Groot,False,0,True
deal,2025-Q1,Commit,Onboarding,,,D-00637,NorthernSignal GmbH,SMB,PLG,4070.57,2.2,2025-01-07,Rian de Groot,False,0,True
deal,2025-Q1,Onboarding,Adoption,,,D-00637,NorthernSignal GmbH,SMB,PLG,4070.57,8.3,2025-01-09,Rian de Groot,False,0,True
deal,2025-Q1,Adoption,Renewal,,,D-00637,NorthernSignal GmbH,SMB,PLG,4070.57,74.5,2025-01-17,Rian de Groot,False,0,True
deal,2025-Q1,Renewal,Expansion,,,D-00637,NorthernSignal GmbH,SMB,PLG,4070.57,24.2,2025-04-01,Rian de Groot,False,0,True
deal,2025-Q1,Expansion,,,,D-00637,NorthernSignal GmbH,SMB,PLG,4070.57,26.1,2025-04-25,Rian de Groot,False,0.0,True
deal,2025-Q1,Selection,Commit,,,D-00638,MeridianSolutions Inc.,SMB,PLG,3070.74,5.3,2025-01-01,Priya Natarajan,False,0,True
deal,2025-Q1,Commit,Onboarding,,,D-00638,MeridianSolutions Inc.,SMB,PLG,3070.74,4.1,2025-01-06,Priya Natarajan,False,0,True
deal,2025-Q1,Onboarding,Adoption,,,D-00638,MeridianSolutions Inc.,SMB,PLG,3070.74,19.7,2025-01-10,Priya Natarajan,False,0,True
deal,2025-Q1,Adoption,Renewal,,,D-00638,MeridianSolutions Inc.,SMB,PLG,3070.74,24.8,2025-01-29,Priya Natarajan,False,0,True
deal,2025-Q1,Renewal,Expansion,,,D-00638,MeridianSolutions Inc.,SMB,PLG,3070.74,29.7,2025-02-22,Priya Natarajan,False,0,True
deal,2025-Q1,Expansion,,,,D-00638,MeridianSolutions Inc.,SMB,PLG,3070.74,38.1,2025-03-23,Priya Natarajan,False,0.0,True
deal,2025-Q1,Selection,Commit,,,D-00639,BoldAnalytics & Co.,SMB,PLG,6751.8,7.3,2025-01-01,Amara Okafor,False,0,True
deal,2025-Q1,Commit,Onboarding,,,D-00639,BoldAnalytics & Co.,SMB,PLG,6751.8,2.4,2025-01-08,Amara Okafor,False,0,True
deal,2025-Q1,Onboarding,Adoption,,,D-00639,BoldAnalytics & Co.,SMB,PLG,6751.8,11.2,2025-01-10,Amara Okafor,False,0,True
deal,2025-Q1,Adoption,Renewal,,,D-00639,BoldAnalytics & Co.,SMB,PLG,6751.8,77.2,2025-01-21,Amara Okafor,False,0,True
deal,2025-Q1,Renewal,Expansion,,,D-00639,BoldAnalytics & Co.,SMB,PLG,6751.8,14.7,2025-04-08,Amara Okafor,False,0,True
deal,2025-Q1,Expansion,,,,D-00639,BoldAnalytics & Co.,SMB,PLG,6751.8,27.5,2025-04-22,Amara Okafor,False,0.0,True
deal,2025-Q1,Selection,,,,D-00640,LucidRobotics B.V.,SMB,Sales-led,17518.41,10.6,2025-01-01,Sofia Marchetti,False,0,
deal,2025-Q1,Selection,,,,D-00641,BrightFinance Group,SMB,PLG,2596.42,4.1,2025-01-01,Sofia Marchetti,False,0,True
deal,2025-Q1,Selection,,,,D-00642,ClearAnalytics Ltd.,SMB,PLG,3996.07,8.4,2025-01-01,Rian de Groot,False,0,True
deal,2025-Q1,Selection,,,,D-00643,BlueFinance Inc.,SMB,PLG,1614.75,2.4,2025-01-01,Elena Petrova,False,0,False
deal,2025-Q1,Selection,,,,D-00644,BoldMetrics & Co.,SMB,Sales-led,10404.6,12.0,2025-01-01,Aisling Kelly,False,0,
deal,2025-Q1,Selection,,,,D-00645,SolsticeLogistics Group,SMB,Sales-led,10644.92,9.5,2025-01-01,Callum Reid,False,0,
deal,2025-Q1,Selection,,,,D-00646,MeridianAnalytics Inc.,SMB,PLG,5569.54,9.4,2025-01-01,Ben Sorensen,False,0,True
deal,2025-Q1,Selection,Commit,,,D-00647,RapidSignal Group,SMB,Sales-led,12863.78,7.5,2025-01-01,Rian de Groot,False,0,
deal,2025-Q1,Commit,Onboarding,,,D-00647,RapidSignal Group,SMB,Sales-led,12863.78,3.5,2025-01-08,Rian de Groot,False,0,
deal,2025-Q1,Onboarding,Adoption,,,D-00647,RapidSignal Group,SMB,Sales-led,12863.78,6.2,2025-01-11,Rian de Groot,False,0,
deal,2025-Q1,Adoption,Renewal,,,D-00647,RapidSignal Group,SMB,Sales-led,12863.78,27.4,2025-01-17,Rian de Groot,False,0,
deal,2025-Q1,Renewal,Expansion,,,D-00647,RapidSignal Group,SMB,Sales-led,12863.78,19.9,2025-02-13,Rian de Groot,False,0,
deal,2025-Q1,Expansion,,,,D-00647,RapidSignal Group,SMB,Sales-led,12863.78,36.6,2025-03-04,Rian de Groot,False,0.0,
deal,2025-Q1,Selection,Commit,,,D-00648,HarborWorks GmbH,SMB,PLG,4233.65,4.5,2025-01-01,Callum Reid,False,0,True
deal,2025-Q1,Commit,Onboarding,,,D-00648,HarborWorks GmbH,SMB,PLG,4233.65,5.2,2025-01-05,Callum Reid,False,0,True
deal,2025-Q1,Onboarding,Adoption,,,D-00648,HarborWorks GmbH,SMB,PLG,4233.65,25.2,2025-01-10,Callum Reid,False,0,True
deal,2025-Q1,Adoption,Renewal,,,D-00648,HarborWorks GmbH,SMB,PLG,4233.65,28.8,2025-02-04,Callum Reid,False,0,True
deal,2025-Q1,Renewal,Expansion,,,D-00648,HarborWorks GmbH,SMB,PLG,4233.65,14.3,2025-03-04,Callum Reid,False,0,True
deal,2025-Q1,Expansion,,,,D-00648,HarborWorks GmbH,SMB,PLG,4233.65,35.8,2025-03-18,Callum Reid,False,0.0,True
deal,2025-Q1,Selection,,,,D-00649,SilverHealth GmbH,SMB,PLG,3292.11,4.9,2025-01-01,Sofia Marchetti,False,0,True
deal,2025-Q1,Selection,,,,D-00650,BlueStudio B.V.,SMB,Sales-led,12719.68,6.3,2025-01-01,Aisling Kelly,False,0,
deal,2025-Q1,Selection,,,,D-00651,ClearAnalytics GmbH,SMB,PLG,2651.7,4.1,2025-01-01,Noor Haddad,False,0,False
deal,2025-Q1,Selection,,,,D-00652,KestrelWorks Inc.,SMB,PLG,3645.62,4.1,2025-01-01,Aisling Kelly,False,0,False
deal,2025-Q1,Selection,,,,D-00653,PrimeSolutions B.V.,SMB,PLG,6129.28,6.2,2025-01-01,Marcus Webb,False,0,False
deal,2025-Q1,Selection,Commit,,,D-00654,LucidSignal B.V.,SMB,PLG,5242.25,6.3,2025-01-01,Elena Petrova,False,0,True
deal,2025-Q1,Commit,Onboarding,,,D-00654,LucidSignal B.V.,SMB,PLG,5242.25,2.7,2025-01-07,Elena Petrova,False,0,True
deal,2025-Q1,Onboarding,Adoption,,,D-00654,LucidSignal B.V.,SMB,PLG,5242.25,6.0,2025-01-09,Elena Petrova,False,0,True
deal,2025-Q1,Adoption,Renewal,,,D-00654,LucidSignal B.V.,SMB,PLG,5242.25,27.4,2025-01-15,Elena Petrova,False,0,True
deal,2025-Q1,Renewal,Expansion,,,D-00654,LucidSignal B.V.,SMB,PLG,5242.25,7.8,2025-02-11,Elena Petrova,False,0,True
deal,2025-Q1,Expansion,,,,D-00654,LucidSignal B.V.,SMB,PLG,5242.25,37.6,2025-02-18,Elena Petrova,False,822.38,True
deal,2025-Q1,Selection,,,,D-00655,ClearStudio GmbH,SMB,PLG,3829.76,4.1,2025-01-01,Priya Natarajan,False,0,False
deal,2025-Q1,Selection,,,,D-00656,PrimeSystems B.V.,SMB,PLG,4063.38,8.8,2025-01-01,Elena Petrova,False,0,False
deal,2025-Q1,Selection,,,,D-00657,MeridianLogistics & Co.,SMB,PLG,3279.06,3.8,2025-01-01,Priya Natarajan,False,0,False
deal,2025-Q1,Selection,Commit,,,D-00658,NovaRobotics Ltd.,SMB,PLG,3783.27,6.3,2025-01-01,Ingrid Johansson,False,0,True
deal,2025-Q1,Commit,Onboarding,,,D-00658,NovaRobotics Ltd.,SMB,PLG,3783.27,2.1,2025-01-07,Ingrid Johansson,False,0,True
deal,2025-Q1,Onboarding,Adoption,,,D-00658,NovaRobotics Ltd.,SMB,PLG,3783.27,8.1,2025-01-09,Ingrid Johansson,False,0,True
deal,2025-Q1,Adoption,Renewal,,,D-00658,NovaRobotics Ltd.,SMB,PLG,3783.27,34.3,2025-01-17,Ingrid Johansson,False,0,True
deal,2025-Q1,Renewal,Expansion,,,D-00658,NovaRobotics Ltd.,SMB,PLG,3783.27,16.9,2025-02-20,Ingrid Johansson,False,0,True
deal,2025-Q1,Expansion,,,,D-00658,NovaRobotics Ltd.,SMB,PLG,3783.27,12.9,2025-03-08,Ingrid Johansson,False,0.0,True
deal,2025-Q1,Selection,,,,D-00659,NovaSystems Ltd.,SMB,Sales-led,4184.62,5.5,2025-01-01,Sofia Marchetti,False,0,
deal,2025-Q1,Selection,,,,D-00660,CedarLabs & Co.,SMB,PLG,2852.75,10.3,2025-01-01,Sofia Marchetti,False,0,False
deal,2025-Q1,Selection,,,,D-00661,NovaSystems Group,SMB,PLG,3532.12,6.1,2025-01-01,Liam Fitzgerald,False,0,True
deal,2025-Q1,Selection,,,,D-00662,AmberData B.V.,SMB,PLG,3178.32,5.4,2025-01-01,Ingrid Johansson,False,0,True
deal,2025-Q1,Selection,Commit,,,D-00663,SwiftSignal B.V.,SMB,Sales-led,4499.29,12.0,2025-01-01,Marcus Webb,False,0,
deal,2025-Q1,Commit,Onboarding,,,D-00663,SwiftSignal B.V.,SMB,Sales-led,4499.29,4.0,2025-01-13,Marcus Webb,False,0,
deal,2025-Q1,Onboarding,,,,D-00663,SwiftSignal B.V.,SMB,Sales-led,4499.29,6.8,2025-01-17,Marcus Webb,True,0,
deal,2025-Q1,Selection,,,,D-00664,KestrelSystems Inc.,SMB,PLG,5028.78,8.6,2025-01-01,Noor Haddad,False,0,False
deal,2025-Q1,Selection,,,,D-00665,ClearDynamics GmbH,SMB,Sales-led,5187.87,11.7,2025-01-01,Fatima Zahra,False,0,
deal,2025-Q1,Selection,Commit,,,D-00666,BrightLogistics Group,SMB,PLG,3108.69,4.6,2025-01-01,Yuki Tanaka,False,0,False
deal,2025-Q1,Commit,Onboarding,,,D-00666,BrightLogistics Group,SMB,PLG,3108.69,2.1,2025-01-05,Yuki Tanaka,False,0,False
deal,2025-Q1,Onboarding,Adoption,,,D-00666,BrightLogistics Group,SMB,PLG,3108.69,11.7,2025-01-07,Yuki Tanaka,False,0,False
deal,2025-Q1,Adoption,Renewal,,,D-00666,BrightLogistics Group,SMB,PLG,3108.69,24.2,2025-01-18,Yuki Tanaka,False,0,False
deal,2025-Q1,Renewal,Expansion,,,D-00666,BrightLogistics Group,SMB,PLG,3108.69,24.9,2025-02-11,Yuki Tanaka,False,0,False
deal,2025-Q1,Expansion,,,,D-00666,BrightLogistics Group,SMB,PLG,3108.69,46.9,2025-03-07,Yuki Tanaka,False,0.0,False
deal,2025-Q1,Selection,,,,D-00667,NorthernWorks Ltd.,SMB,Sales-led,6886.53,11.8,2025-01-01,Rian de Groot,False,0,
deal,2025-Q1,Selection,,,,D-00668,BoldCommerce Inc.,SMB,Sales-led,16629.61,6.9,2025-01-01,Fatima Zahra,False,0,
deal,2025-Q1,Selection,,,,D-00669,BlueRobotics & Co.,SMB,PLG,1436.44,5.8,2025-01-01,Liam Fitzgerald,False,0,False
deal,2025-Q1,Selection,,,,D-00670,KestrelLabs Group,SMB,PLG,4140.02,3.7,2025-01-01,Yuki Tanaka,False,0,True
deal,2025-Q1,Selection,,,,D-00671,HarborLogistics B.V.,SMB,Sales-led,7111.1,15.6,2025-01-01,Amara Okafor,False,0,
deal,2025-Q1,Selection,Commit,,,D-00672,SilverLogistics Group,SMB,Sales-led,11709.48,5.3,2025-01-01,Fatima Zahra,False,0,
deal,2025-Q1,Commit,Onboarding,,,D-00672,SilverLogistics Group,SMB,Sales-led,11709.48,1.9,2025-01-06,Fatima Zahra,False,0,
deal,2025-Q1,Onboarding,Adoption,,,D-00672,SilverLogistics Group,SMB,Sales-led,11709.48,6.2,2025-01-07,Fatima Zahra,False,0,
deal,2025-Q1,Adoption,Renewal,,,D-00672,SilverLogistics Group,SMB,Sales-led,11709.48,32.7,2025-01-13,Fatima Zahra,False,0,
deal,2025-Q1,Renewal,Expansion,,,D-00672,SilverLogistics Group,SMB,Sales-led,11709.48,22.2,2025-02-14,Fatima Zahra,False,0,
deal,2025-Q1,Expansion,,,,D-00672,SilverLogistics Group,SMB,Sales-led,11709.48,41.2,2025-03-08,Fatima Zahra,False,1709.5,
deal,2025-Q1,Selection,,,,D-00673,PrimeFinance Inc.,SMB,Sales-led,7518.09,5.5,2025-01-01,Priya Natarajan,False,0,
deal,2025-Q1,Selection,Commit,,,D-00674,NovaCommerce GmbH,SMB,PLG,1997.51,4.0,2025-01-01,Declan Byrne,False,0,True
deal,2025-Q1,Commit,Onboarding,,,D-00674,NovaCommerce GmbH,SMB,PLG,1997.51,1.8,2025-01-05,Declan Byrne,False,0,True
deal,2025-Q1,Onboarding,Adoption,,,D-00674,NovaCommerce GmbH,SMB,PLG,1997.51,9.6,2025-01-06,Declan Byrne,False,0,True
deal,2025-Q1,Adoption,Renewal,,,D-00674,NovaCommerce GmbH,SMB,PLG,1997.51,84.1,2025-01-15,Declan Byrne,False,0,True
deal,2025-Q1,Renewal,Expansion,,,D-00674,NovaCommerce GmbH,SMB,PLG,1997.51,9.0,2025-04-09,Declan Byrne,False,0,True
deal,2025-Q1,Expansion,,,,D-00674,NovaCommerce GmbH,SMB,PLG,1997.51,30.3,2025-04-18,Declan Byrne,False,227.2,True
deal,2025-Q1,Selection,,,,D-00675,RapidDynamics B.V.,SMB,PLG,4128.67,5.0,2025-01-01,Marcus Webb,False,0,True
deal,2025-Q1,Selection,Commit,,,D-00676,NovaData Inc.,SMB,Sales-led,7336.1,5.2,2025-01-01,Yuki Tanaka,False,0,
deal,2025-Q1,Commit,Onboarding,,,D-00676,NovaData Inc.,SMB,Sales-led,7336.1,4.8,2025-01-06,Yuki Tanaka,False,0,
deal,2025-Q1,Onboarding,Adoption,,,D-00676,NovaData Inc.,SMB,Sales-led,7336.1,14.8,2025-01-10,Yuki Tanaka,False,0,
deal,2025-Q1,Adoption,Renewal,,,D-00676,NovaData Inc.,SMB,Sales-led,7336.1,94.1,2025-01-24,Yuki Tanaka,False,0,
deal,2025-Q1,Renewal,Expansion,,,D-00676,NovaData Inc.,SMB,Sales-led,7336.1,21.0,2025-04-28,Yuki Tanaka,False,0,
deal,2025-Q1,Expansion,,,,D-00676,NovaData Inc.,SMB,Sales-led,7336.1,18.6,2025-05-19,Yuki Tanaka,False,1333.4,
deal,2025-Q1,Selection,,,,D-00677,PrimeMetrics Group,SMB,PLG,4808.8,6.7,2025-01-01,Priya Natarajan,False,0,False
deal,2025-Q1,Selection,,,,D-00678,LucidCloud B.V.,SMB,PLG,3440.97,3.7,2025-01-01,Aisling Kelly,False,0,False
deal,2025-Q1,Selection,Commit,,,D-00679,SwiftLabs Ltd.,SMB,PLG,6989.29,5.0,2025-01-01,Rian de Groot,False,0,True
deal,2025-Q1,Commit,Onboarding,,,D-00679,SwiftLabs Ltd.,SMB,PLG,6989.29,1.5,2025-01-06,Rian de Groot,False,0,True
deal,2025-Q1,Onboarding,Adoption,,,D-00679,SwiftLabs Ltd.,SMB,PLG,6989.29,7.1,2025-01-07,Rian de Groot,False,0,True
deal,2025-Q1,Adoption,Renewal,,,D-00679,SwiftLabs Ltd.,SMB,PLG,6989.29,60.5,2025-01-14,Rian de Groot,False,0,True
deal,2025-Q1,Renewal,Expansion,,,D-00679,SwiftLabs Ltd.,SMB,PLG,6989.29,28.9,2025-03-15,Rian de Groot,False,0,True
deal,2025-Q1,Expansion,,,,D-00679,SwiftLabs Ltd.,SMB,PLG,6989.29,17.2,2025-04-12,Rian de Groot,False,0.0,True
deal,2025-Q1,Selection,,,,D-00680,BrightMetrics B.V.,SMB,PLG,3660.26,7.5,2025-01-01,Tariq Aziz,False,0,False
deal,2025-Q1,Selection,Commit,,,D-00681,PrimeFinance Inc.,SMB,PLG,2370.57,3.3,2025-01-01,Tariq Aziz,False,0,True
deal,2025-Q1,Commit,Onboarding,,,D-00681,PrimeFinance Inc.,SMB,PLG,2370.57,1.2,2025-01-04,Tariq Aziz,False,0,True
deal,2025-Q1,Onboarding,Adoption,,,D-00681,PrimeFinance Inc.,SMB,PLG,2370.57,21.9,2025-01-05,Tariq Aziz,False,0,True
deal,2025-Q1,Adoption,Renewal,,,D-00681,PrimeFinance Inc.,SMB,PLG,2370.57,70.4,2025-01-26,Tariq Aziz,False,0,True
deal,2025-Q1,Renewal,Expansion,,,D-00681,PrimeFinance Inc.,SMB,PLG,2370.57,38.4,2025-04-06,Tariq Aziz,False,0,True
deal,2025-Q1,Expansion,,,,D-00681,PrimeFinance Inc.,SMB,PLG,2370.57,26.1,2025-05-14,Tariq Aziz,False,0.0,True
deal,2025-Q1,Selection,Commit,,,D-00682,NovaHealth Ltd.,SMB,PLG,3065.44,11.0,2025-01-01,Elena Petrova,False,0,False
deal,2025-Q1,Commit,Onboarding,,,D-00682,NovaHealth Ltd.,SMB,PLG,3065.44,1.7,2025-01-12,Elena Petrova,False,0,False
deal,2025-Q1,Onboarding,Adoption,,,D-00682,NovaHealth Ltd.,SMB,PLG,3065.44,9.9,2025-01-13,Elena Petrova,False,0,False
deal,2025-Q1,Adoption,Renewal,,,D-00682,NovaHealth Ltd.,SMB,PLG,3065.44,46.5,2025-01-22,Elena Petrova,False,0,False
deal,2025-Q1,Renewal,Expansion,,,D-00682,NovaHealth Ltd.,SMB,PLG,3065.44,14.4,2025-03-09,Elena Petrova,False,0,False
deal,2025-Q1,Expansion,,,,D-00682,NovaHealth Ltd.,SMB,PLG,3065.44,33.8,2025-03-23,Elena Petrova,False,784.45,False
deal,2025-Q1,Selection,,,,D-00683,MeridianLabs Ltd.,SMB,PLG,2605.53,12.0,2025-01-01,Declan Byrne,False,0,False
deal,2025-Q1,Selection,Commit,,,D-00684,SolsticeDynamics B.V.,SMB,PLG,3738.63,8.3,2025-01-01,Marcus Webb,False,0,True
deal,2025-Q1,Commit,Onboarding,,,D-00684,SolsticeDynamics B.V.,SMB,PLG,3738.63,3.2,2025-01-09,Marcus Webb,False,0,True
deal,2025-Q1,Onboarding,Adoption,,,D-00684,SolsticeDynamics B.V.,SMB,PLG,3738.63,6.9,2025-01-12,Marcus Webb,False,0,True
deal,2025-Q1,Adoption,Renewal,,,D-00684,SolsticeDynamics B.V.,SMB,PLG,3738.63,36.4,2025-01-18,Marcus Webb,False,0,True
deal,2025-Q1,Renewal,Expansion,,,D-00684,SolsticeDynamics B.V.,SMB,PLG,3738.63,14.4,2025-02-23,Marcus Webb,False,0,True
deal,2025-Q1,Expansion,,,,D-00684,SolsticeDynamics B.V.,SMB,PLG,3738.63,20.8,2025-03-09,Marcus Webb,False,0.0,True
deal,2025-Q1,Selection,Commit,,,D-00685,SolsticeSolutions & Co.,SMB,PLG,5537.84,5.3,2025-01-01,Aisling Kelly,False,0,False
deal,2025-Q1,Commit,Onboarding,,,D-00685,SolsticeSolutions & Co.,SMB,PLG,5537.84,2.1,2025-01-06,Aisling Kelly,False,0,False
deal,2025-Q1,Onboarding,Adoption,,,D-00685,SolsticeSolutions & Co.,SMB,PLG,5537.84,10.9,2025-01-08,Aisling Kelly,False,0,False
deal,2025-Q1,Adoption,Renewal,,,D-00685,SolsticeSolutions & Co.,SMB,PLG,5537.84,22.6,2025-01-18,Aisling Kelly,False,0,False
deal,2025-Q1,Renewal,Expansion,,,D-00685,SolsticeSolutions & Co.,SMB,PLG,5537.84,15.8,2025-02-09,Aisling Kelly,False,0,False
deal,2025-Q1,Expansion,,,,D-00685,SolsticeSolutions & Co.,SMB,PLG,5537.84,22.4,2025-02-24,Aisling Kelly,False,0.0,False
deal,2025-Q1,Selection,,,,D-00686,ClearSolutions B.V.,SMB,PLG,3987.38,3.8,2025-01-01,Aisling Kelly,False,0,False
deal,2025-Q1,Selection,,,,D-00687,BlueFinance Inc.,SMB,PLG,2301.37,5.5,2025-01-01,Elena Petrova,False,0,False
deal,2025-Q1,Selection,,,,D-00688,BlueMetrics GmbH,SMB,PLG,4150.08,3.6,2025-01-01,Marcus Webb,False,0,False
deal,2025-Q1,Selection,Commit,,,D-00689,AmberSolutions & Co.,SMB,PLG,7650.31,5.3,2025-01-01,Rian de Groot,False,0,True
deal,2025-Q1,Commit,Onboarding,,,D-00689,AmberSolutions & Co.,SMB,PLG,7650.31,2.1,2025-01-06,Rian de Groot,False,0,True
deal,2025-Q1,Onboarding,Adoption,,,D-00689,AmberSolutions & Co.,SMB,PLG,7650.31,12.9,2025-01-08,Rian de Groot,False,0,True
deal,2025-Q1,Adoption,Renewal,,,D-00689,AmberSolutions & Co.,SMB,PLG,7650.31,62.4,2025-01-20,Rian de Groot,False,0,True
deal,2025-Q1,Renewal,Expansion,,,D-00689,AmberSolutions & Co.,SMB,PLG,7650.31,6.6,2025-03-23,Rian de Groot,False,0,True
deal,2025-Q1,Expansion,,,,D-00689,AmberSolutions & Co.,SMB,PLG,7650.31,19.8,2025-03-29,Rian de Groot,False,0.0,True
deal,2025-Q1,Selection,Commit,,,D-00690,PrimeStudio Inc.,SMB,Sales-led,5581.56,4.8,2025-01-01,Priya Natarajan,False,0,
deal,2025-Q1,Commit,Onboarding,,,D-00690,PrimeStudio Inc.,SMB,Sales-led,5581.56,3.6,2025-01-05,Priya Natarajan,False,0,
deal,2025-Q1,Onboarding,Adoption,,,D-00690,PrimeStudio Inc.,SMB,Sales-led,5581.56,7.5,2025-01-08,Priya Natarajan,False,0,
deal,2025-Q1,Adoption,Renewal,,,D-00690,PrimeStudio Inc.,SMB,Sales-led,5581.56,37.2,2025-01-15,Priya Natarajan,False,0,
deal,2025-Q1,Renewal,Expansion,,,D-00690,PrimeStudio Inc.,SMB,Sales-led,5581.56,26.7,2025-02-21,Priya Natarajan,False,0,
deal,2025-Q1,Expansion,,,,D-00690,PrimeStudio Inc.,SMB,Sales-led,5581.56,48.4,2025-03-19,Priya Natarajan,False,0.0,
deal,2025-Q1,Selection,Commit,,,D-00691,ClearStudio & Co.,SMB,Sales-led,4299.2,6.9,2025-01-01,Ingrid Johansson,False,0,
deal,2025-Q1,Commit,Onboarding,,,D-00691,ClearStudio & Co.,SMB,Sales-led,4299.2,4.2,2025-01-07,Ingrid Johansson,False,0,
deal,2025-Q1,Onboarding,Adoption,,,D-00691,ClearStudio & Co.,SMB,Sales-led,4299.2,16.7,2025-01-11,Ingrid Johansson,False,0,
deal,2025-Q1,Adoption,Renewal,,,D-00691,ClearStudio & Co.,SMB,Sales-led,4299.2,16.2,2025-01-27,Ingrid Johansson,False,0,
deal,2025-Q1,Renewal,Expansion,,,D-00691,ClearStudio & Co.,SMB,Sales-led,4299.2,13.4,2025-02-12,Ingrid Johansson,False,0,
deal,2025-Q1,Expansion,,,,D-00691,ClearStudio & Co.,SMB,Sales-led,4299.2,35.0,2025-02-25,Ingrid Johansson,False,1090.28,
deal,2025-Q1,Selection,,,,D-00692,BrightDynamics Inc.,SMB,PLG,2578.03,6.0,2025-01-01,Fatima Zahra,False,0,False
deal,2025-Q1,Selection,,,,D-00693,MeridianDynamics GmbH,SMB,Sales-led,8889.15,7.4,2025-01-01,Elena Petrova,False,0,
deal,2025-Q1,Selection,Commit,,,D-00694,NovaMetrics & Co.,SMB,PLG,3273.26,2.9,2025-01-01,Liam Fitzgerald,False,0,True
deal,2025-Q1,Commit,Onboarding,,,D-00694,NovaMetrics & Co.,SMB,PLG,3273.26,1.2,2025-01-03,Liam Fitzgerald,False,0,True
deal,2025-Q1,Onboarding,Adoption,,,D-00694,NovaMetrics & Co.,SMB,PLG,3273.26,11.3,2025-01-04,Liam Fitzgerald,False,0,True
deal,2025-Q1,Adoption,Renewal,,,D-00694,NovaMetrics & Co.,SMB,PLG,3273.26,35.3,2025-01-15,Liam Fitzgerald,False,0,True
deal,2025-Q1,Renewal,Expansion,,,D-00694,NovaMetrics & Co.,SMB,PLG,3273.26,39.0,2025-02-19,Liam Fitzgerald,False,0,True
deal,2025-Q1,Expansion,,,,D-00694,NovaMetrics & Co.,SMB,PLG,3273.26,31.4,2025-03-30,Liam Fitzgerald,False,356.19,True
deal,2025-Q1,Selection,,,,D-00695,ClearLogistics & Co.,SMB,PLG,2255.85,5.6,2025-01-01,Yuki Tanaka,False,0,True
deal,2025-Q1,Selection,,,,D-00696,BoldLabs & Co.,SMB,Sales-led,8363.7,13.1,2025-01-01,Callum Reid,False,0,
deal,2025-Q1,Selection,,,,D-00697,SolsticeHealth Inc.,SMB,PLG,4717.49,3.5,2025-01-01,Liam Fitzgerald,False,0,True
deal,2025-Q1,Selection,Commit,,,D-00698,PrimeWorks B.V.,SMB,PLG,5960.91,3.2,2025-01-01,Ben Sorensen,False,0,False
deal,2025-Q1,Commit,Onboarding,,,D-00698,PrimeWorks B.V.,SMB,PLG,5960.91,1.6,2025-01-04,Ben Sorensen,False,0,False
deal,2025-Q1,Onboarding,Adoption,,,D-00698,PrimeWorks B.V.,SMB,PLG,5960.91,6.3,2025-01-05,Ben Sorensen,False,0,False
deal,2025-Q1,Adoption,Renewal,,,D-00698,PrimeWorks B.V.,SMB,PLG,5960.91,28.2,2025-01-11,Ben Sorensen,False,0,False
deal,2025-Q1,Renewal,Expansion,,,D-00698,PrimeWorks B.V.,SMB,PLG,5960.91,12.9,2025-02-08,Ben Sorensen,False,0,False
deal,2025-Q1,Expansion,,,,D-00698,PrimeWorks B.V.,SMB,PLG,5960.91,34.4,2025-02-20,Ben Sorensen,False,0.0,False
deal,2025-Q1,Selection,Commit,,,D-00699,KestrelCommerce Group,SMB,PLG,3626.27,7.8,2025-01-01,Callum Reid,False,0,True
deal,2025-Q1,Commit,Onboarding,,,D-00699,KestrelCommerce Group,SMB,PLG,3626.27,1.8,2025-01-08,Callum Reid,False,0,True
deal,2025-Q1,Onboarding,Adoption,,,D-00699,KestrelCommerce Group,SMB,PLG,3626.27,22.0,2025-01-09,Callum Reid,False,0,True
deal,2025-Q1,Adoption,Renewal,,,D-00699,KestrelCommerce Group,SMB,PLG,3626.27,22.1,2025-01-31,Callum Reid,False,0,True
deal,2025-Q1,Renewal,Expansion,,,D-00699,KestrelCommerce Group,SMB,PLG,3626.27,11.8,2025-02-22,Callum Reid,False,0,True
deal,2025-Q1,Expansion,,,,D-00699,KestrelCommerce Group,SMB,PLG,3626.27,30.9,2025-03-05,Callum Reid,False,0.0,True
deal,2025-Q1,Selection,,,,D-00700,NovaWorks Inc.,SMB,PLG,4748.13,3.9,2025-01-01,Fatima Zahra,False,0,False
deal,2025-Q1,Selection,Commit,,,D-00701,BlueMetrics Inc.,SMB,PLG,3363.4,4.8,2025-01-01,Noor Haddad,False,0,True
deal,2025-Q1,Commit,Onboarding,,,D-00701,BlueMetrics Inc.,SMB,PLG,3363.4,5.3,2025-01-05,Noor Haddad,False,0,True
deal,2025-Q1,Onboarding,,,,D-00701,BlueMetrics Inc.,SMB,PLG,3363.4,7.1,2025-01-10,Noor Haddad,True,0,True
deal,2025-Q1,Selection,,,,D-00702,CedarLogistics GmbH,SMB,PLG,2694.64,4.2,2025-01-01,Ingrid Johansson,False,0,False
deal,2025-Q1,Selection,,,,D-00703,SolsticeMetrics GmbH,SMB,Sales-led,6260.35,7.2,2025-01-01,Ingrid Johansson,False,0,
deal,2025-Q1,Selection,Commit,,,D-00704,BrightRobotics Ltd.,SMB,PLG,5504.91,8.9,2025-01-01,Ingrid Johansson,False,0,True
deal,2025-Q1,Commit,Onboarding,,,D-00704,BrightRobotics Ltd.,SMB,PLG,5504.91,1.7,2025-01-09,Ingrid Johansson,False,0,True
deal,2025-Q1,Onboarding,Adoption,,,D-00704,BrightRobotics Ltd.,SMB,PLG,5504.91,14.3,2025-01-10,Ingrid Johansson,False,0,True
deal,2025-Q1,Adoption,Renewal,,,D-00704,BrightRobotics Ltd.,SMB,PLG,5504.91,28.9,2025-01-24,Ingrid Johansson,False,0,True
deal,2025-Q1,Renewal,Expansion,,,D-00704,BrightRobotics Ltd.,SMB,PLG,5504.91,11.9,2025-02-21,Ingrid Johansson,False,0,True
deal,2025-Q1,Expansion,,,,D-00704,BrightRobotics Ltd.,SMB,PLG,5504.91,39.1,2025-03-04,Ingrid Johansson,False,0.0,True
deal,2025-Q1,Selection,,,,D-00705,RapidLogistics B.V.,SMB,Sales-led,5184.48,13.5,2025-01-01,Elena Petrova,False,0,
deal,2025-Q1,Selection,,,,D-00706,SolsticeHealth Ltd.,SMB,PLG,5142.2,5.3,2025-01-01,Priya Natarajan,False,0,False
deal,2025-Q1,Selection,Commit,,,D-00707,VantageCommerce Group,SMB,Sales-led,9904.11,20.3,2025-01-01,Amara Okafor,False,0,
deal,2025-Q1,Commit,Onboarding,,,D-00707,VantageCommerce Group,SMB,Sales-led,9904.11,4.6,2025-01-21,Amara Okafor,False,0,
deal,2025-Q1,Onboarding,Adoption,,,D-00707,VantageCommerce Group,SMB,Sales-led,9904.11,16.8,2025-01-25,Amara Okafor,False,0,
deal,2025-Q1,Adoption,Renewal,,,D-00707,VantageCommerce Group,SMB,Sales-led,9904.11,25.8,2025-02-10,Amara Okafor,False,0,
deal,2025-Q1,Renewal,Expansion,,,D-00707,VantageCommerce Group,SMB,Sales-led,9904.11,12.6,2025-03-07,Amara Okafor,False,0,
deal,2025-Q1,Expansion,,,,D-00707,VantageCommerce Group,SMB,Sales-led,9904.11,32.1,2025-03-19,Amara Okafor,False,0.0,
deal,2025-Q1,Selection,,,,D-00708,RapidSystems & Co.,SMB,PLG,4518.36,8.2,2025-01-01,Fatima Zahra,False,0,False
deal,2025-Q1,Selection,,,,D-00709,KestrelFinance Inc.,SMB,Sales-led,6283.97,9.1,2025-01-01,Aisling Kelly,False,0,
deal,2025-Q1,Selection,,,,D-00710,KestrelCommerce Ltd.,SMB,PLG,3228.92,6.7,2025-01-01,Ben Sorensen,False,0,True
deal,2025-Q1,Selection,,,,D-00711,PrimeStudio Ltd.,SMB,PLG,4337.59,4.4,2025-01-01,Tariq Aziz,False,0,True
deal,2025-Q1,Selection,Commit,,,D-00712,SwiftSystems GmbH,SMB,PLG,3143.23,6.2,2025-01-01,Tariq Aziz,False,0,True
deal,2025-Q1,Commit,Onboarding,,,D-00712,SwiftSystems GmbH,SMB,PLG,3143.23,2.0,2025-01-07,Tariq Aziz,False,0,True
deal,2025-Q1,Onboarding,Adoption,,,D-00712,SwiftSystems GmbH,SMB,PLG,3143.23,7.3,2025-01-09,Tariq Aziz,False,0,True
deal,2025-Q1,Adoption,Renewal,,,D-00712,SwiftSystems GmbH,SMB,PLG,3143.23,25.9,2025-01-16,Tariq Aziz,False,0,True
deal,2025-Q1,Renewal,Expansion,,,D-00712,SwiftSystems GmbH,SMB,PLG,3143.23,27.5,2025-02-10,Tariq Aziz,False,0,True
deal,2025-Q1,Expansion,,,,D-00712,SwiftSystems GmbH,SMB,PLG,3143.23,24.0,2025-03-09,Tariq Aziz,False,0.0,True
deal,2025-Q1,Selection,,,,D-00713,RapidSolutions Group,SMB,PLG,4153.78,3.5,2025-01-01,Sofia Marchetti,False,0,False
deal,2025-Q1,Selection,,,,D-00714,KestrelLogistics B.V.,SMB,PLG,4027.23,4.3,2025-01-01,Rian de Groot,False,0,False
deal,2025-Q1,Selection,,,,D-00715,CedarLogistics B.V.,SMB,PLG,2424.27,6.9,2025-01-01,Ben Sorensen,False,0,False
deal,2025-Q1,Selection,,,,D-00716,LucidWorks & Co.,SMB,PLG,4837.45,5.4,2025-01-01,Noor Haddad,False,0,False
deal,2025-Q1,Selection,Commit,,,D-00717,BlueHealth Ltd.,SMB,Sales-led,2991.95,6.1,2025-01-01,Fatima Zahra,False,0,
deal,2025-Q1,Commit,Onboarding,,,D-00717,BlueHealth Ltd.,SMB,Sales-led,2991.95,3.7,2025-01-07,Fatima Zahra,False,0,
deal,2025-Q1,Onboarding,Adoption,,,D-00717,BlueHealth Ltd.,SMB,Sales-led,2991.95,6.6,2025-01-10,Fatima Zahra,False,0,
deal,2025-Q1,Adoption,Renewal,,,D-00717,BlueHealth Ltd.,SMB,Sales-led,2991.95,34.7,2025-01-16,Fatima Zahra,False,0,
deal,2025-Q1,Renewal,Expansion,,,D-00717,BlueHealth Ltd.,SMB,Sales-led,2991.95,12.2,2025-02-19,Fatima Zahra,False,0,
deal,2025-Q1,Expansion,,,,D-00717,BlueHealth Ltd.,SMB,Sales-led,2991.95,25.8,2025-03-03,Fatima Zahra,False,680.81,
deal,2025-Q1,Selection,Commit,,,D-00718,VantageLabs B.V.,SMB,Sales-led,8031.14,8.8,2025-01-01,Ingrid Johansson,False,0,
deal,2025-Q1,Commit,Onboarding,,,D-00718,VantageLabs B.V.,SMB,Sales-led,8031.14,2.5,2025-01-09,Ingrid Johansson,False,0,
deal,2025-Q1,Onboarding,Adoption,,,D-00718,VantageLabs B.V.,SMB,Sales-led,8031.14,14.1,2025-01-11,Ingrid Johansson,False,0,
deal,2025-Q1,Adoption,Renewal,,,D-00718,VantageLabs B.V.,SMB,Sales-led,8031.14,46.8,2025-01-25,Ingrid Johansson,False,0,
deal,2025-Q1,Renewal,Expansion,,,D-00718,VantageLabs B.V.,SMB,Sales-led,8031.14,14.2,2025-03-12,Ingrid Johansson,False,0,
deal,2025-Q1,Expansion,,,,D-00718,VantageLabs B.V.,SMB,Sales-led,8031.14,31.8,2025-03-26,Ingrid Johansson,False,1473.59,
deal,2025-Q1,Selection,,,,D-00719,BoldData Group,SMB,PLG,1918.41,13.9,2025-01-01,Ben Sorensen,False,0,False
deal,2025-Q1,Selection,,,,D-00720,MeridianHealth & Co.,SMB,PLG,3826.44,8.6,2025-01-01,Declan Byrne,False,0,True
deal,2025-Q1,Selection,,,,D-00721,LucidCloud GmbH,SMB,PLG,3121.99,4.6,2025-01-01,Liam Fitzgerald,False,0,True
deal,2025-Q1,Selection,Commit,,,D-00722,BoldSystems B.V.,SMB,Sales-led,4280.47,11.7,2025-01-01,Aisling Kelly,False,0,
deal,2025-Q1,Commit,Onboarding,,,D-00722,BoldSystems B.V.,SMB,Sales-led,4280.47,2.6,2025-01-12,Aisling Kelly,False,0,
deal,2025-Q1,Onboarding,Adoption,,,D-00722,BoldSystems B.V.,SMB,Sales-led,4280.47,11.6,2025-01-14,Aisling Kelly,False,0,
deal,2025-Q1,Adoption,Renewal,,,D-00722,BoldSystems B.V.,SMB,Sales-led,4280.47,75.5,2025-01-25,Aisling Kelly,False,0,
deal,2025-Q1,Renewal,Expansion,,,D-00722,BoldSystems B.V.,SMB,Sales-led,4280.47,24.7,2025-04-10,Aisling Kelly,False,0,
deal,2025-Q1,Expansion,,,,D-00722,BoldSystems B.V.,SMB,Sales-led,4280.47,26.6,2025-05-04,Aisling Kelly,False,1131.08,
deal,2025-Q1,Selection,,,,D-00723,AmberMetrics B.V.,SMB,PLG,4821.05,9.3,2025-01-01,Marcus Webb,False,0,True
deal,2025-Q1,Selection,Commit,,,D-00724,KestrelCloud B.V.,SMB,PLG,4117.52,4.6,2025-01-01,Ben Sorensen,False,0,False
deal,2025-Q1,Commit,Onboarding,,,D-00724,KestrelCloud B.V.,SMB,PLG,4117.52,2.1,2025-01-05,Ben Sorensen,False,0,False
deal,2025-Q1,Onboarding,Adoption,,,D-00724,KestrelCloud B.V.,SMB,PLG,4117.52,16.8,2025-01-07,Ben Sorensen,False,0,False
deal,2025-Q1,Adoption,Renewal,,,D-00724,KestrelCloud B.V.,SMB,PLG,4117.52,30.4,2025-01-23,Ben Sorensen,False,0,False
deal,2025-Q1,Renewal,Expansion,,,D-00724,KestrelCloud B.V.,SMB,PLG,4117.52,15.3,2025-02-22,Ben Sorensen,False,0,False
deal,2025-Q1,Expansion,,,,D-00724,KestrelCloud B.V.,SMB,PLG,4117.52,23.2,2025-03-09,Ben Sorensen,False,904.62,False
deal,2025-Q1,Selection,,,,D-00725,SwiftMetrics Inc.,SMB,Sales-led,7228.83,4.8,2025-01-01,Fatima Zahra,False,0,
deal,2025-Q1,Selection,,,,D-00726,PrimeSystems & Co.,SMB,PLG,3223.31,4.5,2025-01-01,Ben Sorensen,False,0,False
deal,2025-Q1,Selection,,,,D-00727,PrimeRobotics Inc.,SMB,PLG,3204.11,6.0,2025-01-01,Noor Haddad,False,0,True
deal,2025-Q1,Selection,,,,D-00728,SilverSignal Inc.,SMB,PLG,3228.02,4.7,2025-01-01,Liam Fitzgerald,False,0,True
deal,2025-Q1,Selection,Commit,,,D-00729,PrimeWorks B.V.,SMB,PLG,2440.17,6.7,2025-01-01,Noor Haddad,False,0,False
deal,2025-Q1,Commit,Onboarding,,,D-00729,PrimeWorks B.V.,SMB,PLG,2440.17,2.0,2025-01-07,Noor Haddad,False,0,False
deal,2025-Q1,Onboarding,Adoption,,,D-00729,PrimeWorks B.V.,SMB,PLG,2440.17,12.8,2025-01-09,Noor Haddad,False,0,False
deal,2025-Q1,Adoption,Renewal,,,D-00729,PrimeWorks B.V.,SMB,PLG,2440.17,44.2,2025-01-21,Noor Haddad,False,0,False
deal,2025-Q1,Renewal,Expansion,,,D-00729,PrimeWorks B.V.,SMB,PLG,2440.17,28.9,2025-03-06,Noor Haddad,False,0,False
deal,2025-Q1,Expansion,,,,D-00729,PrimeWorks B.V.,SMB,PLG,2440.17,71.6,2025-04-03,Noor Haddad,False,678.7,False
deal,2025-Q1,Selection,,,,D-00730,ClearSignal Inc.,SMB,PLG,4319.67,9.9,2025-01-01,Noor Haddad,False,0,False
deal,2025-Q1,Selection,,,,D-00731,PrimeFinance Ltd.,SMB,PLG,5207.5,6.9,2025-01-01,Ingrid Johansson,False,0,False
deal,2025-Q1,Selection,,,,D-00732,LucidData Ltd.,SMB,PLG,4163.27,3.9,2025-01-01,Rian de Groot,False,0,False
deal,2025-Q1,Selection,Commit,,,D-00733,SilverWorks B.V.,SMB,PLG,4251.07,5.4,2025-01-01,Fatima Zahra,False,0,True
deal,2025-Q1,Commit,Onboarding,,,D-00733,SilverWorks B.V.,SMB,PLG,4251.07,2.1,2025-01-06,Fatima Zahra,False,0,True
deal,2025-Q1,Onboarding,Adoption,,,D-00733,SilverWorks B.V.,SMB,PLG,4251.07,15.8,2025-01-08,Fatima Zahra,False,0,True
deal,2025-Q1,Adoption,,,,D-00733,SilverWorks B.V.,SMB,PLG,4251.07,61.1,2025-01-23,Fatima Zahra,True,0,True
deal,2025-Q1,Selection,,,,D-00734,HarborData Ltd.,SMB,Sales-led,7434.21,3.4,2025-01-01,Tariq Aziz,False,0,
deal,2025-Q1,Selection,,,,D-00735,VantageCommerce Inc.,SMB,PLG,2243.51,4.8,2025-01-01,Tariq Aziz,False,0,False
deal,2025-Q1,Selection,,,,D-00736,BlueSignal GmbH,SMB,PLG,2808.14,13.9,2025-01-01,Sofia Marchetti,False,0,True
deal,2025-Q1,Selection,,,,D-00737,LucidDynamics Group,SMB,PLG,5606.06,8.0,2025-01-01,Liam Fitzgerald,False,0,False
deal,2025-Q1,Selection,,,,D-00738,RapidData Group,SMB,PLG,3204.81,2.9,2025-01-01,Tariq Aziz,False,0,False
deal,2025-Q1,Selection,,,,D-00739,AmberHealth Ltd.,SMB,PLG,4570.23,5.3,2025-01-01,Tariq Aziz,False,0,True
deal,2025-Q1,Selection,,,,D-00740,AmberRobotics GmbH,SMB,PLG,2441.2,6.1,2025-01-01,Rian de Groot,False,0,False
deal,2025-Q1,Selection,,,,D-00741,RapidSystems B.V.,SMB,PLG,2159.97,4.5,2025-01-01,Priya Natarajan,False,0,True
deal,2025-Q1,Selection,,,,D-00742,SilverSolutions Inc.,SMB,PLG,6071.49,6.4,2025-01-01,Noor Haddad,False,0,False
deal,2025-Q1,Selection,,,,D-00743,LucidCloud Ltd.,SMB,Sales-led,7252.53,7.9,2025-01-01,Elena Petrova,False,0,
deal,2025-Q1,Selection,Commit,,,D-00744,SilverLabs Inc.,SMB,PLG,12803.37,4.6,2025-01-01,Liam Fitzgerald,False,0,True
deal,2025-Q1,Commit,Onboarding,,,D-00744,SilverLabs Inc.,SMB,PLG,12803.37,1.9,2025-01-05,Liam Fitzgerald,False,0,True
deal,2025-Q1,Onboarding,Adoption,,,D-00744,SilverLabs Inc.,SMB,PLG,12803.37,11.0,2025-01-06,Liam Fitzgerald,False,0,True
deal,2025-Q1,Adoption,Renewal,,,D-00744,SilverLabs Inc.,SMB,PLG,12803.37,84.6,2025-01-17,Liam Fitzgerald,False,0,True
deal,2025-Q1,Renewal,Expansion,,,D-00744,SilverLabs Inc.,SMB,PLG,12803.37,21.5,2025-04-11,Liam Fitzgerald,False,0,True
deal,2025-Q1,Expansion,,,,D-00744,SilverLabs Inc.,SMB,PLG,12803.37,19.8,2025-05-02,Liam Fitzgerald,False,2150.68,True
deal,2025-Q1,Selection,Commit,,,D-00745,BrightHealth GmbH,SMB,PLG,2269.57,5.7,2025-01-01,Ingrid Johansson,False,0,True
deal,2025-Q1,Commit,Onboarding,,,D-00745,BrightHealth GmbH,SMB,PLG,2269.57,1.2,2025-01-06,Ingrid Johansson,False,0,True
deal,2025-Q1,Onboarding,Adoption,,,D-00745,BrightHealth GmbH,SMB,PLG,2269.57,8.2,2025-01-07,Ingrid Johansson,False,0,True
deal,2025-Q1,Adoption,Renewal,,,D-00745,BrightHealth GmbH,SMB,PLG,2269.57,20.7,2025-01-15,Ingrid Johansson,False,0,True
deal,2025-Q1,Renewal,Expansion,,,D-00745,BrightHealth GmbH,SMB,PLG,2269.57,10.1,2025-02-04,Ingrid Johansson,False,0,True
deal,2025-Q1,Expansion,,,,D-00745,BrightHealth GmbH,SMB,PLG,2269.57,26.8,2025-02-14,Ingrid Johansson,False,0.0,True
deal,2025-Q1,Selection,Commit,,,D-00746,AmberMetrics Ltd.,SMB,PLG,2316.24,3.9,2025-01-01,Callum Reid,False,0,True
deal,2025-Q1,Commit,Onboarding,,,D-00746,AmberMetrics Ltd.,SMB,PLG,2316.24,1.7,2025-01-04,Callum Reid,False,0,True
deal,2025-Q1,Onboarding,Adoption,,,D-00746,AmberMetrics Ltd.,SMB,PLG,2316.24,9.2,2025-01-05,Callum Reid,False,0,True
deal,2025-Q1,Adoption,Renewal,,,D-00746,AmberMetrics Ltd.,SMB,PLG,2316.24,67.7,2025-01-14,Callum Reid,False,0,True
deal,2025-Q1,Renewal,Expansion,,,D-00746,AmberMetrics Ltd.,SMB,PLG,2316.24,11.3,2025-03-22,Callum Reid,False,0,True
deal,2025-Q1,Expansion,,,,D-00746,AmberMetrics Ltd.,SMB,PLG,2316.24,31.9,2025-04-02,Callum Reid,False,343.72,True
deal,2025-Q1,Selection,,,,D-00747,SwiftHealth Ltd.,SMB,PLG,7729.16,4.1,2025-01-01,Priya Natarajan,False,0,True
deal,2025-Q1,Selection,,,,D-00748,SolsticeAnalytics GmbH,SMB,PLG,4040.47,3.3,2025-01-01,Marcus Webb,False,0,False
deal,2025-Q1,Selection,,,,D-00749,BoldFinance Group,SMB,PLG,6241.27,7.9,2025-01-01,Priya Natarajan,False,0,False
deal,2025-Q1,Selection,,,,D-00750,LucidRobotics Inc.,SMB,PLG,4914.45,9.7,2025-01-01,Rian de Groot,False,0,True
deal,2025-Q1,Selection,,,,D-00751,PrimeSignal Ltd.,SMB,Sales-led,6412.18,8.9,2025-01-01,Yuki Tanaka,False,0,
deal,2025-Q1,Selection,,,,D-00752,SilverAnalytics Inc.,SMB,PLG,3100.75,4.0,2025-01-01,Amara Okafor,False,0,False
deal,2025-Q1,Selection,,,,D-00753,MeridianMetrics B.V.,SMB,PLG,5258.71,8.0,2025-01-01,Amara Okafor,False,0,False
deal,2025-Q1,Selection,,,,D-00754,CedarRobotics B.V.,SMB,Sales-led,12184.83,16.9,2025-01-01,Aisling Kelly,False,0,
deal,2025-Q1,Selection,Commit,,,D-00755,KestrelData Ltd.,SMB,PLG,5402.13,3.7,2025-01-01,Yuki Tanaka,False,0,True
deal,2025-Q1,Commit,Onboarding,,,D-00755,KestrelData Ltd.,SMB,PLG,5402.13,3.0,2025-01-04,Yuki Tanaka,False,0,True
deal,2025-Q1,Onboarding,Adoption,,,D-00755,KestrelData Ltd.,SMB,PLG,5402.13,9.5,2025-01-07,Yuki Tanaka,False,0,True
deal,2025-Q1,Adoption,Renewal,,,D-00755,KestrelData Ltd.,SMB,PLG,5402.13,89.5,2025-01-16,Yuki Tanaka,False,0,True
deal,2025-Q1,Renewal,Expansion,,,D-00755,KestrelData Ltd.,SMB,PLG,5402.13,31.0,2025-04-15,Yuki Tanaka,False,0,True
deal,2025-Q1,Expansion,,,,D-00755,KestrelData Ltd.,SMB,PLG,5402.13,20.4,2025-05-16,Yuki Tanaka,False,773.07,True
deal,2025-Q1,Selection,Commit,,,D-00756,SwiftAnalytics Ltd.,SMB,PLG,6255.49,13.2,2025-01-01,Ben Sorensen,False,0,False
deal,2025-Q1,Commit,Onboarding,,,D-00756,SwiftAnalytics Ltd.,SMB,PLG,6255.49,1.9,2025-01-14,Ben Sorensen,False,0,False
deal,2025-Q1,Onboarding,Adoption,,,D-00756,SwiftAnalytics Ltd.,SMB,PLG,6255.49,10.8,2025-01-15,Ben Sorensen,False,0,False
deal,2025-Q1,Adoption,Renewal,,,D-00756,SwiftAnalytics Ltd.,SMB,PLG,6255.49,25.3,2025-01-25,Ben Sorensen,False,0,False
deal,2025-Q1,Renewal,Expansion,,,D-00756,SwiftAnalytics Ltd.,SMB,PLG,6255.49,27.2,2025-02-19,Ben Sorensen,False,0,False
deal,2025-Q1,Expansion,,,,D-00756,SwiftAnalytics Ltd.,SMB,PLG,6255.49,36.3,2025-03-18,Ben Sorensen,False,0.0,False
deal,2025-Q1,Selection,,,,D-00757,HarborRobotics B.V.,SMB,PLG,2689.22,9.4,2025-01-01,Callum Reid,False,0,True
deal,2025-Q1,Selection,,,,D-00758,PrimeData Group,SMB,PLG,3831.25,10.2,2025-01-01,Rian de Groot,False,0,False
deal,2025-Q1,Selection,,,,D-00759,ClearDynamics Ltd.,SMB,PLG,4276.58,4.7,2025-01-01,Aisling Kelly,False,0,False
deal,2025-Q1,Selection,Commit,,,D-00760,LucidCommerce Group,SMB,PLG,3591.1,4.8,2025-01-01,Callum Reid,False,0,False
deal,2025-Q1,Commit,Onboarding,,,D-00760,LucidCommerce Group,SMB,PLG,3591.1,1.4,2025-01-05,Callum Reid,False,0,False
deal,2025-Q1,Onboarding,Adoption,,,D-00760,LucidCommerce Group,SMB,PLG,3591.1,6.1,2025-01-06,Callum Reid,False,0,False
deal,2025-Q1,Adoption,Renewal,,,D-00760,LucidCommerce Group,SMB,PLG,3591.1,23.7,2025-01-12,Callum Reid,False,0,False
deal,2025-Q1,Renewal,Expansion,,,D-00760,LucidCommerce Group,SMB,PLG,3591.1,17.5,2025-02-04,Callum Reid,False,0,False
deal,2025-Q1,Expansion,,,,D-00760,LucidCommerce Group,SMB,PLG,3591.1,25.0,2025-02-21,Callum Reid,False,0.0,False
deal,2025-Q1,Selection,,,,D-00761,RapidLogistics GmbH,SMB,PLG,1534.02,5.1,2025-01-01,Aisling Kelly,False,0,False
deal,2025-Q1,Selection,Commit,,,D-00762,HarborSystems B.V.,SMB,PLG,2377.57,8.2,2025-01-01,Priya Natarajan,False,0,True
deal,2025-Q1,Commit,Onboarding,,,D-00762,HarborSystems B.V.,SMB,PLG,2377.57,1.6,2025-01-09,Priya Natarajan,False,0,True
deal,2025-Q1,Onboarding,Adoption,,,D-00762,HarborSystems B.V.,SMB,PLG,2377.57,12.7,2025-01-10,Priya Natarajan,False,0,True
deal,2025-Q1,Adoption,Renewal,,,D-00762,HarborSystems B.V.,SMB,PLG,2377.57,70.4,2025-01-22,Priya Natarajan,False,0,True
deal,2025-Q1,Renewal,,,,D-00762,HarborSystems B.V.,SMB,PLG,2377.57,30.8,2025-04-02,Priya Natarajan,True,0,True
deal,2025-Q1,Selection,Commit,,,D-00763,RapidLogistics & Co.,SMB,PLG,1659.36,4.4,2025-01-01,Sofia Marchetti,False,0,True
deal,2025-Q1,Commit,Onboarding,,,D-00763,RapidLogistics & Co.,SMB,PLG,1659.36,2.9,2025-01-05,Sofia Marchetti,False,0,True
deal,2025-Q1,Onboarding,Adoption,,,D-00763,RapidLogistics & Co.,SMB,PLG,1659.36,27.2,2025-01-07,Sofia Marchetti,False,0,True
deal,2025-Q1,Adoption,Renewal,,,D-00763,RapidLogistics & Co.,SMB,PLG,1659.36,40.2,2025-02-03,Sofia Marchetti,False,0,True
deal,2025-Q1,Renewal,Expansion,,,D-00763,RapidLogistics & Co.,SMB,PLG,1659.36,28.3,2025-03-15,Sofia Marchetti,False,0,True
deal,2025-Q1,Expansion,,,,D-00763,RapidLogistics & Co.,SMB,PLG,1659.36,32.2,2025-04-12,Sofia Marchetti,False,251.56,True
deal,2025-Q1,Selection,Commit,,,D-00764,NorthernData Inc.,SMB,PLG,5945.91,2.4,2025-01-01,Noor Haddad,False,0,False
deal,2025-Q1,Commit,Onboarding,,,D-00764,NorthernData Inc.,SMB,PLG,5945.91,1.7,2025-01-03,Noor Haddad,False,0,False
deal,2025-Q1,Onboarding,Adoption,,,D-00764,NorthernData Inc.,SMB,PLG,5945.91,22.8,2025-01-04,Noor Haddad,False,0,False
deal,2025-Q1,Adoption,Renewal,,,D-00764,NorthernData Inc.,SMB,PLG,5945.91,41.9,2025-01-26,Noor Haddad,False,0,False
deal,2025-Q1,Renewal,Expansion,,,D-00764,NorthernData Inc.,SMB,PLG,5945.91,35.4,2025-03-08,Noor Haddad,False,0,False
deal,2025-Q1,Expansion,,,,D-00764,NorthernData Inc.,SMB,PLG,5945.91,29.0,2025-04-12,Noor Haddad,False,0.0,False
deal,2025-Q1,Selection,,,,D-00765,SwiftSolutions Inc.,SMB,PLG,5672.32,7.0,2025-01-01,Amara Okafor,False,0,True
deal,2025-Q1,Selection,,,,D-00766,AmberLogistics & Co.,SMB,PLG,3935.3,8.2,2025-01-01,Declan Byrne,False,0,False
deal,2025-Q1,Selection,,,,D-00767,AmberCommerce GmbH,SMB,PLG,6441.89,3.3,2025-01-01,Elena Petrova,False,0,False
deal,2025-Q1,Selection,,,,D-00768,RapidWorks Group,SMB,Sales-led,5666.79,32.5,2025-01-01,Marcus Webb,False,0,
deal,2025-Q1,Selection,Commit,,,D-00769,SilverFinance Inc.,SMB,Sales-led,5774.67,11.8,2025-01-01,Marcus Webb,False,0,
deal,2025-Q1,Commit,Onboarding,,,D-00769,SilverFinance Inc.,SMB,Sales-led,5774.67,4.6,2025-01-12,Marcus Webb,False,0,
deal,2025-Q1,Onboarding,Adoption,,,D-00769,SilverFinance Inc.,SMB,Sales-led,5774.67,6.3,2025-01-16,Marcus Webb,False,0,
deal,2025-Q1,Adoption,Renewal,,,D-00769,SilverFinance Inc.,SMB,Sales-led,5774.67,36.6,2025-01-22,Marcus Webb,False,0,
deal,2025-Q1,Renewal,Expansion,,,D-00769,SilverFinance Inc.,SMB,Sales-led,5774.67,22.5,2025-02-27,Marcus Webb,False,0,
deal,2025-Q1,Expansion,,,,D-00769,SilverFinance Inc.,SMB,Sales-led,5774.67,23.2,2025-03-21,Marcus Webb,False,0.0,
deal,2025-Q1,Selection,,,,D-00770,BoldFinance Inc.,SMB,Sales-led,6159.85,7.5,2025-01-01,Priya Natarajan,False,0,
deal,2025-Q1,Selection,Commit,,,D-00771,CedarMetrics Inc.,SMB,Sales-led,7257.51,5.3,2025-01-01,Rian de Groot,False,0,
deal,2025-Q1,Commit,Onboarding,,,D-00771,CedarMetrics Inc.,SMB,Sales-led,7257.51,2.0,2025-01-06,Rian de Groot,False,0,
deal,2025-Q1,Onboarding,Adoption,,,D-00771,CedarMetrics Inc.,SMB,Sales-led,7257.51,11.8,2025-01-08,Rian de Groot,False,0,
deal,2025-Q1,Adoption,Renewal,,,D-00771,CedarMetrics Inc.,SMB,Sales-led,7257.51,29.0,2025-01-19,Rian de Groot,False,0,
deal,2025-Q1,Renewal,Expansion,,,D-00771,CedarMetrics Inc.,SMB,Sales-led,7257.51,31.7,2025-02-17,Rian de Groot,False,0,
deal,2025-Q1,Expansion,,,,D-00771,CedarMetrics Inc.,SMB,Sales-led,7257.51,16.5,2025-03-20,Rian de Groot,False,1187.34,
deal,2025-Q1,Selection,,,,D-00772,AmberCloud Group,SMB,Sales-led,12512.05,11.4,2025-01-01,Fatima Zahra,False,0,
deal,2025-Q1,Selection,Commit,,,D-00773,SilverCloud B.V.,SMB,PLG,3833.62,4.3,2025-01-01,Priya Natarajan,False,0,True
deal,2025-Q1,Commit,Onboarding,,,D-00773,SilverCloud B.V.,SMB,PLG,3833.62,1.9,2025-01-05,Priya Natarajan,False,0,True
deal,2025-Q1,Onboarding,Adoption,,,D-00773,SilverCloud B.V.,SMB,PLG,3833.62,15.6,2025-01-06,Priya Natarajan,False,0,True
deal,2025-Q1,Adoption,Renewal,,,D-00773,SilverCloud B.V.,SMB,PLG,3833.62,66.4,2025-01-21,Priya Natarajan,False,0,True
deal,2025-Q1,Renewal,Expansion,,,D-00773,SilverCloud B.V.,SMB,PLG,3833.62,18.8,2025-03-28,Priya Natarajan,False,0,True
deal,2025-Q1,Expansion,,,,D-00773,SilverCloud B.V.,SMB,PLG,3833.62,33.5,2025-04-15,Priya Natarajan,False,959.74,True
deal,2025-Q1,Selection,,,,D-00774,CedarData Ltd.,SMB,PLG,3057.53,4.2,2025-01-01,Callum Reid,False,0,False
deal,2025-Q1,Selection,,,,D-00775,PrimeSolutions Inc.,SMB,PLG,3197.72,8.3,2025-01-01,Amara Okafor,False,0,False
deal,2025-Q1,Selection,,,,D-00776,SwiftData Inc.,SMB,PLG,3089.7,8.8,2025-01-01,Marcus Webb,False,0,False
deal,2025-Q1,Selection,,,,D-00777,AmberLogistics B.V.,SMB,Sales-led,10936.31,6.5,2025-01-01,Elena Petrova,False,0,
deal,2025-Q1,Selection,,,,D-00778,PrimeLabs Ltd.,SMB,PLG,3136.22,3.8,2025-01-01,Liam Fitzgerald,False,0,False
deal,2025-Q1,Selection,,,,D-00779,HarborDynamics Ltd.,SMB,Sales-led,6997.02,13.5,2025-01-01,Sofia Marchetti,False,0,
deal,2025-Q1,Selection,Commit,,,D-00780,RapidSignal B.V.,SMB,Sales-led,6845.01,9.4,2025-01-01,Rian de Groot,False,0,
deal,2025-Q1,Commit,Onboarding,,,D-00780,RapidSignal B.V.,SMB,Sales-led,6845.01,4.5,2025-01-10,Rian de Groot,False,0,
deal,2025-Q1,Onboarding,Adoption,,,D-00780,RapidSignal B.V.,SMB,Sales-led,6845.01,27.6,2025-01-14,Rian de Groot,False,0,
deal,2025-Q1,Adoption,Renewal,,,D-00780,RapidSignal B.V.,SMB,Sales-led,6845.01,41.0,2025-02-10,Rian de Groot,False,0,
deal,2025-Q1,Renewal,Expansion,,,D-00780,RapidSignal B.V.,SMB,Sales-led,6845.01,18.5,2025-03-23,Rian de Groot,False,0,
deal,2025-Q1,Expansion,,,,D-00780,RapidSignal B.V.,SMB,Sales-led,6845.01,34.3,2025-04-10,Rian de Groot,False,0.0,
deal,2025-Q1,Selection,,,,D-00781,NorthernRobotics GmbH,SMB,PLG,3457.1,8.0,2025-01-01,Callum Reid,False,0,True
deal,2025-Q1,Selection,,,,D-00782,RapidAnalytics & Co.,SMB,PLG,4885.66,2.7,2025-01-01,Ben Sorensen,False,0,False
deal,2025-Q1,Selection,,,,D-00783,NovaData Group,SMB,PLG,3231.21,4.4,2025-01-01,Marcus Webb,False,0,True
deal,2025-Q1,Selection,Commit,,,D-00784,AmberRobotics Group,SMB,Sales-led,5577.97,3.8,2025-01-01,Aisling Kelly,False,0,
deal,2025-Q1,Commit,Onboarding,,,D-00784,AmberRobotics Group,SMB,Sales-led,5577.97,3.0,2025-01-04,Aisling Kelly,False,0,
deal,2025-Q1,Onboarding,Adoption,,,D-00784,AmberRobotics Group,SMB,Sales-led,5577.97,7.3,2025-01-07,Aisling Kelly,False,0,
deal,2025-Q1,Adoption,Renewal,,,D-00784,AmberRobotics Group,SMB,Sales-led,5577.97,25.4,2025-01-14,Aisling Kelly,False,0,
deal,2025-Q1,Renewal,Expansion,,,D-00784,AmberRobotics Group,SMB,Sales-led,5577.97,21.8,2025-02-08,Aisling Kelly,False,0,
deal,2025-Q1,Expansion,,,,D-00784,AmberRobotics Group,SMB,Sales-led,5577.97,26.6,2025-03-01,Aisling Kelly,False,0.0,
deal,2025-Q1,Selection,,,,D-00785,CedarDynamics Group,SMB,PLG,5264.52,4.6,2025-01-01,Liam Fitzgerald,False,0,False
deal,2025-Q1,Selection,Commit,,,D-00786,HarborHealth & Co.,SMB,Sales-led,8969.77,7.6,2025-01-01,Liam Fitzgerald,False,0,
deal,2025-Q1,Commit,Onboarding,,,D-00786,HarborHealth & Co.,SMB,Sales-led,8969.77,4.6,2025-01-08,Liam Fitzgerald,False,0,
deal,2025-Q1,Onboarding,Adoption,,,D-00786,HarborHealth & Co.,SMB,Sales-led,8969.77,20.9,2025-01-12,Liam Fitzgerald,False,0,
deal,2025-Q1,Adoption,Renewal,,,D-00786,HarborHealth & Co.,SMB,Sales-led,8969.77,42.5,2025-02-01,Liam Fitzgerald,False,0,
deal,2025-Q1,Renewal,Expansion,,,D-00786,HarborHealth & Co.,SMB,Sales-led,8969.77,14.6,2025-03-15,Liam Fitzgerald,False,0,
deal,2025-Q1,Expansion,,,,D-00786,HarborHealth & Co.,SMB,Sales-led,8969.77,24.6,2025-03-29,Liam Fitzgerald,False,0.0,
deal,2025-Q1,Selection,Commit,,,D-00787,HarborCloud B.V.,SMB,Sales-led,5883.44,5.9,2025-01-01,Ben Sorensen,False,0,
deal,2025-Q1,Commit,Onboarding,,,D-00787,HarborCloud B.V.,SMB,Sales-led,5883.44,3.3,2025-01-06,Ben Sorensen,False,0,
deal,2025-Q1,Onboarding,Adoption,,,D-00787,HarborCloud B.V.,SMB,Sales-led,5883.44,17.8,2025-01-09,Ben Sorensen,False,0,
deal,2025-Q1,Adoption,Renewal,,,D-00787,HarborCloud B.V.,SMB,Sales-led,5883.44,25.7,2025-01-26,Ben Sorensen,False,0,
deal,2025-Q1,Renewal,Expansion,,,D-00787,HarborCloud B.V.,SMB,Sales-led,5883.44,16.9,2025-02-20,Ben Sorensen,False,0,
deal,2025-Q1,Expansion,,,,D-00787,HarborCloud B.V.,SMB,Sales-led,5883.44,51.2,2025-03-08,Ben Sorensen,False,0.0,
deal,2025-Q1,Selection,Commit,,,D-00788,AmberDynamics Group,SMB,PLG,3823.38,5.1,2025-01-01,Rian de Groot,False,0,True
deal,2025-Q1,Commit,Onboarding,,,D-00788,AmberDynamics Group,SMB,PLG,3823.38,1.2,2025-01-06,Rian de Groot,False,0,True
deal,2025-Q1,Onboarding,Adoption,,,D-00788,AmberDynamics Group,SMB,PLG,3823.38,8.7,2025-01-07,Rian de Groot,False,0,True
deal,2025-Q1,Adoption,Renewal,,,D-00788,AmberDynamics Group,SMB,PLG,3823.38,47.5,2025-01-15,Rian de Groot,False,0,True
deal,2025-Q1,Renewal,Expansion,,,D-00788,AmberDynamics Group,SMB,PLG,3823.38,17.1,2025-03-03,Rian de Groot,False,0,True
deal,2025-Q1,Expansion,,,,D-00788,AmberDynamics Group,SMB,PLG,3823.38,25.1,2025-03-20,Rian de Groot,False,0.0,True
deal,2025-Q1,Selection,Commit,,,D-00789,SwiftWorks Ltd.,SMB,PLG,3781.96,6.3,2025-01-01,Yuki Tanaka,False,0,True
deal,2025-Q1,Commit,Onboarding,,,D-00789,SwiftWorks Ltd.,SMB,PLG,3781.96,3.0,2025-01-07,Yuki Tanaka,False,0,True
deal,2025-Q1,Onboarding,Adoption,,,D-00789,SwiftWorks Ltd.,SMB,PLG,3781.96,13.5,2025-01-10,Yuki Tanaka,False,0,True
deal,2025-Q1,Adoption,Renewal,,,D-00789,SwiftWorks Ltd.,SMB,PLG,3781.96,47.6,2025-01-23,Yuki Tanaka,False,0,True
deal,2025-Q1,Renewal,Expansion,,,D-00789,SwiftWorks Ltd.,SMB,PLG,3781.96,16.0,2025-03-11,Yuki Tanaka,False,0,True
deal,2025-Q1,Expansion,,,,D-00789,SwiftWorks Ltd.,SMB,PLG,3781.96,17.7,2025-03-27,Yuki Tanaka,False,0.0,True
deal,2025-Q1,Selection,,,,D-00790,VantageData B.V.,SMB,PLG,9906.05,6.2,2025-01-01,Declan Byrne,False,0,False
deal,2025-Q1,Selection,,,,D-00791,VantageWorks & Co.,SMB,PLG,2372.01,6.0,2025-01-01,Declan Byrne,False,0,False
deal,2025-Q1,Selection,,,,D-00792,MeridianCloud GmbH,SMB,PLG,3246.98,10.2,2025-01-01,Liam Fitzgerald,False,0,False
deal,2025-Q1,Selection,,,,D-00793,AmberFinance Inc.,SMB,PLG,2468.28,5.2,2025-01-01,Aisling Kelly,False,0,False
deal,2025-Q1,Selection,,,,D-00794,RapidSystems & Co.,SMB,PLG,3078.75,9.4,2025-01-01,Noor Haddad,False,0,True
deal,2025-Q1,Selection,Commit,,,D-00795,CedarLabs B.V.,SMB,Sales-led,15020.95,8.6,2025-01-01,Priya Natarajan,False,0,
deal,2025-Q1,Commit,Onboarding,,,D-00795,CedarLabs B.V.,SMB,Sales-led,15020.95,2.9,2025-01-09,Priya Natarajan,False,0,
deal,2025-Q1,Onboarding,Adoption,,,D-00795,CedarLabs B.V.,SMB,Sales-led,15020.95,16.7,2025-01-11,Priya Natarajan,False,0,
deal,2025-Q1,Adoption,Renewal,,,D-00795,CedarLabs B.V.,SMB,Sales-led,15020.95,38.5,2025-01-27,Priya Natarajan,False,0,
deal,2025-Q1,Renewal,Expansion,,,D-00795,CedarLabs B.V.,SMB,Sales-led,15020.95,36.8,2025-03-06,Priya Natarajan,False,0,
deal,2025-Q1,Expansion,,,,D-00795,CedarLabs B.V.,SMB,Sales-led,15020.95,23.0,2025-04-11,Priya Natarajan,False,3177.36,
deal,2025-Q1,Selection,,,,D-00796,LucidSolutions & Co.,SMB,Sales-led,9496.39,7.4,2025-01-01,Sofia Marchetti,False,0,
deal,2025-Q1,Selection,,,,D-00797,PrimeHealth Inc.,SMB,PLG,3279.3,8.4,2025-01-01,Rian de Groot,False,0,False
deal,2025-Q1,Selection,,,,D-00798,AmberRobotics Group,SMB,Sales-led,7263.88,18.4,2025-01-01,Declan Byrne,False,0,
deal,2025-Q1,Selection,,,,D-00799,RapidMetrics Ltd.,SMB,PLG,3010.98,6.7,2025-01-01,Declan Byrne,False,0,True
deal,2025-Q1,Selection,,,,D-00800,BoldMetrics Ltd.,SMB,Sales-led,8346.87,9.2,2025-01-01,Priya Natarajan,False,0,
deal,2025-Q1,Selection,Commit,,,D-00801,VantageFinance Inc.,SMB,Sales-led,6069.93,9.7,2025-01-01,Elena Petrova,False,0,
deal,2025-Q1,Commit,Onboarding,,,D-00801,VantageFinance Inc.,SMB,Sales-led,6069.93,3.2,2025-01-10,Elena Petrova,False,0,
deal,2025-Q1,Onboarding,Adoption,,,D-00801,VantageFinance Inc.,SMB,Sales-led,6069.93,11.8,2025-01-13,Elena Petrova,False,0,
deal,2025-Q1,Adoption,Renewal,,,D-00801,VantageFinance Inc.,SMB,Sales-led,6069.93,27.2,2025-01-24,Elena Petrova,False,0,
deal,2025-Q1,Renewal,Expansion,,,D-00801,VantageFinance Inc.,SMB,Sales-led,6069.93,20.1,2025-02-20,Elena Petrova,False,0,
deal,2025-Q1,Expansion,,,,D-00801,VantageFinance Inc.,SMB,Sales-led,6069.93,56.2,2025-03-12,Elena Petrova,False,622.85,
deal,2025-Q1,Selection,,,,D-00802,SwiftRobotics & Co.,SMB,PLG,3081.54,6.4,2025-01-01,Fatima Zahra,False,0,True
deal,2025-Q1,Selection,,,,D-00803,NorthernAnalytics B.V.,SMB,PLG,3291.59,3.6,2025-01-01,Declan Byrne,False,0,True
deal,2025-Q1,Selection,,,,D-00804,VantageRobotics GmbH,SMB,PLG,4016.51,8.8,2025-01-01,Callum Reid,False,0,False
deal,2025-Q1,Selection,,,,D-00805,NovaHealth Inc.,SMB,PLG,5464.32,5.4,2025-01-01,Marcus Webb,False,0,True
deal,2025-Q1,Selection,,,,D-00806,BlueMetrics Ltd.,SMB,PLG,5950.79,4.3,2025-01-01,Amara Okafor,False,0,False
deal,2025-Q1,Selection,Commit,,,D-00807,RapidWorks & Co.,SMB,Sales-led,8111.78,6.3,2025-01-01,Aisling Kelly,False,0,
deal,2025-Q1,Commit,Onboarding,,,D-00807,RapidWorks & Co.,SMB,Sales-led,8111.78,8.8,2025-01-07,Aisling Kelly,False,0,
deal,2025-Q1,Onboarding,Adoption,,,D-00807,RapidWorks & Co.,SMB,Sales-led,8111.78,14.4,2025-01-15,Aisling Kelly,False,0,
deal,2025-Q1,Adoption,Renewal,,,D-00807,RapidWorks & Co.,SMB,Sales-led,8111.78,43.8,2025-01-29,Aisling Kelly,False,0,
deal,2025-Q1,Renewal,Expansion,,,D-00807,RapidWorks & Co.,SMB,Sales-led,8111.78,22.7,2025-03-13,Aisling Kelly,False,0,
deal,2025-Q1,Expansion,,,,D-00807,RapidWorks & Co.,SMB,Sales-led,8111.78,26.8,2025-04-04,Aisling Kelly,False,0.0,
deal,2025-Q1,Selection,Commit,,,D-00808,BrightHealth Inc.,SMB,PLG,4075.38,6.0,2025-01-01,Noor Haddad,False,0,True
deal,2025-Q1,Commit,Onboarding,,,D-00808,BrightHealth Inc.,SMB,PLG,4075.38,3.1,2025-01-07,Noor Haddad,False,0,True
deal,2025-Q1,Onboarding,Adoption,,,D-00808,BrightHealth Inc.,SMB,PLG,4075.38,7.7,2025-01-10,Noor Haddad,False,0,True
deal,2025-Q1,Adoption,Renewal,,,D-00808,BrightHealth Inc.,SMB,PLG,4075.38,35.4,2025-01-17,Noor Haddad,False,0,True
deal,2025-Q1,Renewal,Expansion,,,D-00808,BrightHealth Inc.,SMB,PLG,4075.38,8.4,2025-02-21,Noor Haddad,False,0,True
deal,2025-Q1,Expansion,,,,D-00808,BrightHealth Inc.,SMB,PLG,4075.38,33.0,2025-03-01,Noor Haddad,False,0.0,True
deal,2025-Q1,Selection,,,,D-00809,VantageData Ltd.,SMB,PLG,5065.8,4.1,2025-01-01,Callum Reid,False,0,False
deal,2025-Q1,Selection,Commit,,,D-00810,ClearSolutions Ltd.,SMB,PLG,2613.04,7.6,2025-01-01,Amara Okafor,False,0,True
deal,2025-Q1,Commit,Onboarding,,,D-00810,ClearSolutions Ltd.,SMB,PLG,2613.04,2.5,2025-01-08,Amara Okafor,False,0,True
deal,2025-Q1,Onboarding,Adoption,,,D-00810,ClearSolutions Ltd.,SMB,PLG,2613.04,7.0,2025-01-10,Amara Okafor,False,0,True
deal,2025-Q1,Adoption,Renewal,,,D-00810,ClearSolutions Ltd.,SMB,PLG,2613.04,38.2,2025-01-17,Amara Okafor,False,0,True
deal,2025-Q1,Renewal,Expansion,,,D-00810,ClearSolutions Ltd.,SMB,PLG,2613.04,25.7,2025-02-24,Amara Okafor,False,0,True
deal,2025-Q1,Expansion,,,,D-00810,ClearSolutions Ltd.,SMB,PLG,2613.04,26.0,2025-03-21,Amara Okafor,False,0.0,True
deal,2025-Q2,Selection,,,,D-00811,CedarAnalytics GmbH,SMB,PLG,2701.12,5.8,2025-04-01,Fatima Zahra,False,0,True
deal,2025-Q2,Selection,,,,D-00812,SwiftData Ltd.,SMB,PLG,3237.74,7.2,2025-04-01,Priya Natarajan,False,0,False
deal,2025-Q2,Selection,,,,D-00813,AmberRobotics Group,SMB,Sales-led,7902.99,18.2,2025-04-01,Noor Haddad,False,0,
deal,2025-Q2,Selection,,,,D-00814,NorthernStudio Ltd.,SMB,PLG,4174.94,6.3,2025-04-01,Rian de Groot,False,0,False
deal,2025-Q2,Selection,,,,D-00815,VantageLogistics & Co.,SMB,Sales-led,11193.71,4.8,2025-04-01,Sofia Marchetti,False,0,
deal,2025-Q2,Selection,Commit,,,D-00816,BrightLabs Ltd.,SMB,Sales-led,10204.66,17.6,2025-04-01,Callum Reid,False,0,
deal,2025-Q2,Commit,Onboarding,,,D-00816,BrightLabs Ltd.,SMB,Sales-led,10204.66,2.3,2025-04-18,Callum Reid,False,0,
deal,2025-Q2,Onboarding,Adoption,,,D-00816,BrightLabs Ltd.,SMB,Sales-led,10204.66,5.2,2025-04-20,Callum Reid,False,0,
deal,2025-Q2,Adoption,Renewal,,,D-00816,BrightLabs Ltd.,SMB,Sales-led,10204.66,24.4,2025-04-25,Callum Reid,False,0,
deal,2025-Q2,Renewal,Expansion,,,D-00816,BrightLabs Ltd.,SMB,Sales-led,10204.66,19.9,2025-05-19,Callum Reid,False,0,
deal,2025-Q2,Expansion,,,,D-00816,BrightLabs Ltd.,SMB,Sales-led,10204.66,27.4,2025-06-07,Callum Reid,False,0.0,
deal,2025-Q2,Selection,,,,D-00817,AmberSignal GmbH,SMB,PLG,1682.65,3.7,2025-04-01,Sofia Marchetti,False,0,True
deal,2025-Q2,Selection,,,,D-00818,BrightFinance & Co.,SMB,PLG,2047.92,7.8,2025-04-01,Noor Haddad,False,0,False
deal,2025-Q2,Selection,,,,D-00819,KestrelData & Co.,SMB,Sales-led,3751.54,6.9,2025-04-01,Declan Byrne,False,0,
deal,2025-Q2,Selection,,,,D-00820,BlueMetrics Group,SMB,Sales-led,11006.5,9.6,2025-04-01,Priya Natarajan,False,0,
deal,2025-Q2,Selection,Commit,,,D-00821,VantageHealth Group,SMB,Sales-led,5762.95,7.6,2025-04-01,Noor Haddad,False,0,
deal,2025-Q2,Commit,Onboarding,,,D-00821,VantageHealth Group,SMB,Sales-led,5762.95,4.6,2025-04-08,Noor Haddad,False,0,
deal,2025-Q2,Onboarding,Adoption,,,D-00821,VantageHealth Group,SMB,Sales-led,5762.95,12.3,2025-04-12,Noor Haddad,False,0,
deal,2025-Q2,Adoption,Renewal,,,D-00821,VantageHealth Group,SMB,Sales-led,5762.95,42.4,2025-04-24,Noor Haddad,False,0,
deal,2025-Q2,Renewal,,,,D-00821,VantageHealth Group,SMB,Sales-led,5762.95,14.1,2025-06-05,Noor Haddad,True,0,
deal,2025-Q2,Selection,,,,D-00822,CedarFinance Inc.,SMB,Sales-led,9518.64,6.3,2025-04-01,Ben Sorensen,False,0,
deal,2025-Q2,Selection,Commit,,,D-00823,AmberSignal Group,SMB,Sales-led,14797.34,10.1,2025-04-01,Liam Fitzgerald,False,0,
deal,2025-Q2,Commit,Onboarding,,,D-00823,AmberSignal Group,SMB,Sales-led,14797.34,5.7,2025-04-11,Liam Fitzgerald,False,0,
deal,2025-Q2,Onboarding,Adoption,,,D-00823,AmberSignal Group,SMB,Sales-led,14797.34,22.2,2025-04-16,Liam Fitzgerald,False,0,
deal,2025-Q2,Adoption,Renewal,,,D-00823,AmberSignal Group,SMB,Sales-led,14797.34,40.5,2025-05-08,Liam Fitzgerald,False,0,
deal,2025-Q2,Renewal,,,,D-00823,AmberSignal Group,SMB,Sales-led,14797.34,12.3,2025-06-17,Liam Fitzgerald,True,0,
deal,2025-Q2,Selection,Commit,,,D-00824,SwiftFinance B.V.,SMB,PLG,2916.75,2.3,2025-04-01,Aisling Kelly,False,0,True
deal,2025-Q2,Commit,Onboarding,,,D-00824,SwiftFinance B.V.,SMB,PLG,2916.75,3.5,2025-04-03,Aisling Kelly,False,0,True
deal,2025-Q2,Onboarding,Adoption,,,D-00824,SwiftFinance B.V.,SMB,PLG,2916.75,15.2,2025-04-06,Aisling Kelly,False,0,True
deal,2025-Q2,Adoption,Renewal,,,D-00824,SwiftFinance B.V.,SMB,PLG,2916.75,55.9,2025-04-21,Aisling Kelly,False,0,True
deal,2025-Q2,Renewal,Expansion,,,D-00824,SwiftFinance B.V.,SMB,PLG,2916.75,10.9,2025-06-15,Aisling Kelly,False,0,True
deal,2025-Q2,Expansion,,,,D-00824,SwiftFinance B.V.,SMB,PLG,2916.75,39.7,2025-06-25,Aisling Kelly,False,0.0,True
deal,2025-Q2,Selection,,,,D-00825,VantageMetrics GmbH,SMB,Sales-led,4259.07,30.1,2025-04-01,Rian de Groot,False,0,
deal,2025-Q2,Selection,,,,D-00826,VantageSystems Inc.,SMB,PLG,3480.4,1.7,2025-04-01,Tariq Aziz,False,0,True
deal,2025-Q2,Selection,Commit,,,D-00827,LucidMetrics & Co.,SMB,PLG,3238.98,5.0,2025-04-01,Marcus Webb,False,0,True
deal,2025-Q2,Commit,,,,D-00827,LucidMetrics & Co.,SMB,PLG,3238.98,3.1,2025-04-06,Marcus Webb,True,0,True
deal,2025-Q2,Selection,,,,D-00828,CedarCommerce Group,SMB,Sales-led,8934.04,4.7,2025-04-01,Sofia Marchetti,False,0,
deal,2025-Q2,Selection,,,,D-00829,SolsticeSystems GmbH,SMB,PLG,1963.4,3.1,2025-04-01,Elena Petrova,False,0,True
deal,2025-Q2,Selection,,,,D-00830,NovaLogistics & Co.,SMB,PLG,6833.03,5.8,2025-04-01,Elena Petrova,False,0,True
deal,2025-Q2,Selection,,,,D-00831,NovaSignal Ltd.,SMB,PLG,3415.48,6.0,2025-04-01,Marcus Webb,False,0,True
deal,2025-Q2,Selection,,,,D-00832,SilverHealth GmbH,SMB,PLG,4364.43,9.8,2025-04-01,Marcus Webb,False,0,False
deal,2025-Q2,Selection,Commit,,,D-00833,SwiftSolutions B.V.,SMB,Sales-led,7409.4,11.7,2025-04-01,Tariq Aziz,False,0,
deal,2025-Q2,Commit,Onboarding,,,D-00833,SwiftSolutions B.V.,SMB,Sales-led,7409.4,3.6,2025-04-12,Tariq Aziz,False,0,
deal,2025-Q2,Onboarding,Adoption,,,D-00833,SwiftSolutions B.V.,SMB,Sales-led,7409.4,12.5,2025-04-15,Tariq Aziz,False,0,
deal,2025-Q2,Adoption,Renewal,,,D-00833,SwiftSolutions B.V.,SMB,Sales-led,7409.4,21.9,2025-04-27,Tariq Aziz,False,0,
deal,2025-Q2,Renewal,Expansion,,,D-00833,SwiftSolutions B.V.,SMB,Sales-led,7409.4,10.7,2025-05-18,Tariq Aziz,False,0,
deal,2025-Q2,Expansion,,,,D-00833,SwiftSolutions B.V.,SMB,Sales-led,7409.4,44.8,2025-05-28,Tariq Aziz,False,0.0,
deal,2025-Q2,Selection,,,,D-00834,NorthernRobotics B.V.,SMB,Sales-led,11880.63,26.8,2025-04-01,Ingrid Johansson,False,0,
deal,2025-Q2,Selection,,,,D-00835,BlueAnalytics GmbH,SMB,PLG,5303.1,4.2,2025-04-01,Ingrid Johansson,False,0,True
deal,2025-Q2,Selection,,,,D-00836,NovaData Group,SMB,PLG,4372.53,6.5,2025-04-01,Tariq Aziz,False,0,False
deal,2025-Q2,Selection,,,,D-00837,SilverSystems & Co.,SMB,PLG,2322.68,7.0,2025-04-01,Elena Petrova,False,0,True
deal,2025-Q2,Selection,,,,D-00838,BoldMetrics B.V.,SMB,Sales-led,8317.65,6.7,2025-04-01,Ben Sorensen,False,0,
deal,2025-Q2,Selection,Commit,,,D-00839,HarborAnalytics Inc.,SMB,PLG,5975.29,7.0,2025-04-01,Rian de Groot,False,0,True
deal,2025-Q2,Commit,Onboarding,,,D-00839,HarborAnalytics Inc.,SMB,PLG,5975.29,2.9,2025-04-08,Rian de Groot,False,0,True
deal,2025-Q2,Onboarding,Adoption,,,D-00839,HarborAnalytics Inc.,SMB,PLG,5975.29,18.4,2025-04-10,Rian de Groot,False,0,True
deal,2025-Q2,Adoption,Renewal,,,D-00839,HarborAnalytics Inc.,SMB,PLG,5975.29,35.3,2025-04-28,Rian de Groot,False,0,True
deal,2025-Q2,Renewal,Expansion,,,D-00839,HarborAnalytics Inc.,SMB,PLG,5975.29,22.1,2025-06-02,Rian de Groot,False,0,True
deal,2025-Q2,Expansion,,,,D-00839,HarborAnalytics Inc.,SMB,PLG,5975.29,39.1,2025-06-24,Rian de Groot,False,1501.66,True
deal,2025-Q2,Selection,,,,D-00840,MeridianMetrics Group,SMB,PLG,4433.08,3.5,2025-04-01,Elena Petrova,False,0,False
deal,2025-Q2,Selection,,,,D-00841,KestrelData Group,SMB,PLG,3116.13,7.5,2025-04-01,Declan Byrne,False,0,False
deal,2025-Q2,Selection,,,,D-00842,RapidFinance Ltd.,SMB,PLG,11112.15,3.4,2025-04-01,Liam Fitzgerald,False,0,False
deal,2025-Q2,Selection,,,,D-00843,AmberHealth GmbH,SMB,Sales-led,6049.72,16.6,2025-04-01,Ben Sorensen,False,0,
deal,2025-Q2,Selection,,,,D-00844,NorthernLogistics & Co.,SMB,PLG,6906.28,7.0,2025-04-01,Elena Petrova,False,0,False
deal,2025-Q2,Selection,Commit,,,D-00845,NorthernDynamics Inc.,SMB,PLG,3772.89,4.2,2025-04-01,Ingrid Johansson,False,0,True
deal,2025-Q2,Commit,Onboarding,,,D-00845,NorthernDynamics Inc.,SMB,PLG,3772.89,1.5,2025-04-05,Ingrid Johansson,False,0,True
deal,2025-Q2,Onboarding,Adoption,,,D-00845,NorthernDynamics Inc.,SMB,PLG,3772.89,19.5,2025-04-06,Ingrid Johansson,False,0,True
deal,2025-Q2,Adoption,Renewal,,,D-00845,NorthernDynamics Inc.,SMB,PLG,3772.89,65.1,2025-04-25,Ingrid Johansson,False,0,True
deal,2025-Q2,Renewal,,,,D-00845,NorthernDynamics Inc.,SMB,PLG,3772.89,39.1,2025-06-29,Ingrid Johansson,True,0,True
deal,2025-Q2,Selection,,,,D-00846,NorthernHealth Ltd.,SMB,PLG,3475.75,7.4,2025-04-01,Noor Haddad,False,0,False
deal,2025-Q2,Selection,,,,D-00847,BlueAnalytics & Co.,SMB,Sales-led,6478.77,12.9,2025-04-01,Yuki Tanaka,False,0,
deal,2025-Q2,Selection,Commit,,,D-00848,NovaSolutions GmbH,SMB,Sales-led,5336.08,7.6,2025-04-01,Callum Reid,False,0,
deal,2025-Q2,Commit,Onboarding,,,D-00848,NovaSolutions GmbH,SMB,Sales-led,5336.08,3.0,2025-04-08,Callum Reid,False,0,
deal,2025-Q2,Onboarding,Adoption,,,D-00848,NovaSolutions GmbH,SMB,Sales-led,5336.08,17.1,2025-04-11,Callum Reid,False,0,
deal,2025-Q2,Adoption,Renewal,,,D-00848,NovaSolutions GmbH,SMB,Sales-led,5336.08,29.7,2025-04-28,Callum Reid,False,0,
deal,2025-Q2,Renewal,Expansion,,,D-00848,NovaSolutions GmbH,SMB,Sales-led,5336.08,22.6,2025-05-27,Callum Reid,False,0,
deal,2025-Q2,Expansion,,,,D-00848,NovaSolutions GmbH,SMB,Sales-led,5336.08,33.1,2025-06-18,Callum Reid,False,0.0,
deal,2025-Q2,Selection,,,,D-00849,LucidSolutions GmbH,SMB,PLG,2887.85,2.6,2025-04-01,Ben Sorensen,False,0,True
deal,2025-Q2,Selection,,,,D-00850,SilverLabs B.V.,SMB,Sales-led,6397.16,9.2,2025-04-01,Sofia Marchetti,False,0,
deal,2025-Q2,Selection,,,,D-00851,RapidFinance GmbH,SMB,PLG,3196.59,3.2,2025-04-01,Sofia Marchetti,False,0,False
deal,2025-Q2,Selection,,,,D-00852,SilverFinance Group,SMB,PLG,2349.09,4.6,2025-04-01,Tariq Aziz,False,0,False
deal,2025-Q2,Selection,Commit,,,D-00853,KestrelMetrics Group,SMB,Sales-led,3701.94,14.9,2025-04-01,Yuki Tanaka,False,0,
deal,2025-Q2,Commit,Onboarding,,,D-00853,KestrelMetrics Group,SMB,Sales-led,3701.94,7.1,2025-04-15,Yuki Tanaka,False,0,
deal,2025-Q2,Onboarding,Adoption,,,D-00853,KestrelMetrics Group,SMB,Sales-led,3701.94,11.7,2025-04-22,Yuki Tanaka,False,0,
deal,2025-Q2,Adoption,Renewal,,,D-00853,KestrelMetrics Group,SMB,Sales-led,3701.94,111.2,2025-05-03,Yuki Tanaka,False,0,
deal,2025-Q2,Renewal,Expansion,,,D-00853,KestrelMetrics Group,SMB,Sales-led,3701.94,25.6,2025-08-22,Yuki Tanaka,False,0,
deal,2025-Q2,Expansion,,,,D-00853,KestrelMetrics Group,SMB,Sales-led,3701.94,29.4,2025-09-16,Yuki Tanaka,False,0.0,
deal,2025-Q2,Selection,,,,D-00854,RapidSignal Ltd.,SMB,PLG,3142.52,6.5,2025-04-01,Noor Haddad,False,0,False
deal,2025-Q2,Selection,Commit,,,D-00855,LucidMetrics GmbH,SMB,PLG,6287.21,5.8,2025-04-01,Aisling Kelly,False,0,False
deal,2025-Q2,Commit,Onboarding,,,D-00855,LucidMetrics GmbH,SMB,PLG,6287.21,1.5,2025-04-06,Aisling Kelly,False,0,False
deal,2025-Q2,Onboarding,Adoption,,,D-00855,LucidMetrics GmbH,SMB,PLG,6287.21,7.9,2025-04-07,Aisling Kelly,False,0,False
deal,2025-Q2,Adoption,Renewal,,,D-00855,LucidMetrics GmbH,SMB,PLG,6287.21,49.7,2025-04-14,Aisling Kelly,False,0,False
deal,2025-Q2,Renewal,,,,D-00855,LucidMetrics GmbH,SMB,PLG,6287.21,35.9,2025-06-02,Aisling Kelly,True,0,False
deal,2025-Q2,Selection,,,,D-00856,NorthernRobotics GmbH,SMB,PLG,4484.78,4.0,2025-04-01,Amara Okafor,False,0,True
deal,2025-Q2,Selection,,,,D-00857,BlueLabs B.V.,SMB,PLG,7034.48,4.4,2025-04-01,Priya Natarajan,False,0,False
deal,2025-Q2,Selection,,,,D-00858,SolsticeCommerce B.V.,SMB,PLG,4202.37,12.2,2025-04-01,Sofia Marchetti,False,0,False
deal,2025-Q2,Selection,Commit,,,D-00859,SolsticeStudio Ltd.,SMB,PLG,2604.21,9.1,2025-04-01,Yuki Tanaka,False,0,True
deal,2025-Q2,Commit,Onboarding,,,D-00859,SolsticeStudio Ltd.,SMB,PLG,2604.21,1.9,2025-04-10,Yuki Tanaka,False,0,True
deal,2025-Q2,Onboarding,Adoption,,,D-00859,SolsticeStudio Ltd.,SMB,PLG,2604.21,9.1,2025-04-11,Yuki Tanaka,False,0,True
deal,2025-Q2,Adoption,Renewal,,,D-00859,SolsticeStudio Ltd.,SMB,PLG,2604.21,38.2,2025-04-20,Yuki Tanaka,False,0,True
deal,2025-Q2,Renewal,,,,D-00859,SolsticeStudio Ltd.,SMB,PLG,2604.21,10.5,2025-05-28,Yuki Tanaka,True,0,True
deal,2025-Q2,Selection,,,,D-00860,CedarDynamics Ltd.,SMB,PLG,3493.03,9.6,2025-04-01,Noor Haddad,False,0,True
deal,2025-Q2,Selection,Commit,,,D-00861,RapidSolutions Group,SMB,PLG,2672.12,7.4,2025-04-01,Ingrid Johansson,False,0,True
deal,2025-Q2,Commit,Onboarding,,,D-00861,RapidSolutions Group,SMB,PLG,2672.12,1.0,2025-04-08,Ingrid Johansson,False,0,True
deal,2025-Q2,Onboarding,Adoption,,,D-00861,RapidSolutions Group,SMB,PLG,2672.12,9.9,2025-04-09,Ingrid Johansson,False,0,True
deal,2025-Q2,Adoption,Renewal,,,D-00861,RapidSolutions Group,SMB,PLG,2672.12,34.3,2025-04-18,Ingrid Johansson,False,0,True
deal,2025-Q2,Renewal,Expansion,,,D-00861,RapidSolutions Group,SMB,PLG,2672.12,31.1,2025-05-22,Ingrid Johansson,False,0,True
deal,2025-Q2,Expansion,,,,D-00861,RapidSolutions Group,SMB,PLG,2672.12,25.3,2025-06-22,Ingrid Johansson,False,0.0,True
deal,2025-Q2,Selection,Commit,,,D-00862,HarborSystems & Co.,SMB,Sales-led,8486.32,8.2,2025-04-01,Sofia Marchetti,False,0,
deal,2025-Q2,Commit,Onboarding,,,D-00862,HarborSystems & Co.,SMB,Sales-led,8486.32,2.7,2025-04-09,Sofia Marchetti,False,0,
deal,2025-Q2,Onboarding,Adoption,,,D-00862,HarborSystems & Co.,SMB,Sales-led,8486.32,17.4,2025-04-11,Sofia Marchetti,False,0,
deal,2025-Q2,Adoption,Renewal,,,D-00862,HarborSystems & Co.,SMB,Sales-led,8486.32,28.5,2025-04-28,Sofia Marchetti,False,0,
deal,2025-Q2,Renewal,Expansion,,,D-00862,HarborSystems & Co.,SMB,Sales-led,8486.32,15.1,2025-05-26,Sofia Marchetti,False,0,
deal,2025-Q2,Expansion,,,,D-00862,HarborSystems & Co.,SMB,Sales-led,8486.32,19.7,2025-06-10,Sofia Marchetti,False,0.0,
deal,2025-Q2,Selection,,,,D-00863,NovaDynamics GmbH,SMB,Sales-led,12268.54,11.7,2025-04-01,Yuki Tanaka,False,0,
deal,2025-Q2,Selection,,,,D-00864,SilverCloud & Co.,SMB,PLG,3001.8,5.7,2025-04-01,Sofia Marchetti,False,0,False
deal,2025-Q2,Selection,Commit,,,D-00865,RapidWorks Group,SMB,PLG,2581.98,3.4,2025-04-01,Aisling Kelly,False,0,False
deal,2025-Q2,Commit,Onboarding,,,D-00865,RapidWorks Group,SMB,PLG,2581.98,1.1,2025-04-04,Aisling Kelly,False,0,False
deal,2025-Q2,Onboarding,Adoption,,,D-00865,RapidWorks Group,SMB,PLG,2581.98,11.7,2025-04-05,Aisling Kelly,False,0,False
deal,2025-Q2,Adoption,Renewal,,,D-00865,RapidWorks Group,SMB,PLG,2581.98,34.1,2025-04-16,Aisling Kelly,False,0,False
deal,2025-Q2,Renewal,Expansion,,,D-00865,RapidWorks Group,SMB,PLG,2581.98,23.0,2025-05-20,Aisling Kelly,False,0,False
deal,2025-Q2,Expansion,,,,D-00865,RapidWorks Group,SMB,PLG,2581.98,38.6,2025-06-12,Aisling Kelly,False,0.0,False
deal,2025-Q2,Selection,,,,D-00866,RapidRobotics Group,SMB,Sales-led,7584.48,13.3,2025-04-01,Sofia Marchetti,False,0,
deal,2025-Q2,Selection,,,,D-00867,BrightStudio Ltd.,SMB,Sales-led,11886.73,6.7,2025-04-01,Marcus Webb,False,0,
deal,2025-Q2,Selection,,,,D-00868,LucidCommerce & Co.,SMB,PLG,4313.87,4.8,2025-04-01,Yuki Tanaka,False,0,False
deal,2025-Q2,Selection,,,,D-00869,LucidData GmbH,SMB,PLG,2788.52,8.9,2025-04-01,Liam Fitzgerald,False,0,False
deal,2025-Q2,Selection,,,,D-00870,CedarSolutions Group,SMB,PLG,6140.31,8.0,2025-04-01,Yuki Tanaka,False,0,True
deal,2025-Q2,Selection,,,,D-00871,LucidMetrics B.V.,SMB,Sales-led,6019.59,13.2,2025-04-01,Tariq Aziz,False,0,
deal,2025-Q2,Selection,,,,D-00872,BrightSolutions & Co.,SMB,PLG,4376.19,4.0,2025-04-01,Marcus Webb,False,0,False
deal,2025-Q2,Selection,,,,D-00873,MeridianHealth Group,SMB,Sales-led,5601.02,14.9,2025-04-01,Ben Sorensen,False,0,
deal,2025-Q2,Selection,,,,D-00874,SilverCommerce B.V.,SMB,PLG,4043.71,3.5,2025-04-01,Ben Sorensen,False,0,False
deal,2025-Q2,Selection,,,,D-00875,SwiftData GmbH,SMB,PLG,7695.97,6.7,2025-04-01,Yuki Tanaka,False,0,True
deal,2025-Q2,Selection,Commit,,,D-00876,ClearLogistics Group,SMB,PLG,5010.54,4.3,2025-04-01,Declan Byrne,False,0,True
deal,2025-Q2,Commit,Onboarding,,,D-00876,ClearLogistics Group,SMB,PLG,5010.54,2.4,2025-04-05,Declan Byrne,False,0,True
deal,2025-Q2,Onboarding,Adoption,,,D-00876,ClearLogistics Group,SMB,PLG,5010.54,7.1,2025-04-07,Declan Byrne,False,0,True
deal,2025-Q2,Adoption,Renewal,,,D-00876,ClearLogistics Group,SMB,PLG,5010.54,37.4,2025-04-14,Declan Byrne,False,0,True
deal,2025-Q2,Renewal,Expansion,,,D-00876,ClearLogistics Group,SMB,PLG,5010.54,13.3,2025-05-21,Declan Byrne,False,0,True
deal,2025-Q2,Expansion,,,,D-00876,ClearLogistics Group,SMB,PLG,5010.54,26.1,2025-06-03,Declan Byrne,False,940.23,True
deal,2025-Q2,Selection,,,,D-00877,SwiftSolutions & Co.,SMB,PLG,4405.72,2.9,2025-04-01,Liam Fitzgerald,False,0,False
deal,2025-Q2,Selection,,,,D-00878,MeridianSystems Ltd.,SMB,Sales-led,7940.33,9.0,2025-04-01,Ben Sorensen,False,0,
deal,2025-Q2,Selection,,,,D-00879,BoldSolutions Inc.,SMB,PLG,5970.29,8.9,2025-04-01,Amara Okafor,False,0,True
deal,2025-Q2,Selection,,,,D-00880,ClearLabs B.V.,SMB,Sales-led,7108.47,10.2,2025-04-01,Ingrid Johansson,False,0,
deal,2025-Q2,Selection,,,,D-00881,PrimeSystems Group,SMB,Sales-led,9210.64,6.4,2025-04-01,Amara Okafor,False,0,
deal,2025-Q2,Selection,,,,D-00882,CedarMetrics Group,SMB,Sales-led,6871.23,7.0,2025-04-01,Liam Fitzgerald,False,0,
deal,2025-Q2,Selection,,,,D-00883,CedarDynamics Group,SMB,PLG,3243.18,4.8,2025-04-01,Ingrid Johansson,False,0,False
deal,2025-Q2,Selection,,,,D-00884,KestrelSystems GmbH,SMB,PLG,8621.61,4.4,2025-04-01,Declan Byrne,False,0,True
deal,2025-Q2,Selection,Commit,,,D-00885,BoldWorks Group,SMB,Sales-led,11416.78,10.4,2025-04-01,Marcus Webb,False,0,
deal,2025-Q2,Commit,Onboarding,,,D-00885,BoldWorks Group,SMB,Sales-led,11416.78,5.5,2025-04-11,Marcus Webb,False,0,
deal,2025-Q2,Onboarding,Adoption,,,D-00885,BoldWorks Group,SMB,Sales-led,11416.78,10.5,2025-04-16,Marcus Webb,False,0,
deal,2025-Q2,Adoption,Renewal,,,D-00885,BoldWorks Group,SMB,Sales-led,11416.78,32.1,2025-04-26,Marcus Webb,False,0,
deal,2025-Q2,Renewal,Expansion,,,D-00885,BoldWorks Group,SMB,Sales-led,11416.78,11.4,2025-05-28,Marcus Webb,False,0,
deal,2025-Q2,Expansion,,,,D-00885,BoldWorks Group,SMB,Sales-led,11416.78,37.4,2025-06-08,Marcus Webb,False,0.0,
deal,2025-Q2,Selection,Commit,,,D-00886,MeridianLogistics & Co.,SMB,Sales-led,8123.5,4.5,2025-04-01,Fatima Zahra,False,0,
deal,2025-Q2,Commit,Onboarding,,,D-00886,MeridianLogistics & Co.,SMB,Sales-led,8123.5,3.9,2025-04-05,Fatima Zahra,False,0,
deal,2025-Q2,Onboarding,Adoption,,,D-00886,MeridianLogistics & Co.,SMB,Sales-led,8123.5,7.4,2025-04-08,Fatima Zahra,False,0,
deal,2025-Q2,Adoption,Renewal,,,D-00886,MeridianLogistics & Co.,SMB,Sales-led,8123.5,52.0,2025-04-15,Fatima Zahra,False,0,
deal,2025-Q2,Renewal,Expansion,,,D-00886,MeridianLogistics & Co.,SMB,Sales-led,8123.5,12.9,2025-06-06,Fatima Zahra,False,0,
deal,2025-Q2,Expansion,,,,D-00886,MeridianLogistics & Co.,SMB,Sales-led,8123.5,32.7,2025-06-18,Fatima Zahra,False,0.0,
deal,2025-Q2,Selection,Commit,,,D-00887,CedarAnalytics B.V.,SMB,PLG,2861.62,4.9,2025-04-01,Ingrid Johansson,False,0,True
deal,2025-Q2,Commit,Onboarding,,,D-00887,CedarAnalytics B.V.,SMB,PLG,2861.62,2.2,2025-04-05,Ingrid Johansson,False,0,True
deal,2025-Q2,Onboarding,Adoption,,,D-00887,CedarAnalytics B.V.,SMB,PLG,2861.62,10.8,2025-04-07,Ingrid Johansson,False,0,True
deal,2025-Q2,Adoption,Renewal,,,D-00887,CedarAnalytics B.V.,SMB,PLG,2861.62,54.2,2025-04-17,Ingrid Johansson,False,0,True
deal,2025-Q2,Renewal,Expansion,,,D-00887,CedarAnalytics B.V.,SMB,PLG,2861.62,15.8,2025-06-10,Ingrid Johansson,False,0,True
deal,2025-Q2,Expansion,,,,D-00887,CedarAnalytics B.V.,SMB,PLG,2861.62,22.3,2025-06-25,Ingrid Johansson,False,0.0,True
deal,2025-Q2,Selection,Commit,,,D-00888,MeridianFinance Ltd.,SMB,Sales-led,7414.99,4.7,2025-04-01,Fatima Zahra,False,0,
deal,2025-Q2,Commit,Onboarding,,,D-00888,MeridianFinance Ltd.,SMB,Sales-led,7414.99,2.8,2025-04-05,Fatima Zahra,False,0,
deal,2025-Q2,Onboarding,Adoption,,,D-00888,MeridianFinance Ltd.,SMB,Sales-led,7414.99,7.6,2025-04-07,Fatima Zahra,False,0,
deal,2025-Q2,Adoption,Renewal,,,D-00888,MeridianFinance Ltd.,SMB,Sales-led,7414.99,65.5,2025-04-14,Fatima Zahra,False,0,
deal,2025-Q2,Renewal,Expansion,,,D-00888,MeridianFinance Ltd.,SMB,Sales-led,7414.99,25.8,2025-06-18,Fatima Zahra,False,0,
deal,2025-Q2,Expansion,,,,D-00888,MeridianFinance Ltd.,SMB,Sales-led,7414.99,30.3,2025-07-13,Fatima Zahra,False,0.0,
deal,2025-Q2,Selection,Commit,,,D-00889,RapidLabs Inc.,SMB,PLG,2423.16,5.5,2025-04-01,Elena Petrova,False,0,True
deal,2025-Q2,Commit,Onboarding,,,D-00889,RapidLabs Inc.,SMB,PLG,2423.16,1.7,2025-04-06,Elena Petrova,False,0,True
deal,2025-Q2,Onboarding,Adoption,,,D-00889,RapidLabs Inc.,SMB,PLG,2423.16,18.8,2025-04-07,Elena Petrova,False,0,True
deal,2025-Q2,Adoption,Renewal,,,D-00889,RapidLabs Inc.,SMB,PLG,2423.16,43.7,2025-04-25,Elena Petrova,False,0,True
deal,2025-Q2,Renewal,Expansion,,,D-00889,RapidLabs Inc.,SMB,PLG,2423.16,34.3,2025-06-07,Elena Petrova,False,0,True
deal,2025-Q2,Expansion,,,,D-00889,RapidLabs Inc.,SMB,PLG,2423.16,34.9,2025-07-11,Elena Petrova,False,425.96,True
deal,2025-Q2,Selection,Commit,,,D-00890,NorthernFinance Group,SMB,PLG,9235.22,12.2,2025-04-01,Rian de Groot,False,0,True
deal,2025-Q2,Commit,Onboarding,,,D-00890,NorthernFinance Group,SMB,PLG,9235.22,3.7,2025-04-13,Rian de Groot,False,0,True
deal,2025-Q2,Onboarding,Adoption,,,D-00890,NorthernFinance Group,SMB,PLG,9235.22,13.2,2025-04-16,Rian de Groot,False,0,True
deal,2025-Q2,Adoption,Renewal,,,D-00890,NorthernFinance Group,SMB,PLG,9235.22,25.2,2025-04-29,Rian de Groot,False,0,True
deal,2025-Q2,Renewal,Expansion,,,D-00890,NorthernFinance Group,SMB,PLG,9235.22,14.9,2025-05-24,Rian de Groot,False,0,True
deal,2025-Q2,Expansion,,,,D-00890,NorthernFinance Group,SMB,PLG,9235.22,16.8,2025-06-07,Rian de Groot,False,0.0,True
deal,2025-Q2,Selection,,,,D-00891,KestrelFinance Group,SMB,PLG,1204.35,6.3,2025-04-01,Amara Okafor,False,0,False
deal,2025-Q2,Selection,Commit,,,D-00892,NorthernStudio B.V.,SMB,Sales-led,10712.67,10.3,2025-04-01,Sofia Marchetti,False,0,
deal,2025-Q2,Commit,Onboarding,,,D-00892,NorthernStudio B.V.,SMB,Sales-led,10712.67,5.4,2025-04-11,Sofia Marchetti,False,0,
deal,2025-Q2,Onboarding,Adoption,,,D-00892,NorthernStudio B.V.,SMB,Sales-led,10712.67,8.7,2025-04-16,Sofia Marchetti,False,0,
deal,2025-Q2,Adoption,Renewal,,,D-00892,NorthernStudio B.V.,SMB,Sales-led,10712.67,25.6,2025-04-24,Sofia Marchetti,False,0,
deal,2025-Q2,Renewal,Expansion,,,D-00892,NorthernStudio B.V.,SMB,Sales-led,10712.67,15.8,2025-05-19,Sofia Marchetti,False,0,
deal,2025-Q2,Expansion,,,,D-00892,NorthernStudio B.V.,SMB,Sales-led,10712.67,35.0,2025-06-03,Sofia Marchetti,False,0.0,
deal,2025-Q2,Selection,,,,D-00893,MeridianSignal Group,SMB,Sales-led,5460.32,12.4,2025-04-01,Priya Natarajan,False,0,
deal,2025-Q2,Selection,,,,D-00894,BlueMetrics Group,SMB,Sales-led,11949.35,4.7,2025-04-01,Elena Petrova,False,0,
deal,2025-Q2,Selection,Commit,,,D-00895,BoldHealth Inc.,SMB,PLG,1890.78,7.4,2025-04-01,Elena Petrova,False,0,True
deal,2025-Q2,Commit,Onboarding,,,D-00895,BoldHealth Inc.,SMB,PLG,1890.78,2.3,2025-04-08,Elena Petrova,False,0,True
deal,2025-Q2,Onboarding,Adoption,,,D-00895,BoldHealth Inc.,SMB,PLG,1890.78,12.5,2025-04-10,Elena Petrova,False,0,True
deal,2025-Q2,Adoption,Renewal,,,D-00895,BoldHealth Inc.,SMB,PLG,1890.78,28.5,2025-04-22,Elena Petrova,False,0,True
deal,2025-Q2,Renewal,Expansion,,,D-00895,BoldHealth Inc.,SMB,PLG,1890.78,30.1,2025-05-20,Elena Petrova,False,0,True
deal,2025-Q2,Expansion,,,,D-00895,BoldHealth Inc.,SMB,PLG,1890.78,41.7,2025-06-19,Elena Petrova,False,0.0,True
deal,2025-Q2,Selection,,,,D-00896,VantageSystems B.V.,SMB,PLG,5731.69,4.5,2025-04-01,Rian de Groot,False,0,False
deal,2025-Q2,Selection,Commit,,,D-00897,LucidData Inc.,SMB,PLG,4720.53,5.4,2025-04-01,Declan Byrne,False,0,True
deal,2025-Q2,Commit,Onboarding,,,D-00897,LucidData Inc.,SMB,PLG,4720.53,1.4,2025-04-06,Declan Byrne,False,0,True
deal,2025-Q2,Onboarding,Adoption,,,D-00897,LucidData Inc.,SMB,PLG,4720.53,7.8,2025-04-07,Declan Byrne,False,0,True
deal,2025-Q2,Adoption,Renewal,,,D-00897,LucidData Inc.,SMB,PLG,4720.53,43.5,2025-04-14,Declan Byrne,False,0,True
deal,2025-Q2,Renewal,Expansion,,,D-00897,LucidData Inc.,SMB,PLG,4720.53,6.3,2025-05-27,Declan Byrne,False,0,True
deal,2025-Q2,Expansion,,,,D-00897,LucidData Inc.,SMB,PLG,4720.53,19.6,2025-06-02,Declan Byrne,False,0.0,True
deal,2025-Q2,Selection,,,,D-00898,PrimeDynamics & Co.,SMB,Sales-led,5761.4,5.5,2025-04-01,Fatima Zahra,False,0,
deal,2025-Q2,Selection,Commit,,,D-00899,MeridianData Inc.,SMB,PLG,1288.47,4.3,2025-04-01,Aisling Kelly,False,0,True
deal,2025-Q2,Commit,Onboarding,,,D-00899,MeridianData Inc.,SMB,PLG,1288.47,2.4,2025-04-05,Aisling Kelly,False,0,True
deal,2025-Q2,Onboarding,Adoption,,,D-00899,MeridianData Inc.,SMB,PLG,1288.47,7.4,2025-04-07,Aisling Kelly,False,0,True
deal,2025-Q2,Adoption,Renewal,,,D-00899,MeridianData Inc.,SMB,PLG,1288.47,50.4,2025-04-14,Aisling Kelly,False,0,True
deal,2025-Q2,Renewal,Expansion,,,D-00899,MeridianData Inc.,SMB,PLG,1288.47,30.8,2025-06-03,Aisling Kelly,False,0,True
deal,2025-Q2,Expansion,,,,D-00899,MeridianData Inc.,SMB,PLG,1288.47,33.2,2025-07-03,Aisling Kelly,False,0.0,True
deal,2025-Q2,Selection,,,,D-00900,NorthernAnalytics Ltd.,SMB,PLG,2878.26,3.7,2025-04-01,Amara Okafor,False,0,False
deal,2025-Q2,Selection,Commit,,,D-00901,KestrelLabs Inc.,SMB,Sales-led,5317.61,6.6,2025-04-01,Priya Natarajan,False,0,
deal,2025-Q2,Commit,Onboarding,,,D-00901,KestrelLabs Inc.,SMB,Sales-led,5317.61,2.0,2025-04-07,Priya Natarajan,False,0,
deal,2025-Q2,Onboarding,Adoption,,,D-00901,KestrelLabs Inc.,SMB,Sales-led,5317.61,12.0,2025-04-09,Priya Natarajan,False,0,
deal,2025-Q2,Adoption,Renewal,,,D-00901,KestrelLabs Inc.,SMB,Sales-led,5317.61,49.2,2025-04-21,Priya Natarajan,False,0,
deal,2025-Q2,Renewal,Expansion,,,D-00901,KestrelLabs Inc.,SMB,Sales-led,5317.61,16.8,2025-06-09,Priya Natarajan,False,0,
deal,2025-Q2,Expansion,,,,D-00901,KestrelLabs Inc.,SMB,Sales-led,5317.61,30.2,2025-06-25,Priya Natarajan,False,799.57,
deal,2025-Q2,Selection,Commit,,,D-00902,AmberSystems Inc.,SMB,PLG,3940.31,8.1,2025-04-01,Callum Reid,False,0,True
deal,2025-Q2,Commit,Onboarding,,,D-00902,AmberSystems Inc.,SMB,PLG,3940.31,2.7,2025-04-09,Callum Reid,False,0,True
deal,2025-Q2,Onboarding,Adoption,,,D-00902,AmberSystems Inc.,SMB,PLG,3940.31,10.7,2025-04-11,Callum Reid,False,0,True
deal,2025-Q2,Adoption,Renewal,,,D-00902,AmberSystems Inc.,SMB,PLG,3940.31,46.6,2025-04-21,Callum Reid,False,0,True
deal,2025-Q2,Renewal,Expansion,,,D-00902,AmberSystems Inc.,SMB,PLG,3940.31,18.1,2025-06-06,Callum Reid,False,0,True
deal,2025-Q2,Expansion,,,,D-00902,AmberSystems Inc.,SMB,PLG,3940.31,50.0,2025-06-24,Callum Reid,False,0.0,True
deal,2025-Q2,Selection,Commit,,,D-00903,VantageData GmbH,SMB,PLG,3595.99,10.6,2025-04-01,Marcus Webb,False,0,True
deal,2025-Q2,Commit,Onboarding,,,D-00903,VantageData GmbH,SMB,PLG,3595.99,2.1,2025-04-11,Marcus Webb,False,0,True
deal,2025-Q2,Onboarding,Adoption,,,D-00903,VantageData GmbH,SMB,PLG,3595.99,9.7,2025-04-13,Marcus Webb,False,0,True
deal,2025-Q2,Adoption,Renewal,,,D-00903,VantageData GmbH,SMB,PLG,3595.99,41.0,2025-04-22,Marcus Webb,False,0,True
deal,2025-Q2,Renewal,Expansion,,,D-00903,VantageData GmbH,SMB,PLG,3595.99,20.2,2025-06-02,Marcus Webb,False,0,True
deal,2025-Q2,Expansion,,,,D-00903,VantageData GmbH,SMB,PLG,3595.99,27.9,2025-06-22,Marcus Webb,False,0.0,True
deal,2025-Q2,Selection,Commit,,,D-00904,SolsticeWorks GmbH,SMB,Sales-led,6562.19,9.3,2025-04-01,Yuki Tanaka,False,0,
deal,2025-Q2,Commit,Onboarding,,,D-00904,SolsticeWorks GmbH,SMB,Sales-led,6562.19,1.7,2025-04-10,Yuki Tanaka,False,0,
deal,2025-Q2,Onboarding,Adoption,,,D-00904,SolsticeWorks GmbH,SMB,Sales-led,6562.19,11.7,2025-04-11,Yuki Tanaka,False,0,
deal,2025-Q2,Adoption,Renewal,,,D-00904,SolsticeWorks GmbH,SMB,Sales-led,6562.19,39.1,2025-04-22,Yuki Tanaka,False,0,
deal,2025-Q2,Renewal,Expansion,,,D-00904,SolsticeWorks GmbH,SMB,Sales-led,6562.19,21.3,2025-05-31,Yuki Tanaka,False,0,
deal,2025-Q2,Expansion,,,,D-00904,SolsticeWorks GmbH,SMB,Sales-led,6562.19,34.4,2025-06-21,Yuki Tanaka,False,0.0,
deal,2025-Q2,Selection,,,,D-00905,VantageCloud Ltd.,SMB,PLG,2467.02,5.7,2025-04-01,Priya Natarajan,False,0,False
deal,2025-Q2,Selection,,,,D-00906,LucidSystems GmbH,SMB,PLG,3942.19,7.1,2025-04-01,Ben Sorensen,False,0,True
deal,2025-Q2,Selection,Commit,,,D-00907,RapidWorks Inc.,SMB,PLG,1062.41,7.1,2025-04-01,Marcus Webb,False,0,True
deal,2025-Q2,Commit,Onboarding,,,D-00907,RapidWorks Inc.,SMB,PLG,1062.41,2.1,2025-04-08,Marcus Webb,False,0,True
deal,2025-Q2,Onboarding,Adoption,,,D-00907,RapidWorks Inc.,SMB,PLG,1062.41,15.6,2025-04-10,Marcus Webb,False,0,True
deal,2025-Q2,Adoption,Renewal,,,D-00907,RapidWorks Inc.,SMB,PLG,1062.41,44.6,2025-04-25,Marcus Webb,False,0,True
deal,2025-Q2,Renewal,,,,D-00907,RapidWorks Inc.,SMB,PLG,1062.41,14.8,2025-06-08,Marcus Webb,True,0,True
deal,2025-Q2,Selection,,,,D-00908,NovaStudio Group,SMB,PLG,5883.05,4.4,2025-04-01,Rian de Groot,False,0,True
deal,2025-Q2,Selection,,,,D-00909,RapidRobotics Group,SMB,PLG,8634.9,10.3,2025-04-01,Amara Okafor,False,0,True
deal,2025-Q2,Selection,Commit,,,D-00910,BlueAnalytics GmbH,SMB,PLG,2639.54,2.2,2025-04-01,Marcus Webb,False,0,False
deal,2025-Q2,Commit,Onboarding,,,D-00910,BlueAnalytics GmbH,SMB,PLG,2639.54,1.5,2025-04-03,Marcus Webb,False,0,False
deal,2025-Q2,Onboarding,Adoption,,,D-00910,BlueAnalytics GmbH,SMB,PLG,2639.54,14.6,2025-04-04,Marcus Webb,False,0,False
deal,2025-Q2,Adoption,Renewal,,,D-00910,BlueAnalytics GmbH,SMB,PLG,2639.54,56.0,2025-04-18,Marcus Webb,False,0,False
deal,2025-Q2,Renewal,,,,D-00910,BlueAnalytics GmbH,SMB,PLG,2639.54,14.0,2025-06-13,Marcus Webb,True,0,False
deal,2025-Q2,Selection,,,,D-00911,BoldWorks & Co.,SMB,PLG,4131.4,4.8,2025-04-01,Tariq Aziz,False,0,False
deal,2025-Q2,Selection,,,,D-00912,MeridianDynamics Inc.,SMB,PLG,3541.08,4.2,2025-04-01,Amara Okafor,False,0,True
deal,2025-Q2,Selection,Commit,,,D-00913,BrightMetrics B.V.,SMB,PLG,4896.25,6.9,2025-04-01,Ingrid Johansson,False,0,True
deal,2025-Q2,Commit,Onboarding,,,D-00913,BrightMetrics B.V.,SMB,PLG,4896.25,2.4,2025-04-07,Ingrid Johansson,False,0,True
deal,2025-Q2,Onboarding,Adoption,,,D-00913,BrightMetrics B.V.,SMB,PLG,4896.25,18.3,2025-04-09,Ingrid Johansson,False,0,True
deal,2025-Q2,Adoption,Renewal,,,D-00913,BrightMetrics B.V.,SMB,PLG,4896.25,49.6,2025-04-27,Ingrid Johansson,False,0,True
deal,2025-Q2,Renewal,Expansion,,,D-00913,BrightMetrics B.V.,SMB,PLG,4896.25,16.7,2025-06-15,Ingrid Johansson,False,0,True
deal,2025-Q2,Expansion,,,,D-00913,BrightMetrics B.V.,SMB,PLG,4896.25,32.2,2025-07-01,Ingrid Johansson,False,0.0,True
deal,2025-Q2,Selection,,,,D-00914,VantageFinance Group,SMB,PLG,2850.1,3.7,2025-04-01,Aisling Kelly,False,0,False
deal,2025-Q2,Selection,,,,D-00915,KestrelData GmbH,SMB,PLG,2063.14,3.3,2025-04-01,Tariq Aziz,False,0,True
deal,2025-Q2,Selection,,,,D-00916,SwiftLogistics Group,SMB,Sales-led,4674.47,8.8,2025-04-01,Fatima Zahra,False,0,
deal,2025-Q2,Selection,,,,D-00917,NovaStudio B.V.,SMB,PLG,3337.25,2.8,2025-04-01,Yuki Tanaka,False,0,False
deal,2025-Q2,Selection,,,,D-00918,RapidSolutions & Co.,SMB,PLG,3990.78,2.4,2025-04-01,Ben Sorensen,False,0,False
deal,2025-Q2,Selection,,,,D-00919,RapidLabs Inc.,SMB,PLG,6031.73,11.0,2025-04-01,Yuki Tanaka,False,0,False
deal,2025-Q2,Selection,,,,D-00920,AmberHealth Inc.,SMB,Sales-led,6550.5,15.8,2025-04-01,Ingrid Johansson,False,0,
deal,2025-Q2,Selection,,,,D-00921,MeridianSystems Group,SMB,PLG,2294.89,7.6,2025-04-01,Marcus Webb,False,0,True
deal,2025-Q2,Selection,,,,D-00922,RapidData Ltd.,SMB,PLG,6748.89,4.9,2025-04-01,Sofia Marchetti,False,0,False
deal,2025-Q2,Selection,Commit,,,D-00923,SwiftData B.V.,SMB,Sales-led,7879.7,4.4,2025-04-01,Declan Byrne,False,0,
deal,2025-Q2,Commit,Onboarding,,,D-00923,SwiftData B.V.,SMB,Sales-led,7879.7,6.0,2025-04-05,Declan Byrne,False,0,
deal,2025-Q2,Onboarding,Adoption,,,D-00923,SwiftData B.V.,SMB,Sales-led,7879.7,8.0,2025-04-11,Declan Byrne,False,0,
deal,2025-Q2,Adoption,Renewal,,,D-00923,SwiftData B.V.,SMB,Sales-led,7879.7,59.0,2025-04-19,Declan Byrne,False,0,
deal,2025-Q2,Renewal,Expansion,,,D-00923,SwiftData B.V.,SMB,Sales-led,7879.7,14.2,2025-06-17,Declan Byrne,False,0,
deal,2025-Q2,Expansion,,,,D-00923,SwiftData B.V.,SMB,Sales-led,7879.7,33.0,2025-07-01,Declan Byrne,False,0.0,
deal,2025-Q2,Selection,,,,D-00924,PrimeMetrics & Co.,SMB,Sales-led,16517.17,10.1,2025-04-01,Rian de Groot,False,0,
deal,2025-Q2,Selection,,,,D-00925,NovaLogistics Group,SMB,PLG,2919.47,4.7,2025-04-01,Amara Okafor,False,0,True
deal,2025-Q2,Selection,Commit,,,D-00926,VantageHealth Group,SMB,Sales-led,17647.1,9.2,2025-04-01,Amara Okafor,False,0,
deal,2025-Q2,Commit,Onboarding,,,D-00926,VantageHealth Group,SMB,Sales-led,17647.1,3.1,2025-04-10,Amara Okafor,False,0,
deal,2025-Q2,Onboarding,Adoption,,,D-00926,VantageHealth Group,SMB,Sales-led,17647.1,4.9,2025-04-13,Amara Okafor,False,0,
deal,2025-Q2,Adoption,Renewal,,,D-00926,VantageHealth Group,SMB,Sales-led,17647.1,39.5,2025-04-17,Amara Okafor,False,0,
deal,2025-Q2,Renewal,Expansion,,,D-00926,VantageHealth Group,SMB,Sales-led,17647.1,13.9,2025-05-26,Amara Okafor,False,0,
deal,2025-Q2,Expansion,,,,D-00926,VantageHealth Group,SMB,Sales-led,17647.1,28.3,2025-06-08,Amara Okafor,False,3410.22,
deal,2025-Q2,Selection,,,,D-00927,ClearData Inc.,SMB,PLG,3100.31,8.1,2025-04-01,Priya Natarajan,False,0,True
deal,2025-Q2,Selection,,,,D-00928,AmberWorks Ltd.,SMB,PLG,3701.26,3.9,2025-04-01,Marcus Webb,False,0,False
deal,2025-Q2,Selection,,,,D-00929,SilverWorks GmbH,SMB,PLG,3823.13,7.0,2025-04-01,Liam Fitzgerald,False,0,False
deal,2025-Q2,Selection,Commit,,,D-00930,HarborCommerce Inc.,SMB,PLG,2019.97,2.2,2025-04-01,Elena Petrova,False,0,True
deal,2025-Q2,Commit,Onboarding,,,D-00930,HarborCommerce Inc.,SMB,PLG,2019.97,1.7,2025-04-03,Elena Petrova,False,0,True
deal,2025-Q2,Onboarding,Adoption,,,D-00930,HarborCommerce Inc.,SMB,PLG,2019.97,9.2,2025-04-04,Elena Petrova,False,0,True
deal,2025-Q2,Adoption,Renewal,,,D-00930,HarborCommerce Inc.,SMB,PLG,2019.97,39.6,2025-04-13,Elena Petrova,False,0,True
deal,2025-Q2,Renewal,Expansion,,,D-00930,HarborCommerce Inc.,SMB,PLG,2019.97,18.0,2025-05-22,Elena Petrova,False,0,True
deal,2025-Q2,Expansion,,,,D-00930,HarborCommerce Inc.,SMB,PLG,2019.97,30.0,2025-06-09,Elena Petrova,False,448.38,True
deal,2025-Q2,Selection,Commit,,,D-00931,BlueData Ltd.,SMB,PLG,3410.33,3.5,2025-04-01,Sofia Marchetti,False,0,True
deal,2025-Q2,Commit,Onboarding,,,D-00931,BlueData Ltd.,SMB,PLG,3410.33,1.8,2025-04-04,Sofia Marchetti,False,0,True
deal,2025-Q2,Onboarding,Adoption,,,D-00931,BlueData Ltd.,SMB,PLG,3410.33,15.0,2025-04-05,Sofia Marchetti,False,0,True
deal,2025-Q2,Adoption,Renewal,,,D-00931,BlueData Ltd.,SMB,PLG,3410.33,30.4,2025-04-20,Sofia Marchetti,False,0,True
deal,2025-Q2,Renewal,Expansion,,,D-00931,BlueData Ltd.,SMB,PLG,3410.33,10.4,2025-05-20,Sofia Marchetti,False,0,True
deal,2025-Q2,Expansion,,,,D-00931,BlueData Ltd.,SMB,PLG,3410.33,20.8,2025-05-30,Sofia Marchetti,False,0.0,True
deal,2025-Q2,Selection,Commit,,,D-00932,ClearSignal Inc.,SMB,Sales-led,7218.85,9.4,2025-04-01,Ingrid Johansson,False,0,
deal,2025-Q2,Commit,Onboarding,,,D-00932,ClearSignal Inc.,SMB,Sales-led,7218.85,4.5,2025-04-10,Ingrid Johansson,False,0,
deal,2025-Q2,Onboarding,Adoption,,,D-00932,ClearSignal Inc.,SMB,Sales-led,7218.85,11.5,2025-04-14,Ingrid Johansson,False,0,
deal,2025-Q2,Adoption,Renewal,,,D-00932,ClearSignal Inc.,SMB,Sales-led,7218.85,44.8,2025-04-25,Ingrid Johansson,False,0,
deal,2025-Q2,Renewal,Expansion,,,D-00932,ClearSignal Inc.,SMB,Sales-led,7218.85,13.0,2025-06-08,Ingrid Johansson,False,0,
deal,2025-Q2,Expansion,,,,D-00932,ClearSignal Inc.,SMB,Sales-led,7218.85,32.7,2025-06-21,Ingrid Johansson,False,0.0,
deal,2025-Q2,Selection,Commit,,,D-00933,AmberSystems Ltd.,SMB,Sales-led,5671.71,10.7,2025-04-01,Declan Byrne,False,0,
deal,2025-Q2,Commit,Onboarding,,,D-00933,AmberSystems Ltd.,SMB,Sales-led,5671.71,2.5,2025-04-11,Declan Byrne,False,0,
deal,2025-Q2,Onboarding,Adoption,,,D-00933,AmberSystems Ltd.,SMB,Sales-led,5671.71,16.9,2025-04-13,Declan Byrne,False,0,
deal,2025-Q2,Adoption,Renewal,,,D-00933,AmberSystems Ltd.,SMB,Sales-led,5671.71,21.8,2025-04-29,Declan Byrne,False,0,
deal,2025-Q2,Renewal,Expansion,,,D-00933,AmberSystems Ltd.,SMB,Sales-led,5671.71,21.4,2025-05-20,Declan Byrne,False,0,
deal,2025-Q2,Expansion,,,,D-00933,AmberSystems Ltd.,SMB,Sales-led,5671.71,20.5,2025-06-10,Declan Byrne,False,1268.06,
deal,2025-Q2,Selection,,,,D-00934,ClearLabs & Co.,SMB,PLG,4107.04,8.2,2025-04-01,Yuki Tanaka,False,0,True
deal,2025-Q2,Selection,,,,D-00935,NovaData Group,SMB,PLG,3280.21,5.6,2025-04-01,Sofia Marchetti,False,0,False
deal,2025-Q2,Selection,,,,D-00936,LucidLogistics Ltd.,SMB,Sales-led,14291.18,7.3,2025-04-01,Noor Haddad,False,0,
deal,2025-Q2,Selection,,,,D-00937,KestrelDynamics Inc.,SMB,PLG,2935.88,3.5,2025-04-01,Ingrid Johansson,False,0,True
deal,2025-Q2,Selection,,,,D-00938,BlueLogistics Inc.,SMB,PLG,7460.74,10.4,2025-04-01,Fatima Zahra,False,0,False
deal,2025-Q2,Selection,,,,D-00939,SwiftHealth GmbH,SMB,PLG,7928.92,5.7,2025-04-01,Sofia Marchetti,False,0,True
deal,2025-Q2,Selection,Commit,,,D-00940,MeridianStudio & Co.,SMB,Sales-led,7456.0,5.8,2025-04-01,Declan Byrne,False,0,
deal,2025-Q2,Commit,Onboarding,,,D-00940,MeridianStudio & Co.,SMB,Sales-led,7456.0,1.7,2025-04-06,Declan Byrne,False,0,
deal,2025-Q2,Onboarding,Adoption,,,D-00940,MeridianStudio & Co.,SMB,Sales-led,7456.0,11.3,2025-04-07,Declan Byrne,False,0,
deal,2025-Q2,Adoption,Renewal,,,D-00940,MeridianStudio & Co.,SMB,Sales-led,7456.0,54.4,2025-04-18,Declan Byrne,False,0,
deal,2025-Q2,Renewal,Expansion,,,D-00940,MeridianStudio & Co.,SMB,Sales-led,7456.0,39.6,2025-06-11,Declan Byrne,False,0,
deal,2025-Q2,Expansion,,,,D-00940,MeridianStudio & Co.,SMB,Sales-led,7456.0,42.0,2025-07-20,Declan Byrne,False,1748.46,
deal,2025-Q2,Selection,Commit,,,D-00941,SolsticeRobotics & Co.,SMB,PLG,2572.28,5.4,2025-04-01,Rian de Groot,False,0,True
deal,2025-Q2,Commit,Onboarding,,,D-00941,SolsticeRobotics & Co.,SMB,PLG,2572.28,1.4,2025-04-06,Rian de Groot,False,0,True
deal,2025-Q2,Onboarding,Adoption,,,D-00941,SolsticeRobotics & Co.,SMB,PLG,2572.28,16.7,2025-04-07,Rian de Groot,False,0,True
deal,2025-Q2,Adoption,,,,D-00941,SolsticeRobotics & Co.,SMB,PLG,2572.28,64.7,2025-04-23,Rian de Groot,True,0,True
deal,2025-Q2,Selection,Commit,,,D-00942,VantageWorks & Co.,SMB,PLG,5295.95,5.5,2025-04-01,Elena Petrova,False,0,True
deal,2025-Q2,Commit,Onboarding,,,D-00942,VantageWorks & Co.,SMB,PLG,5295.95,2.1,2025-04-06,Elena Petrova,False,0,True
deal,2025-Q2,Onboarding,Adoption,,,D-00942,VantageWorks & Co.,SMB,PLG,5295.95,24.9,2025-04-08,Elena Petrova,False,0,True
deal,2025-Q2,Adoption,Renewal,,,D-00942,VantageWorks & Co.,SMB,PLG,5295.95,54.2,2025-05-02,Elena Petrova,False,0,True
deal,2025-Q2,Renewal,Expansion,,,D-00942,VantageWorks & Co.,SMB,PLG,5295.95,11.0,2025-06-25,Elena Petrova,False,0,True
deal,2025-Q2,Expansion,,,,D-00942,VantageWorks & Co.,SMB,PLG,5295.95,60.7,2025-07-06,Elena Petrova,False,0.0,True
deal,2025-Q2,Selection,,,,D-00943,ClearMetrics GmbH,SMB,PLG,7087.04,5.7,2025-04-01,Ben Sorensen,False,0,True
deal,2025-Q2,Selection,,,,D-00944,ClearWorks Inc.,SMB,PLG,6652.98,6.3,2025-04-01,Ingrid Johansson,False,0,True
deal,2025-Q2,Selection,Commit,,,D-00945,ClearMetrics GmbH,SMB,PLG,4738.3,6.4,2025-04-01,Callum Reid,False,0,True
deal,2025-Q2,Commit,Onboarding,,,D-00945,ClearMetrics GmbH,SMB,PLG,4738.3,1.1,2025-04-07,Callum Reid,False,0,True
deal,2025-Q2,Onboarding,Adoption,,,D-00945,ClearMetrics GmbH,SMB,PLG,4738.3,6.1,2025-04-08,Callum Reid,False,0,True
deal,2025-Q2,Adoption,Renewal,,,D-00945,ClearMetrics GmbH,SMB,PLG,4738.3,19.6,2025-04-14,Callum Reid,False,0,True
deal,2025-Q2,Renewal,Expansion,,,D-00945,ClearMetrics GmbH,SMB,PLG,4738.3,9.8,2025-05-03,Callum Reid,False,0,True
deal,2025-Q2,Expansion,,,,D-00945,ClearMetrics GmbH,SMB,PLG,4738.3,18.8,2025-05-12,Callum Reid,False,0.0,True
deal,2025-Q2,Selection,Commit,,,D-00946,NorthernStudio Group,SMB,Sales-led,12087.75,8.3,2025-04-01,Liam Fitzgerald,False,0,
deal,2025-Q2,Commit,Onboarding,,,D-00946,NorthernStudio Group,SMB,Sales-led,12087.75,1.9,2025-04-09,Liam Fitzgerald,False,0,
deal,2025-Q2,Onboarding,Adoption,,,D-00946,NorthernStudio Group,SMB,Sales-led,12087.75,10.7,2025-04-10,Liam Fitzgerald,False,0,
deal,2025-Q2,Adoption,Renewal,,,D-00946,NorthernStudio Group,SMB,Sales-led,12087.75,36.9,2025-04-20,Liam Fitzgerald,False,0,
deal,2025-Q2,Renewal,Expansion,,,D-00946,NorthernStudio Group,SMB,Sales-led,12087.75,13.1,2025-05-26,Liam Fitzgerald,False,0,
deal,2025-Q2,Expansion,,,,D-00946,NorthernStudio Group,SMB,Sales-led,12087.75,14.5,2025-06-08,Liam Fitzgerald,False,0.0,
deal,2025-Q2,Selection,,,,D-00947,BoldWorks & Co.,SMB,PLG,5552.96,7.2,2025-04-01,Liam Fitzgerald,False,0,True
deal,2025-Q2,Selection,Commit,,,D-00948,BrightLabs Ltd.,SMB,PLG,3219.87,6.4,2025-04-01,Aisling Kelly,False,0,True
deal,2025-Q2,Commit,Onboarding,,,D-00948,BrightLabs Ltd.,SMB,PLG,3219.87,4.7,2025-04-07,Aisling Kelly,False,0,True
deal,2025-Q2,Onboarding,Adoption,,,D-00948,BrightLabs Ltd.,SMB,PLG,3219.87,9.7,2025-04-11,Aisling Kelly,False,0,True
deal,2025-Q2,Adoption,Renewal,,,D-00948,BrightLabs Ltd.,SMB,PLG,3219.87,32.7,2025-04-20,Aisling Kelly,False,0,True
deal,2025-Q2,Renewal,Expansion,,,D-00948,BrightLabs Ltd.,SMB,PLG,3219.87,14.4,2025-05-22,Aisling Kelly,False,0,True
deal,2025-Q2,Expansion,,,,D-00948,BrightLabs Ltd.,SMB,PLG,3219.87,17.5,2025-06-05,Aisling Kelly,False,0.0,True
deal,2025-Q2,Selection,,,,D-00949,SolsticeFinance Ltd.,SMB,PLG,2741.94,2.0,2025-04-01,Callum Reid,False,0,False
deal,2025-Q2,Selection,,,,D-00950,PrimeFinance & Co.,SMB,PLG,3402.59,3.8,2025-04-01,Ben Sorensen,False,0,False
deal,2025-Q2,Selection,,,,D-00951,ClearDynamics B.V.,SMB,Sales-led,8642.96,7.7,2025-04-01,Fatima Zahra,False,0,
deal,2025-Q2,Selection,Commit,,,D-00952,BlueSystems GmbH,SMB,PLG,5846.27,3.1,2025-04-01,Elena Petrova,False,0,True
deal,2025-Q2,Commit,Onboarding,,,D-00952,BlueSystems GmbH,SMB,PLG,5846.27,3.7,2025-04-04,Elena Petrova,False,0,True
deal,2025-Q2,Onboarding,Adoption,,,D-00952,BlueSystems GmbH,SMB,PLG,5846.27,9.5,2025-04-07,Elena Petrova,False,0,True
deal,2025-Q2,Adoption,Renewal,,,D-00952,BlueSystems GmbH,SMB,PLG,5846.27,24.2,2025-04-16,Elena Petrova,False,0,True
deal,2025-Q2,Renewal,Expansion,,,D-00952,BlueSystems GmbH,SMB,PLG,5846.27,24.6,2025-05-10,Elena Petrova,False,0,True
deal,2025-Q2,Expansion,,,,D-00952,BlueSystems GmbH,SMB,PLG,5846.27,14.7,2025-06-03,Elena Petrova,False,0.0,True
deal,2025-Q2,Selection,,,,D-00953,KestrelData Ltd.,SMB,PLG,6029.63,11.1,2025-04-01,Amara Okafor,False,0,False
deal,2025-Q2,Selection,,,,D-00954,BrightData B.V.,SMB,PLG,1375.21,6.7,2025-04-01,Tariq Aziz,False,0,False
deal,2025-Q2,Selection,,,,D-00955,SilverAnalytics Inc.,SMB,PLG,3305.81,6.0,2025-04-01,Ben Sorensen,False,0,False
deal,2025-Q2,Selection,Commit,,,D-00956,BrightFinance B.V.,SMB,PLG,4710.37,4.6,2025-04-01,Marcus Webb,False,0,True
deal,2025-Q2,Commit,Onboarding,,,D-00956,BrightFinance B.V.,SMB,PLG,4710.37,2.7,2025-04-05,Marcus Webb,False,0,True
deal,2025-Q2,Onboarding,Adoption,,,D-00956,BrightFinance B.V.,SMB,PLG,4710.37,8.6,2025-04-07,Marcus Webb,False,0,True
deal,2025-Q2,Adoption,Renewal,,,D-00956,BrightFinance B.V.,SMB,PLG,4710.37,34.4,2025-04-15,Marcus Webb,False,0,True
deal,2025-Q2,Renewal,Expansion,,,D-00956,BrightFinance B.V.,SMB,PLG,4710.37,19.7,2025-05-19,Marcus Webb,False,0,True
deal,2025-Q2,Expansion,,,,D-00956,BrightFinance B.V.,SMB,PLG,4710.37,33.8,2025-06-07,Marcus Webb,False,0.0,True
deal,2025-Q2,Selection,,,,D-00957,SwiftSystems GmbH,SMB,PLG,5664.97,4.8,2025-04-01,Marcus Webb,False,0,True
deal,2025-Q2,Selection,,,,D-00958,BrightLogistics Inc.,SMB,Sales-led,4682.91,10.5,2025-04-01,Fatima Zahra,False,0,
deal,2025-Q2,Selection,,,,D-00959,HarborLabs Group,SMB,Sales-led,9595.07,17.5,2025-04-01,Marcus Webb,False,0,
deal,2025-Q2,Selection,,,,D-00960,RapidSystems & Co.,SMB,PLG,2622.89,4.0,2025-04-01,Fatima Zahra,False,0,True
deal,2025-Q2,Selection,,,,D-00961,PrimeSolutions B.V.,SMB,Sales-led,7963.88,16.5,2025-04-01,Aisling Kelly,False,0,
deal,2025-Q2,Selection,,,,D-00962,CedarSignal Inc.,SMB,PLG,3951.31,6.9,2025-04-01,Callum Reid,False,0,False
deal,2025-Q2,Selection,,,,D-00963,RapidSignal Ltd.,SMB,Sales-led,6904.95,10.6,2025-04-01,Ben Sorensen,False,0,
deal,2025-Q2,Selection,,,,D-00964,AmberMetrics & Co.,SMB,PLG,5701.31,7.6,2025-04-01,Noor Haddad,False,0,False
deal,2025-Q2,Selection,,,,D-00965,VantageFinance B.V.,SMB,PLG,4160.18,6.0,2025-04-01,Noor Haddad,False,0,False
deal,2025-Q2,Selection,,,,D-00966,LucidAnalytics Group,SMB,PLG,6085.86,6.1,2025-04-01,Sofia Marchetti,False,0,True
deal,2025-Q2,Selection,,,,D-00967,MeridianMetrics Group,SMB,PLG,2536.3,4.9,2025-04-01,Amara Okafor,False,0,False
deal,2025-Q2,Selection,,,,D-00968,SwiftMetrics GmbH,SMB,PLG,1687.76,7.7,2025-04-01,Declan Byrne,False,0,False
deal,2025-Q2,Selection,,,,D-00969,NovaStudio Inc.,SMB,Sales-led,11924.76,5.2,2025-04-01,Amara Okafor,False,0,
deal,2025-Q2,Selection,,,,D-00970,BrightWorks Inc.,SMB,Sales-led,6586.65,5.0,2025-04-01,Declan Byrne,False,0,
deal,2025-Q2,Selection,,,,D-00971,ClearData B.V.,SMB,PLG,3576.73,8.9,2025-04-01,Fatima Zahra,False,0,True
deal,2025-Q3,Selection,,,,D-00972,HarborFinance B.V.,SMB,PLG,6180.38,3.0,2025-07-01,Ingrid Johansson,False,0,False
deal,2025-Q3,Selection,,,,D-00973,VantageWorks Ltd.,SMB,PLG,1623.51,8.1,2025-07-01,Tariq Aziz,False,0,False
deal,2025-Q3,Selection,,,,D-00974,BlueDynamics B.V.,SMB,Sales-led,7475.96,10.2,2025-07-01,Declan Byrne,False,0,
deal,2025-Q3,Selection,,,,D-00975,NorthernCommerce Ltd.,SMB,PLG,6379.33,4.2,2025-07-01,Noor Haddad,False,0,False
deal,2025-Q3,Selection,,,,D-00976,PrimeAnalytics Ltd.,SMB,Sales-led,11350.52,8.4,2025-07-01,Amara Okafor,False,0,
deal,2025-Q3,Selection,,,,D-00977,BlueDynamics GmbH,SMB,Sales-led,9499.74,2.9,2025-07-01,Rian de Groot,False,0,
deal,2025-Q3,Selection,,,,D-00978,BoldMetrics Inc.,SMB,PLG,2745.17,7.3,2025-07-01,Liam Fitzgerald,False,0,False
deal,2025-Q3,Selection,,,,D-00979,BoldMetrics Inc.,SMB,PLG,3134.94,7.1,2025-07-01,Elena Petrova,False,0,True
deal,2025-Q3,Selection,,,,D-00980,SwiftSignal B.V.,SMB,Sales-led,13667.98,12.2,2025-07-01,Callum Reid,False,0,
deal,2025-Q3,Selection,Commit,,,D-00981,PrimeCloud B.V.,SMB,PLG,1535.21,4.1,2025-07-01,Fatima Zahra,False,0,True
deal,2025-Q3,Commit,Onboarding,,,D-00981,PrimeCloud B.V.,SMB,PLG,1535.21,3.4,2025-07-05,Fatima Zahra,False,0,True
deal,2025-Q3,Onboarding,Adoption,,,D-00981,PrimeCloud B.V.,SMB,PLG,1535.21,10.6,2025-07-08,Fatima Zahra,False,0,True
deal,2025-Q3,Adoption,Renewal,,,D-00981,PrimeCloud B.V.,SMB,PLG,1535.21,49.3,2025-07-18,Fatima Zahra,False,0,True
deal,2025-Q3,Renewal,Expansion,,,D-00981,PrimeCloud B.V.,SMB,PLG,1535.21,24.6,2025-09-05,Fatima Zahra,False,0,True
deal,2025-Q3,Expansion,,,,D-00981,PrimeCloud B.V.,SMB,PLG,1535.21,12.6,2025-09-29,Fatima Zahra,False,277.02,True
deal,2025-Q3,Selection,,,,D-00982,BlueLabs Inc.,SMB,PLG,2326.66,4.0,2025-07-01,Callum Reid,False,0,False
deal,2025-Q3,Selection,Commit,,,D-00983,SilverAnalytics GmbH,SMB,PLG,5358.21,7.6,2025-07-01,Aisling Kelly,False,0,True
deal,2025-Q3,Commit,Onboarding,,,D-00983,SilverAnalytics GmbH,SMB,PLG,5358.21,3.1,2025-07-08,Aisling Kelly,False,0,True
deal,2025-Q3,Onboarding,Adoption,,,D-00983,SilverAnalytics GmbH,SMB,PLG,5358.21,7.5,2025-07-11,Aisling Kelly,False,0,True
deal,2025-Q3,Adoption,Renewal,,,D-00983,SilverAnalytics GmbH,SMB,PLG,5358.21,22.7,2025-07-18,Aisling Kelly,False,0,True
deal,2025-Q3,Renewal,Expansion,,,D-00983,SilverAnalytics GmbH,SMB,PLG,5358.21,26.6,2025-08-09,Aisling Kelly,False,0,True
deal,2025-Q3,Expansion,,,,D-00983,SilverAnalytics GmbH,SMB,PLG,5358.21,21.3,2025-09-04,Aisling Kelly,False,0.0,True
deal,2025-Q3,Selection,,,,D-00984,KestrelFinance GmbH,SMB,PLG,5672.3,5.2,2025-07-01,Yuki Tanaka,False,0,True
deal,2025-Q3,Selection,Commit,,,D-00985,LucidDynamics Group,SMB,PLG,2331.17,7.5,2025-07-01,Marcus Webb,False,0,True
deal,2025-Q3,Commit,Onboarding,,,D-00985,LucidDynamics Group,SMB,PLG,2331.17,4.6,2025-07-08,Marcus Webb,False,0,True
deal,2025-Q3,Onboarding,Adoption,,,D-00985,LucidDynamics Group,SMB,PLG,2331.17,15.9,2025-07-12,Marcus Webb,False,0,True
deal,2025-Q3,Adoption,Renewal,,,D-00985,LucidDynamics Group,SMB,PLG,2331.17,35.4,2025-07-27,Marcus Webb,False,0,True
deal,2025-Q3,Renewal,,,,D-00985,LucidDynamics Group,SMB,PLG,2331.17,13.4,2025-08-31,Marcus Webb,True,0,True
deal,2025-Q3,Selection,Commit,,,D-00986,PrimeMetrics GmbH,SMB,PLG,6353.8,7.7,2025-07-01,Fatima Zahra,False,0,True
deal,2025-Q3,Commit,Onboarding,,,D-00986,PrimeMetrics GmbH,SMB,PLG,6353.8,1.9,2025-07-08,Fatima Zahra,False,0,True
deal,2025-Q3,Onboarding,Adoption,,,D-00986,PrimeMetrics GmbH,SMB,PLG,6353.8,8.0,2025-07-09,Fatima Zahra,False,0,True
deal,2025-Q3,Adoption,Renewal,,,D-00986,PrimeMetrics GmbH,SMB,PLG,6353.8,25.2,2025-07-17,Fatima Zahra,False,0,True
deal,2025-Q3,Renewal,Expansion,,,D-00986,PrimeMetrics GmbH,SMB,PLG,6353.8,14.3,2025-08-11,Fatima Zahra,False,0,True
deal,2025-Q3,Expansion,,,,D-00986,PrimeMetrics GmbH,SMB,PLG,6353.8,27.4,2025-08-25,Fatima Zahra,False,0.0,True
deal,2025-Q3,Selection,,,,D-00987,BrightSolutions Ltd.,SMB,Sales-led,8433.34,3.9,2025-07-01,Liam Fitzgerald,False,0,
deal,2025-Q3,Selection,Commit,,,D-00988,KestrelCommerce & Co.,SMB,PLG,4159.01,7.5,2025-07-01,Noor Haddad,False,0,True
deal,2025-Q3,Commit,Onboarding,,,D-00988,KestrelCommerce & Co.,SMB,PLG,4159.01,2.2,2025-07-08,Noor Haddad,False,0,True
deal,2025-Q3,Onboarding,Adoption,,,D-00988,KestrelCommerce & Co.,SMB,PLG,4159.01,11.9,2025-07-10,Noor Haddad,False,0,True
deal,2025-Q3,Adoption,Renewal,,,D-00988,KestrelCommerce & Co.,SMB,PLG,4159.01,19.1,2025-07-21,Noor Haddad,False,0,True
deal,2025-Q3,Renewal,Expansion,,,D-00988,KestrelCommerce & Co.,SMB,PLG,4159.01,18.2,2025-08-09,Noor Haddad,False,0,True
deal,2025-Q3,Expansion,,,,D-00988,KestrelCommerce & Co.,SMB,PLG,4159.01,19.2,2025-08-27,Noor Haddad,False,531.38,True
deal,2025-Q3,Selection,,,,D-00989,HarborWorks Inc.,SMB,PLG,6792.72,4.9,2025-07-01,Tariq Aziz,False,0,False
deal,2025-Q3,Selection,Commit,,,D-00990,AmberMetrics GmbH,SMB,PLG,5209.12,7.6,2025-07-01,Priya Natarajan,False,0,False
deal,2025-Q3,Commit,Onboarding,,,D-00990,AmberMetrics GmbH,SMB,PLG,5209.12,2.2,2025-07-08,Priya Natarajan,False,0,False
deal,2025-Q3,Onboarding,Adoption,,,D-00990,AmberMetrics GmbH,SMB,PLG,5209.12,13.8,2025-07-10,Priya Natarajan,False,0,False
deal,2025-Q3,Adoption,Renewal,,,D-00990,AmberMetrics GmbH,SMB,PLG,5209.12,22.8,2025-07-23,Priya Natarajan,False,0,False
deal,2025-Q3,Renewal,Expansion,,,D-00990,AmberMetrics GmbH,SMB,PLG,5209.12,28.7,2025-08-14,Priya Natarajan,False,0,False
deal,2025-Q3,Expansion,,,,D-00990,AmberMetrics GmbH,SMB,PLG,5209.12,18.3,2025-09-11,Priya Natarajan,False,1006.23,False
deal,2025-Q3,Selection,Commit,,,D-00991,LucidCommerce Inc.,SMB,PLG,3220.0,7.4,2025-07-01,Aisling Kelly,False,0,True
deal,2025-Q3,Commit,Onboarding,,,D-00991,LucidCommerce Inc.,SMB,PLG,3220.0,1.8,2025-07-08,Aisling Kelly,False,0,True
deal,2025-Q3,Onboarding,Adoption,,,D-00991,LucidCommerce Inc.,SMB,PLG,3220.0,13.7,2025-07-09,Aisling Kelly,False,0,True
deal,2025-Q3,Adoption,Renewal,,,D-00991,LucidCommerce Inc.,SMB,PLG,3220.0,40.4,2025-07-22,Aisling Kelly,False,0,True
deal,2025-Q3,Renewal,Expansion,,,D-00991,LucidCommerce Inc.,SMB,PLG,3220.0,18.2,2025-08-31,Aisling Kelly,False,0,True
deal,2025-Q3,Expansion,,,,D-00991,LucidCommerce Inc.,SMB,PLG,3220.0,27.3,2025-09-18,Aisling Kelly,False,0.0,True
deal,2025-Q3,Selection,,,,D-00992,MeridianCloud Ltd.,SMB,Sales-led,7927.15,12.1,2025-07-01,Declan Byrne,False,0,
deal,2025-Q3,Selection,,,,D-00993,NovaLabs & Co.,SMB,Sales-led,13849.98,10.3,2025-07-01,Ingrid Johansson,False,0,
deal,2025-Q3,Selection,,,,D-00994,MeridianFinance & Co.,SMB,PLG,4143.41,3.7,2025-07-01,Noor Haddad,False,0,False
deal,2025-Q3,Selection,,,,D-00995,BrightWorks GmbH,SMB,PLG,2267.7,9.4,2025-07-01,Declan Byrne,False,0,True
deal,2025-Q3,Selection,Commit,,,D-00996,VantageSystems Group,SMB,PLG,2980.33,5.8,2025-07-01,Liam Fitzgerald,False,0,True
deal,2025-Q3,Commit,Onboarding,,,D-00996,VantageSystems Group,SMB,PLG,2980.33,2.8,2025-07-06,Liam Fitzgerald,False,0,True
deal,2025-Q3,Onboarding,Adoption,,,D-00996,VantageSystems Group,SMB,PLG,2980.33,19.9,2025-07-08,Liam Fitzgerald,False,0,True
deal,2025-Q3,Adoption,Renewal,,,D-00996,VantageSystems Group,SMB,PLG,2980.33,56.3,2025-07-27,Liam Fitzgerald,False,0,True
deal,2025-Q3,Renewal,Expansion,,,D-00996,VantageSystems Group,SMB,PLG,2980.33,11.3,2025-09-21,Liam Fitzgerald,False,0,True
deal,2025-Q3,Expansion,,,,D-00996,VantageSystems Group,SMB,PLG,2980.33,22.4,2025-10-02,Liam Fitzgerald,False,0.0,True
deal,2025-Q3,Selection,,,,D-00997,BrightLogistics GmbH,SMB,PLG,3831.98,6.4,2025-07-01,Rian de Groot,False,0,False
deal,2025-Q3,Selection,,,,D-00998,SwiftMetrics B.V.,SMB,Sales-led,7567.54,6.3,2025-07-01,Declan Byrne,False,0,
deal,2025-Q3,Selection,,,,D-00999,SwiftSystems Inc.,SMB,Sales-led,10108.67,7.2,2025-07-01,Marcus Webb,False,0,
deal,2025-Q3,Selection,,,,D-01000,BoldLabs Inc.,SMB,PLG,1807.32,5.1,2025-07-01,Ingrid Johansson,False,0,False
deal,2025-Q3,Selection,Commit,,,D-01001,BrightFinance B.V.,SMB,PLG,11741.56,6.6,2025-07-01,Fatima Zahra,False,0,True
deal,2025-Q3,Commit,Onboarding,,,D-01001,BrightFinance B.V.,SMB,PLG,11741.56,5.5,2025-07-07,Fatima Zahra,False,0,True
deal,2025-Q3,Onboarding,Adoption,,,D-01001,BrightFinance B.V.,SMB,PLG,11741.56,7.3,2025-07-12,Fatima Zahra,False,0,True
deal,2025-Q3,Adoption,Renewal,,,D-01001,BrightFinance B.V.,SMB,PLG,11741.56,25.9,2025-07-19,Fatima Zahra,False,0,True
deal,2025-Q3,Renewal,Expansion,,,D-01001,BrightFinance B.V.,SMB,PLG,11741.56,17.4,2025-08-13,Fatima Zahra,False,0,True
deal,2025-Q3,Expansion,,,,D-01001,BrightFinance B.V.,SMB,PLG,11741.56,24.2,2025-08-30,Fatima Zahra,False,2072.16,True
deal,2025-Q3,Selection,,,,D-01002,BlueHealth Ltd.,SMB,PLG,6652.75,4.1,2025-07-01,Tariq Aziz,False,0,True
deal,2025-Q3,Selection,,,,D-01003,MeridianAnalytics B.V.,SMB,Sales-led,5677.76,3.9,2025-07-01,Declan Byrne,False,0,
deal,2025-Q3,Selection,,,,D-01004,NovaStudio Group,SMB,Sales-led,9654.9,11.3,2025-07-01,Ben Sorensen,False,0,
deal,2025-Q3,Selection,,,,D-01005,LucidMetrics Group,SMB,PLG,3063.93,7.0,2025-07-01,Yuki Tanaka,False,0,True
deal,2025-Q3,Selection,Commit,,,D-01006,NovaWorks GmbH,SMB,PLG,4775.09,3.9,2025-07-01,Aisling Kelly,False,0,True
deal,2025-Q3,Commit,Onboarding,,,D-01006,NovaWorks GmbH,SMB,PLG,4775.09,5.7,2025-07-04,Aisling Kelly,False,0,True
deal,2025-Q3,Onboarding,Adoption,,,D-01006,NovaWorks GmbH,SMB,PLG,4775.09,11.9,2025-07-09,Aisling Kelly,False,0,True
deal,2025-Q3,Adoption,Renewal,,,D-01006,NovaWorks GmbH,SMB,PLG,4775.09,44.0,2025-07-20,Aisling Kelly,False,0,True
deal,2025-Q3,Renewal,Expansion,,,D-01006,NovaWorks GmbH,SMB,PLG,4775.09,10.0,2025-09-02,Aisling Kelly,False,0,True
deal,2025-Q3,Expansion,,,,D-01006,NovaWorks GmbH,SMB,PLG,4775.09,39.7,2025-09-12,Aisling Kelly,False,0.0,True
deal,2025-Q3,Selection,,,,D-01007,KestrelMetrics B.V.,SMB,PLG,3370.84,7.1,2025-07-01,Ingrid Johansson,False,0,True
deal,2025-Q3,Selection,,,,D-01008,SolsticeCloud Ltd.,SMB,PLG,2555.34,7.4,2025-07-01,Ben Sorensen,False,0,True
deal,2025-Q3,Selection,,,,D-01009,RapidData Ltd.,SMB,Sales-led,12312.89,11.4,2025-07-01,Marcus Webb,False,0,
deal,2025-Q3,Selection,,,,D-01010,HarborData Ltd.,SMB,PLG,4333.91,4.3,2025-07-01,Yuki Tanaka,False,0,True
deal,2025-Q3,Selection,Commit,,,D-01011,MeridianSolutions Inc.,SMB,Sales-led,4139.87,5.2,2025-07-01,Rian de Groot,False,0,
deal,2025-Q3,Commit,Onboarding,,,D-01011,MeridianSolutions Inc.,SMB,Sales-led,4139.87,4.5,2025-07-06,Rian de Groot,False,0,
deal,2025-Q3,Onboarding,Adoption,,,D-01011,MeridianSolutions Inc.,SMB,Sales-led,4139.87,12.7,2025-07-10,Rian de Groot,False,0,
deal,2025-Q3,Adoption,Renewal,,,D-01011,MeridianSolutions Inc.,SMB,Sales-led,4139.87,54.2,2025-07-22,Rian de Groot,False,0,
deal,2025-Q3,Renewal,,,,D-01011,MeridianSolutions Inc.,SMB,Sales-led,4139.87,17.6,2025-09-14,Rian de Groot,True,0,
deal,2025-Q3,Selection,Commit,,,D-01012,LucidDynamics B.V.,SMB,PLG,3844.9,5.8,2025-07-01,Yuki Tanaka,False,0,True
deal,2025-Q3,Commit,Onboarding,,,D-01012,LucidDynamics B.V.,SMB,PLG,3844.9,1.3,2025-07-06,Yuki Tanaka,False,0,True
deal,2025-Q3,Onboarding,Adoption,,,D-01012,LucidDynamics B.V.,SMB,PLG,3844.9,10.5,2025-07-07,Yuki Tanaka,False,0,True
deal,2025-Q3,Adoption,Renewal,,,D-01012,LucidDynamics B.V.,SMB,PLG,3844.9,18.1,2025-07-17,Yuki Tanaka,False,0,True
deal,2025-Q3,Renewal,Expansion,,,D-01012,LucidDynamics B.V.,SMB,PLG,3844.9,16.8,2025-08-04,Yuki Tanaka,False,0,True
deal,2025-Q3,Expansion,,,,D-01012,LucidDynamics B.V.,SMB,PLG,3844.9,45.8,2025-08-20,Yuki Tanaka,False,0.0,True
deal,2025-Q3,Selection,,,,D-01013,NorthernHealth Inc.,SMB,PLG,3087.29,6.3,2025-07-01,Elena Petrova,False,0,False
deal,2025-Q3,Selection,Commit,,,D-01014,CedarAnalytics & Co.,SMB,PLG,3632.95,3.0,2025-07-01,Callum Reid,False,0,False
deal,2025-Q3,Commit,Onboarding,,,D-01014,CedarAnalytics & Co.,SMB,PLG,3632.95,2.5,2025-07-04,Callum Reid,False,0,False
deal,2025-Q3,Onboarding,Adoption,,,D-01014,CedarAnalytics & Co.,SMB,PLG,3632.95,12.8,2025-07-06,Callum Reid,False,0,False
deal,2025-Q3,Adoption,Renewal,,,D-01014,CedarAnalytics & Co.,SMB,PLG,3632.95,46.6,2025-07-18,Callum Reid,False,0,False
deal,2025-Q3,Renewal,Expansion,,,D-01014,CedarAnalytics & Co.,SMB,PLG,3632.95,14.0,2025-09-02,Callum Reid,False,0,False
deal,2025-Q3,Expansion,,,,D-01014,CedarAnalytics & Co.,SMB,PLG,3632.95,17.2,2025-09-16,Callum Reid,False,795.33,False
deal,2025-Q3,Selection,,,,D-01015,NorthernDynamics Inc.,SMB,PLG,5340.55,6.5,2025-07-01,Tariq Aziz,False,0,True
deal,2025-Q3,Selection,,,,D-01016,SolsticeCloud & Co.,SMB,PLG,4430.61,7.1,2025-07-01,Callum Reid,False,0,True
deal,2025-Q3,Selection,Commit,,,D-01017,SolsticeRobotics GmbH,SMB,Sales-led,10031.08,5.3,2025-07-01,Tariq Aziz,False,0,
deal,2025-Q3,Commit,Onboarding,,,D-01017,SolsticeRobotics GmbH,SMB,Sales-led,10031.08,4.4,2025-07-06,Tariq Aziz,False,0,
deal,2025-Q3,Onboarding,Adoption,,,D-01017,SolsticeRobotics GmbH,SMB,Sales-led,10031.08,8.4,2025-07-10,Tariq Aziz,False,0,
deal,2025-Q3,Adoption,Renewal,,,D-01017,SolsticeRobotics GmbH,SMB,Sales-led,10031.08,46.1,2025-07-18,Tariq Aziz,False,0,
deal,2025-Q3,Renewal,Expansion,,,D-01017,SolsticeRobotics GmbH,SMB,Sales-led,10031.08,26.3,2025-09-02,Tariq Aziz,False,0,
deal,2025-Q3,Expansion,,,,D-01017,SolsticeRobotics GmbH,SMB,Sales-led,10031.08,37.4,2025-09-28,Tariq Aziz,False,1099.16,
deal,2025-Q3,Selection,Commit,,,D-01018,LucidRobotics Inc.,SMB,PLG,3915.12,3.2,2025-07-01,Noor Haddad,False,0,True
deal,2025-Q3,Commit,Onboarding,,,D-01018,LucidRobotics Inc.,SMB,PLG,3915.12,1.7,2025-07-04,Noor Haddad,False,0,True
deal,2025-Q3,Onboarding,Adoption,,,D-01018,LucidRobotics Inc.,SMB,PLG,3915.12,6.4,2025-07-05,Noor Haddad,False,0,True
deal,2025-Q3,Adoption,,,,D-01018,LucidRobotics Inc.,SMB,PLG,3915.12,51.5,2025-07-11,Noor Haddad,True,0,True
deal,2025-Q3,Selection,,,,D-01019,MeridianLabs & Co.,SMB,Sales-led,3877.58,6.8,2025-07-01,Ben Sorensen,False,0,
deal,2025-Q3,Selection,,,,D-01020,PrimeCommerce GmbH,SMB,Sales-led,8901.82,15.0,2025-07-01,Noor Haddad,False,0,
deal,2025-Q3,Selection,Commit,,,D-01021,SolsticeSolutions Inc.,SMB,PLG,2508.99,3.5,2025-07-01,Tariq Aziz,False,0,False
deal,2025-Q3,Commit,Onboarding,,,D-01021,SolsticeSolutions Inc.,SMB,PLG,2508.99,2.1,2025-07-04,Tariq Aziz,False,0,False
deal,2025-Q3,Onboarding,Adoption,,,D-01021,SolsticeSolutions Inc.,SMB,PLG,2508.99,7.3,2025-07-06,Tariq Aziz,False,0,False
deal,2025-Q3,Adoption,Renewal,,,D-01021,SolsticeSolutions Inc.,SMB,PLG,2508.99,63.0,2025-07-13,Tariq Aziz,False,0,False
deal,2025-Q3,Renewal,Expansion,,,D-01021,SolsticeSolutions Inc.,SMB,PLG,2508.99,23.4,2025-09-14,Tariq Aziz,False,0,False
deal,2025-Q3,Expansion,,,,D-01021,SolsticeSolutions Inc.,SMB,PLG,2508.99,28.1,2025-10-07,Tariq Aziz,False,385.03,False
deal,2025-Q3,Selection,,,,D-01022,CedarCloud Group,SMB,PLG,4734.15,7.3,2025-07-01,Ben Sorensen,False,0,True
deal,2025-Q3,Selection,,,,D-01023,BrightFinance & Co.,SMB,Sales-led,8189.9,8.0,2025-07-01,Aisling Kelly,False,0,
deal,2025-Q3,Selection,,,,D-01024,BoldDynamics Group,SMB,PLG,2875.24,9.0,2025-07-01,Amara Okafor,False,0,True
deal,2025-Q3,Selection,,,,D-01025,SwiftData B.V.,SMB,PLG,2827.1,6.0,2025-07-01,Ben Sorensen,False,0,False
deal,2025-Q3,Selection,Commit,,,D-01026,SilverSignal B.V.,SMB,PLG,5139.95,7.4,2025-07-01,Rian de Groot,False,0,True
deal,2025-Q3,Commit,Onboarding,,,D-01026,SilverSignal B.V.,SMB,PLG,5139.95,2.4,2025-07-08,Rian de Groot,False,0,True
deal,2025-Q3,Onboarding,Adoption,,,D-01026,SilverSignal B.V.,SMB,PLG,5139.95,17.6,2025-07-10,Rian de Groot,False,0,True
deal,2025-Q3,Adoption,Renewal,,,D-01026,SilverSignal B.V.,SMB,PLG,5139.95,36.8,2025-07-27,Rian de Groot,False,0,True
deal,2025-Q3,Renewal,Expansion,,,D-01026,SilverSignal B.V.,SMB,PLG,5139.95,12.1,2025-09-01,Rian de Groot,False,0,True
deal,2025-Q3,Expansion,,,,D-01026,SilverSignal B.V.,SMB,PLG,5139.95,13.6,2025-09-13,Rian de Groot,False,0.0,True
deal,2025-Q3,Selection,,,,D-01027,SilverLabs Group,SMB,Sales-led,4492.66,8.0,2025-07-01,Tariq Aziz,False,0,
deal,2025-Q3,Selection,,,,D-01028,BoldRobotics B.V.,SMB,PLG,3906.43,10.5,2025-07-01,Ben Sorensen,False,0,False
deal,2025-Q3,Selection,,,,D-01029,RapidCloud & Co.,SMB,PLG,3663.95,3.8,2025-07-01,Yuki Tanaka,False,0,False
deal,2025-Q3,Selection,Commit,,,D-01030,PrimeRobotics B.V.,SMB,Sales-led,10222.85,7.1,2025-07-01,Ben Sorensen,False,0,
deal,2025-Q3,Commit,Onboarding,,,D-01030,PrimeRobotics B.V.,SMB,Sales-led,10222.85,4.6,2025-07-08,Ben Sorensen,False,0,
deal,2025-Q3,Onboarding,Adoption,,,D-01030,PrimeRobotics B.V.,SMB,Sales-led,10222.85,13.9,2025-07-12,Ben Sorensen,False,0,
deal,2025-Q3,Adoption,Renewal,,,D-01030,PrimeRobotics B.V.,SMB,Sales-led,10222.85,59.0,2025-07-25,Ben Sorensen,False,0,
deal,2025-Q3,Renewal,Expansion,,,D-01030,PrimeRobotics B.V.,SMB,Sales-led,10222.85,14.8,2025-09-22,Ben Sorensen,False,0,
deal,2025-Q3,Expansion,,,,D-01030,PrimeRobotics B.V.,SMB,Sales-led,10222.85,23.3,2025-10-06,Ben Sorensen,False,0.0,
deal,2025-Q3,Selection,,,,D-01031,AmberData B.V.,SMB,PLG,2408.5,5.0,2025-07-01,Ingrid Johansson,False,0,True
deal,2025-Q3,Selection,Commit,,,D-01032,SwiftFinance GmbH,SMB,PLG,4489.56,8.2,2025-07-01,Sofia Marchetti,False,0,True
deal,2025-Q3,Commit,Onboarding,,,D-01032,SwiftFinance GmbH,SMB,PLG,4489.56,2.5,2025-07-09,Sofia Marchetti,False,0,True
deal,2025-Q3,Onboarding,Adoption,,,D-01032,SwiftFinance GmbH,SMB,PLG,4489.56,13.7,2025-07-11,Sofia Marchetti,False,0,True
deal,2025-Q3,Adoption,Renewal,,,D-01032,SwiftFinance GmbH,SMB,PLG,4489.56,53.3,2025-07-24,Sofia Marchetti,False,0,True
deal,2025-Q3,Renewal,Expansion,,,D-01032,SwiftFinance GmbH,SMB,PLG,4489.56,21.7,2025-09-15,Sofia Marchetti,False,0,True
deal,2025-Q3,Expansion,,,,D-01032,SwiftFinance GmbH,SMB,PLG,4489.56,39.0,2025-10-06,Sofia Marchetti,False,666.65,True
deal,2025-Q3,Selection,,,,D-01033,CedarStudio B.V.,SMB,Sales-led,6462.75,10.8,2025-07-01,Rian de Groot,False,0,
deal,2025-Q3,Selection,,,,D-01034,PrimeFinance Group,SMB,PLG,2457.07,7.6,2025-07-01,Rian de Groot,False,0,False
deal,2025-Q3,Selection,Commit,,,D-01035,SwiftSolutions B.V.,SMB,Sales-led,11573.65,10.1,2025-07-01,Fatima Zahra,False,0,
deal,2025-Q3,Commit,Onboarding,,,D-01035,SwiftSolutions B.V.,SMB,Sales-led,11573.65,1.7,2025-07-11,Fatima Zahra,False,0,
deal,2025-Q3,Onboarding,Adoption,,,D-01035,SwiftSolutions B.V.,SMB,Sales-led,11573.65,8.6,2025-07-12,Fatima Zahra,False,0,
deal,2025-Q3,Adoption,Renewal,,,D-01035,SwiftSolutions B.V.,SMB,Sales-led,11573.65,38.3,2025-07-20,Fatima Zahra,False,0,
deal,2025-Q3,Renewal,Expansion,,,D-01035,SwiftSolutions B.V.,SMB,Sales-led,11573.65,19.7,2025-08-27,Fatima Zahra,False,0,
deal,2025-Q3,Expansion,,,,D-01035,SwiftSolutions B.V.,SMB,Sales-led,11573.65,38.2,2025-09-15,Fatima Zahra,False,0.0,
deal,2025-Q3,Selection,Commit,,,D-01036,LucidSolutions & Co.,SMB,Sales-led,9050.07,15.3,2025-07-01,Callum Reid,False,0,
deal,2025-Q3,Commit,Onboarding,,,D-01036,LucidSolutions & Co.,SMB,Sales-led,9050.07,4.7,2025-07-16,Callum Reid,False,0,
deal,2025-Q3,Onboarding,Adoption,,,D-01036,LucidSolutions & Co.,SMB,Sales-led,9050.07,16.2,2025-07-20,Callum Reid,False,0,
deal,2025-Q3,Adoption,Renewal,,,D-01036,LucidSolutions & Co.,SMB,Sales-led,9050.07,54.3,2025-08-05,Callum Reid,False,0,
deal,2025-Q3,Renewal,Expansion,,,D-01036,LucidSolutions & Co.,SMB,Sales-led,9050.07,27.2,2025-09-28,Callum Reid,False,0,
deal,2025-Q3,Expansion,,,,D-01036,LucidSolutions & Co.,SMB,Sales-led,9050.07,11.6,2025-10-25,Callum Reid,False,2243.43,
deal,2025-Q3,Selection,,,,D-01037,MeridianDynamics GmbH,SMB,PLG,5129.31,3.3,2025-07-01,Callum Reid,False,0,False
deal,2025-Q3,Selection,,,,D-01038,BoldSignal Group,SMB,PLG,4561.13,7.8,2025-07-01,Tariq Aziz,False,0,False
deal,2025-Q3,Selection,,,,D-01039,LucidDynamics B.V.,SMB,PLG,4854.88,3.3,2025-07-01,Noor Haddad,False,0,True
deal,2025-Q3,Selection,Commit,,,D-01040,BrightMetrics B.V.,SMB,Sales-led,5715.44,6.6,2025-07-01,Declan Byrne,False,0,
deal,2025-Q3,Commit,Onboarding,,,D-01040,BrightMetrics B.V.,SMB,Sales-led,5715.44,3.0,2025-07-07,Declan Byrne,False,0,
deal,2025-Q3,Onboarding,Adoption,,,D-01040,BrightMetrics B.V.,SMB,Sales-led,5715.44,16.9,2025-07-10,Declan Byrne,False,0,
deal,2025-Q3,Adoption,Renewal,,,D-01040,BrightMetrics B.V.,SMB,Sales-led,5715.44,80.2,2025-07-26,Declan Byrne,False,0,
deal,2025-Q3,Renewal,Expansion,,,D-01040,BrightMetrics B.V.,SMB,Sales-led,5715.44,11.4,2025-10-14,Declan Byrne,False,0,
deal,2025-Q3,Expansion,,,,D-01040,BrightMetrics B.V.,SMB,Sales-led,5715.44,23.8,2025-10-25,Declan Byrne,False,1003.33,
deal,2025-Q3,Selection,Commit,,,D-01041,ClearLabs Group,SMB,PLG,1724.21,5.0,2025-07-01,Callum Reid,False,0,True
deal,2025-Q3,Commit,Onboarding,,,D-01041,ClearLabs Group,SMB,PLG,1724.21,2.6,2025-07-06,Callum Reid,False,0,True
deal,2025-Q3,Onboarding,Adoption,,,D-01041,ClearLabs Group,SMB,PLG,1724.21,7.6,2025-07-08,Callum Reid,False,0,True
deal,2025-Q3,Adoption,Renewal,,,D-01041,ClearLabs Group,SMB,PLG,1724.21,38.4,2025-07-15,Callum Reid,False,0,True
deal,2025-Q3,Renewal,Expansion,,,D-01041,ClearLabs Group,SMB,PLG,1724.21,9.2,2025-08-22,Callum Reid,False,0,True
deal,2025-Q3,Expansion,,,,D-01041,ClearLabs Group,SMB,PLG,1724.21,79.3,2025-08-31,Callum Reid,False,321.84,True
deal,2025-Q3,Selection,,,,D-01042,HarborRobotics B.V.,SMB,PLG,3318.96,3.6,2025-07-01,Declan Byrne,False,0,True
deal,2025-Q3,Selection,Commit,,,D-01043,SilverCloud Ltd.,SMB,PLG,4247.73,8.4,2025-07-01,Yuki Tanaka,False,0,True
deal,2025-Q3,Commit,Onboarding,,,D-01043,SilverCloud Ltd.,SMB,PLG,4247.73,4.0,2025-07-09,Yuki Tanaka,False,0,True
deal,2025-Q3,Onboarding,Adoption,,,D-01043,SilverCloud Ltd.,SMB,PLG,4247.73,13.9,2025-07-13,Yuki Tanaka,False,0,True
deal,2025-Q3,Adoption,Renewal,,,D-01043,SilverCloud Ltd.,SMB,PLG,4247.73,105.2,2025-07-26,Yuki Tanaka,False,0,True
deal,2025-Q3,Renewal,Expansion,,,D-01043,SilverCloud Ltd.,SMB,PLG,4247.73,12.9,2025-11-08,Yuki Tanaka,False,0,True
deal,2025-Q3,Expansion,,,,D-01043,SilverCloud Ltd.,SMB,PLG,4247.73,25.1,2025-11-20,Yuki Tanaka,False,543.23,True
deal,2025-Q3,Selection,,,,D-01044,BrightAnalytics Group,SMB,Sales-led,8318.21,15.7,2025-07-01,Liam Fitzgerald,False,0,
deal,2025-Q3,Selection,Commit,,,D-01045,LucidSolutions B.V.,SMB,PLG,3924.94,3.9,2025-07-01,Elena Petrova,False,0,True
deal,2025-Q3,Commit,Onboarding,,,D-01045,LucidSolutions B.V.,SMB,PLG,3924.94,2.1,2025-07-04,Elena Petrova,False,0,True
deal,2025-Q3,Onboarding,Adoption,,,D-01045,LucidSolutions B.V.,SMB,PLG,3924.94,17.7,2025-07-06,Elena Petrova,False,0,True
deal,2025-Q3,Adoption,Renewal,,,D-01045,LucidSolutions B.V.,SMB,PLG,3924.94,38.7,2025-07-23,Elena Petrova,False,0,True
deal,2025-Q3,Renewal,Expansion,,,D-01045,LucidSolutions B.V.,SMB,PLG,3924.94,14.3,2025-08-30,Elena Petrova,False,0,True
deal,2025-Q3,Expansion,,,,D-01045,LucidSolutions B.V.,SMB,PLG,3924.94,17.5,2025-09-13,Elena Petrova,False,438.06,True
deal,2025-Q3,Selection,,,,D-01046,SilverFinance & Co.,SMB,PLG,7978.77,7.0,2025-07-01,Priya Natarajan,False,0,False
deal,2025-Q3,Selection,,,,D-01047,VantageStudio B.V.,SMB,PLG,5659.5,8.1,2025-07-01,Liam Fitzgerald,False,0,True
deal,2025-Q3,Selection,,,,D-01048,KestrelHealth Group,SMB,Sales-led,9535.45,8.2,2025-07-01,Rian de Groot,False,0,
deal,2025-Q3,Selection,,,,D-01049,BlueLabs B.V.,SMB,Sales-led,8420.59,9.3,2025-07-01,Callum Reid,False,0,
deal,2025-Q3,Selection,,,,D-01050,BoldFinance Group,SMB,PLG,2327.12,7.5,2025-07-01,Ingrid Johansson,False,0,True
deal,2025-Q3,Selection,,,,D-01051,BoldWorks & Co.,SMB,PLG,2104.41,11.4,2025-07-01,Liam Fitzgerald,False,0,True
deal,2025-Q3,Selection,Commit,,,D-01052,SolsticeLogistics Group,SMB,PLG,4093.72,9.9,2025-07-01,Elena Petrova,False,0,True
deal,2025-Q3,Commit,Onboarding,,,D-01052,SolsticeLogistics Group,SMB,PLG,4093.72,2.5,2025-07-10,Elena Petrova,False,0,True
deal,2025-Q3,Onboarding,Adoption,,,D-01052,SolsticeLogistics Group,SMB,PLG,4093.72,7.5,2025-07-12,Elena Petrova,False,0,True
deal,2025-Q3,Adoption,Renewal,,,D-01052,SolsticeLogistics Group,SMB,PLG,4093.72,54.7,2025-07-19,Elena Petrova,False,0,True
deal,2025-Q3,Renewal,Expansion,,,D-01052,SolsticeLogistics Group,SMB,PLG,4093.72,30.5,2025-09-11,Elena Petrova,False,0,True
deal,2025-Q3,Expansion,,,,D-01052,SolsticeLogistics Group,SMB,PLG,4093.72,18.5,2025-10-11,Elena Petrova,False,0.0,True
deal,2025-Q3,Selection,,,,D-01053,BoldFinance Group,SMB,PLG,2430.81,5.3,2025-07-01,Ben Sorensen,False,0,False
deal,2025-Q3,Selection,,,,D-01054,BoldMetrics GmbH,SMB,Sales-led,8891.09,8.4,2025-07-01,Ben Sorensen,False,0,
deal,2025-Q3,Selection,Commit,,,D-01055,NorthernCloud Ltd.,SMB,Sales-led,6889.0,11.0,2025-07-01,Marcus Webb,False,0,
deal,2025-Q3,Commit,Onboarding,,,D-01055,NorthernCloud Ltd.,SMB,Sales-led,6889.0,3.8,2025-07-12,Marcus Webb,False,0,
deal,2025-Q3,Onboarding,Adoption,,,D-01055,NorthernCloud Ltd.,SMB,Sales-led,6889.0,7.9,2025-07-15,Marcus Webb,False,0,
deal,2025-Q3,Adoption,,,,D-01055,NorthernCloud Ltd.,SMB,Sales-led,6889.0,36.2,2025-07-22,Marcus Webb,True,0,
deal,2025-Q3,Selection,,,,D-01056,ClearWorks Group,SMB,Sales-led,5086.05,9.4,2025-07-01,Tariq Aziz,False,0,
deal,2025-Q3,Selection,,,,D-01057,SilverLabs Inc.,SMB,PLG,3483.26,6.1,2025-07-01,Elena Petrova,False,0,False
deal,2025-Q3,Selection,,,,D-01058,BoldStudio GmbH,SMB,Sales-led,5973.33,9.0,2025-07-01,Marcus Webb,False,0,
deal,2025-Q3,Selection,Commit,,,D-01059,PrimeSystems Ltd.,SMB,PLG,4740.49,6.8,2025-07-01,Callum Reid,False,0,False
deal,2025-Q3,Commit,Onboarding,,,D-01059,PrimeSystems Ltd.,SMB,PLG,4740.49,1.4,2025-07-07,Callum Reid,False,0,False
deal,2025-Q3,Onboarding,Adoption,,,D-01059,PrimeSystems Ltd.,SMB,PLG,4740.49,7.1,2025-07-08,Callum Reid,False,0,False
deal,2025-Q3,Adoption,Renewal,,,D-01059,PrimeSystems Ltd.,SMB,PLG,4740.49,51.3,2025-07-15,Callum Reid,False,0,False
deal,2025-Q3,Renewal,Expansion,,,D-01059,PrimeSystems Ltd.,SMB,PLG,4740.49,24.4,2025-09-04,Callum Reid,False,0,False
deal,2025-Q3,Expansion,,,,D-01059,PrimeSystems Ltd.,SMB,PLG,4740.49,19.6,2025-09-28,Callum Reid,False,0.0,False
deal,2025-Q3,Selection,,,,D-01060,SilverCloud B.V.,SMB,Sales-led,7884.24,12.5,2025-07-01,Liam Fitzgerald,False,0,
deal,2025-Q3,Selection,,,,D-01061,SolsticeMetrics B.V.,SMB,PLG,2353.59,5.5,2025-07-01,Callum Reid,False,0,False
deal,2025-Q3,Selection,,,,D-01062,SwiftData GmbH,SMB,PLG,3466.01,8.1,2025-07-01,Yuki Tanaka,False,0,False
deal,2025-Q3,Selection,,,,D-01063,LucidWorks Ltd.,SMB,PLG,3207.15,7.7,2025-07-01,Callum Reid,False,0,False
deal,2025-Q3,Selection,,,,D-01064,MeridianLogistics Inc.,SMB,PLG,4417.13,2.8,2025-07-01,Ben Sorensen,False,0,False
deal,2025-Q3,Selection,Commit,,,D-01065,NovaSignal Ltd.,SMB,PLG,4980.03,9.7,2025-07-01,Ingrid Johansson,False,0,True
deal,2025-Q3,Commit,Onboarding,,,D-01065,NovaSignal Ltd.,SMB,PLG,4980.03,2.6,2025-07-10,Ingrid Johansson,False,0,True
deal,2025-Q3,Onboarding,Adoption,,,D-01065,NovaSignal Ltd.,SMB,PLG,4980.03,19.0,2025-07-12,Ingrid Johansson,False,0,True
deal,2025-Q3,Adoption,Renewal,,,D-01065,NovaSignal Ltd.,SMB,PLG,4980.03,32.6,2025-07-31,Ingrid Johansson,False,0,True
deal,2025-Q3,Renewal,Expansion,,,D-01065,NovaSignal Ltd.,SMB,PLG,4980.03,29.1,2025-09-01,Ingrid Johansson,False,0,True
deal,2025-Q3,Expansion,,,,D-01065,NovaSignal Ltd.,SMB,PLG,4980.03,29.2,2025-09-30,Ingrid Johansson,False,0.0,True
deal,2025-Q3,Selection,,,,D-01066,BoldSolutions Ltd.,SMB,PLG,4541.87,5.7,2025-07-01,Noor Haddad,False,0,False
deal,2025-Q3,Selection,,,,D-01067,BoldCloud Inc.,SMB,Sales-led,6126.97,5.7,2025-07-01,Priya Natarajan,False,0,
deal,2025-Q3,Selection,,,,D-01068,VantageLabs Ltd.,SMB,Sales-led,3406.45,7.6,2025-07-01,Priya Natarajan,False,0,
deal,2025-Q3,Selection,Commit,,,D-01069,SwiftStudio & Co.,SMB,PLG,3378.62,8.5,2025-07-01,Priya Natarajan,False,0,False
deal,2025-Q3,Commit,Onboarding,,,D-01069,SwiftStudio & Co.,SMB,PLG,3378.62,3.3,2025-07-09,Priya Natarajan,False,0,False
deal,2025-Q3,Onboarding,Adoption,,,D-01069,SwiftStudio & Co.,SMB,PLG,3378.62,4.4,2025-07-12,Priya Natarajan,False,0,False
deal,2025-Q3,Adoption,Renewal,,,D-01069,SwiftStudio & Co.,SMB,PLG,3378.62,54.8,2025-07-16,Priya Natarajan,False,0,False
deal,2025-Q3,Renewal,Expansion,,,D-01069,SwiftStudio & Co.,SMB,PLG,3378.62,24.1,2025-09-08,Priya Natarajan,False,0,False
deal,2025-Q3,Expansion,,,,D-01069,SwiftStudio & Co.,SMB,PLG,3378.62,44.4,2025-10-02,Priya Natarajan,False,852.88,False
deal,2025-Q3,Selection,Commit,,,D-01070,SolsticeSignal Group,SMB,Sales-led,3985.66,4.9,2025-07-01,Liam Fitzgerald,False,0,
deal,2025-Q3,Commit,Onboarding,,,D-01070,SolsticeSignal Group,SMB,Sales-led,3985.66,6.9,2025-07-05,Liam Fitzgerald,False,0,
deal,2025-Q3,Onboarding,Adoption,,,D-01070,SolsticeSignal Group,SMB,Sales-led,3985.66,22.3,2025-07-11,Liam Fitzgerald,False,0,
deal,2025-Q3,Adoption,Renewal,,,D-01070,SolsticeSignal Group,SMB,Sales-led,3985.66,60.8,2025-08-02,Liam Fitzgerald,False,0,
deal,2025-Q3,Renewal,Expansion,,,D-01070,SolsticeSignal Group,SMB,Sales-led,3985.66,10.3,2025-10-01,Liam Fitzgerald,False,0,
deal,2025-Q3,Expansion,,,,D-01070,SolsticeSignal Group,SMB,Sales-led,3985.66,20.8,2025-10-11,Liam Fitzgerald,False,0.0,
deal,2025-Q3,Selection,,,,D-01071,VantageData Group,SMB,Sales-led,4246.38,10.2,2025-07-01,Liam Fitzgerald,False,0,
deal,2025-Q3,Selection,Commit,,,D-01072,BlueLogistics Ltd.,SMB,PLG,4190.31,4.2,2025-07-01,Liam Fitzgerald,False,0,True
deal,2025-Q3,Commit,Onboarding,,,D-01072,BlueLogistics Ltd.,SMB,PLG,4190.31,2.5,2025-07-05,Liam Fitzgerald,False,0,True
deal,2025-Q3,Onboarding,Adoption,,,D-01072,BlueLogistics Ltd.,SMB,PLG,4190.31,10.3,2025-07-07,Liam Fitzgerald,False,0,True
deal,2025-Q3,Adoption,Renewal,,,D-01072,BlueLogistics Ltd.,SMB,PLG,4190.31,44.0,2025-07-17,Liam Fitzgerald,False,0,True
deal,2025-Q3,Renewal,Expansion,,,D-01072,BlueLogistics Ltd.,SMB,PLG,4190.31,20.4,2025-08-30,Liam Fitzgerald,False,0,True
deal,2025-Q3,Expansion,,,,D-01072,BlueLogistics Ltd.,SMB,PLG,4190.31,17.6,2025-09-19,Liam Fitzgerald,False,1107.66,True
deal,2025-Q3,Selection,,,,D-01073,RapidWorks Inc.,SMB,Sales-led,11454.14,5.1,2025-07-01,Elena Petrova,False,0,
deal,2025-Q3,Selection,,,,D-01074,BoldCloud Group,SMB,PLG,6005.42,7.6,2025-07-01,Aisling Kelly,False,0,True
deal,2025-Q3,Selection,,,,D-01075,HarborHealth & Co.,SMB,Sales-led,6353.31,9.5,2025-07-01,Amara Okafor,False,0,
deal,2025-Q3,Selection,Commit,,,D-01076,NorthernData B.V.,SMB,PLG,2799.95,6.1,2025-07-01,Amara Okafor,False,0,True
deal,2025-Q3,Commit,Onboarding,,,D-01076,NorthernData B.V.,SMB,PLG,2799.95,1.4,2025-07-07,Amara Okafor,False,0,True
deal,2025-Q3,Onboarding,Adoption,,,D-01076,NorthernData B.V.,SMB,PLG,2799.95,20.6,2025-07-08,Amara Okafor,False,0,True
deal,2025-Q3,Adoption,Renewal,,,D-01076,NorthernData B.V.,SMB,PLG,2799.95,28.1,2025-07-28,Amara Okafor,False,0,True
deal,2025-Q3,Renewal,Expansion,,,D-01076,NorthernData B.V.,SMB,PLG,2799.95,18.7,2025-08-25,Amara Okafor,False,0,True
deal,2025-Q3,Expansion,,,,D-01076,NorthernData B.V.,SMB,PLG,2799.95,16.0,2025-09-12,Amara Okafor,False,0.0,True
deal,2025-Q3,Selection,,,,D-01077,AmberSignal GmbH,SMB,PLG,3967.89,4.3,2025-07-01,Rian de Groot,False,0,True
deal,2025-Q3,Selection,,,,D-01078,SwiftSystems GmbH,SMB,PLG,3936.04,7.1,2025-07-01,Marcus Webb,False,0,True
deal,2025-Q3,Selection,Commit,,,D-01079,HarborData Group,SMB,Sales-led,6925.62,3.3,2025-07-01,Noor Haddad,False,0,
deal,2025-Q3,Commit,Onboarding,,,D-01079,HarborData Group,SMB,Sales-led,6925.62,3.1,2025-07-04,Noor Haddad,False,0,
deal,2025-Q3,Onboarding,Adoption,,,D-01079,HarborData Group,SMB,Sales-led,6925.62,12.3,2025-07-07,Noor Haddad,False,0,
deal,2025-Q3,Adoption,Renewal,,,D-01079,HarborData Group,SMB,Sales-led,6925.62,61.9,2025-07-19,Noor Haddad,False,0,
deal,2025-Q3,Renewal,Expansion,,,D-01079,HarborData Group,SMB,Sales-led,6925.62,14.9,2025-09-18,Noor Haddad,False,0,
deal,2025-Q3,Expansion,,,,D-01079,HarborData Group,SMB,Sales-led,6925.62,24.0,2025-10-02,Noor Haddad,False,1523.89,
deal,2025-Q3,Selection,,,,D-01080,KestrelDynamics GmbH,SMB,Sales-led,6497.74,9.6,2025-07-01,Rian de Groot,False,0,
deal,2025-Q3,Selection,,,,D-01081,BoldCommerce & Co.,SMB,PLG,2211.32,5.5,2025-07-01,Tariq Aziz,False,0,False
deal,2025-Q3,Selection,,,,D-01082,ClearRobotics & Co.,SMB,PLG,2711.22,2.9,2025-07-01,Aisling Kelly,False,0,False
deal,2025-Q3,Selection,,,,D-01083,AmberData Group,SMB,PLG,4311.91,8.2,2025-07-01,Fatima Zahra,False,0,True
deal,2025-Q3,Selection,,,,D-01084,HarborStudio Ltd.,SMB,PLG,5048.58,3.9,2025-07-01,Liam Fitzgerald,False,0,False
deal,2025-Q3,Selection,,,,D-01085,SilverData Group,SMB,Sales-led,14416.2,10.3,2025-07-01,Priya Natarajan,False,0,
deal,2025-Q3,Selection,,,,D-01086,LucidStudio & Co.,SMB,PLG,5207.43,11.8,2025-07-01,Rian de Groot,False,0,False
deal,2025-Q3,Selection,,,,D-01087,SolsticeSolutions Ltd.,SMB,PLG,6649.76,6.1,2025-07-01,Noor Haddad,False,0,False
deal,2025-Q3,Selection,,,,D-01088,SwiftWorks B.V.,SMB,PLG,4121.04,4.4,2025-07-01,Callum Reid,False,0,False
deal,2025-Q3,Selection,,,,D-01089,LucidCloud GmbH,SMB,PLG,2269.94,3.7,2025-07-01,Noor Haddad,False,0,False
deal,2025-Q3,Selection,,,,D-01090,VantageSignal B.V.,SMB,PLG,11836.71,5.9,2025-07-01,Declan Byrne,False,0,True
deal,2025-Q3,Selection,Commit,,,D-01091,SolsticeAnalytics Group,SMB,PLG,3648.08,6.3,2025-07-01,Elena Petrova,False,0,True
deal,2025-Q3,Commit,Onboarding,,,D-01091,SolsticeAnalytics Group,SMB,PLG,3648.08,2.0,2025-07-07,Elena Petrova,False,0,True
deal,2025-Q3,Onboarding,Adoption,,,D-01091,SolsticeAnalytics Group,SMB,PLG,3648.08,20.4,2025-07-09,Elena Petrova,False,0,True
deal,2025-Q3,Adoption,Renewal,,,D-01091,SolsticeAnalytics Group,SMB,PLG,3648.08,58.8,2025-07-29,Elena Petrova,False,0,True
deal,2025-Q3,Renewal,Expansion,,,D-01091,SolsticeAnalytics Group,SMB,PLG,3648.08,43.9,2025-09-25,Elena Petrova,False,0,True
deal,2025-Q3,Expansion,,,,D-01091,SolsticeAnalytics Group,SMB,PLG,3648.08,33.5,2025-11-07,Elena Petrova,False,1087.76,True
deal,2025-Q3,Selection,,,,D-01092,SolsticeWorks & Co.,SMB,Sales-led,8900.56,11.7,2025-07-01,Amara Okafor,False,0,
deal,2025-Q3,Selection,,,,D-01093,SolsticeSystems Ltd.,SMB,PLG,3895.97,5.5,2025-07-01,Yuki Tanaka,False,0,False
deal,2025-Q3,Selection,Commit,,,D-01094,RapidCommerce B.V.,SMB,Sales-led,6572.14,7.3,2025-07-01,Ben Sorensen,False,0,
deal,2025-Q3,Commit,Onboarding,,,D-01094,RapidCommerce B.V.,SMB,Sales-led,6572.14,2.3,2025-07-08,Ben Sorensen,False,0,
deal,2025-Q3,Onboarding,Adoption,,,D-01094,RapidCommerce B.V.,SMB,Sales-led,6572.14,17.1,2025-07-10,Ben Sorensen,False,0,
deal,2025-Q3,Adoption,Renewal,,,D-01094,RapidCommerce B.V.,SMB,Sales-led,6572.14,46.4,2025-07-27,Ben Sorensen,False,0,
deal,2025-Q3,Renewal,Expansion,,,D-01094,RapidCommerce B.V.,SMB,Sales-led,6572.14,13.1,2025-09-11,Ben Sorensen,False,0,
deal,2025-Q3,Expansion,,,,D-01094,RapidCommerce B.V.,SMB,Sales-led,6572.14,29.8,2025-09-24,Ben Sorensen,False,1491.51,
deal,2025-Q3,Selection,Commit,,,D-01095,SolsticeDynamics Inc.,SMB,PLG,5504.35,5.9,2025-07-01,Declan Byrne,False,0,True
deal,2025-Q3,Commit,Onboarding,,,D-01095,SolsticeDynamics Inc.,SMB,PLG,5504.35,2.4,2025-07-06,Declan Byrne,False,0,True
deal,2025-Q3,Onboarding,Adoption,,,D-01095,SolsticeDynamics Inc.,SMB,PLG,5504.35,16.5,2025-07-08,Declan Byrne,False,0,True
deal,2025-Q3,Adoption,Renewal,,,D-01095,SolsticeDynamics Inc.,SMB,PLG,5504.35,24.4,2025-07-24,Declan Byrne,False,0,True
deal,2025-Q3,Renewal,Expansion,,,D-01095,SolsticeDynamics Inc.,SMB,PLG,5504.35,15.3,2025-08-17,Declan Byrne,False,0,True
deal,2025-Q3,Expansion,,,,D-01095,SolsticeDynamics Inc.,SMB,PLG,5504.35,30.9,2025-09-01,Declan Byrne,False,819.88,True
deal,2025-Q3,Selection,,,,D-01096,BlueWorks Inc.,SMB,Sales-led,4903.81,8.1,2025-07-01,Amara Okafor,False,0,
deal,2025-Q3,Selection,Commit,,,D-01097,KestrelSystems & Co.,SMB,PLG,5161.2,5.3,2025-07-01,Amara Okafor,False,0,True
deal,2025-Q3,Commit,Onboarding,,,D-01097,KestrelSystems & Co.,SMB,PLG,5161.2,4.1,2025-07-06,Amara Okafor,False,0,True
deal,2025-Q3,Onboarding,Adoption,,,D-01097,KestrelSystems & Co.,SMB,PLG,5161.2,10.4,2025-07-10,Amara Okafor,False,0,True
deal,2025-Q3,Adoption,Renewal,,,D-01097,KestrelSystems & Co.,SMB,PLG,5161.2,45.8,2025-07-20,Amara Okafor,False,0,True
deal,2025-Q3,Renewal,Expansion,,,D-01097,KestrelSystems & Co.,SMB,PLG,5161.2,12.1,2025-09-03,Amara Okafor,False,0,True
deal,2025-Q3,Expansion,,,,D-01097,KestrelSystems & Co.,SMB,PLG,5161.2,21.9,2025-09-15,Amara Okafor,False,0.0,True
deal,2025-Q3,Selection,,,,D-01098,CedarStudio GmbH,SMB,PLG,7673.24,12.3,2025-07-01,Tariq Aziz,False,0,False
deal,2025-Q3,Selection,Commit,,,D-01099,NorthernSystems B.V.,SMB,PLG,4669.24,6.6,2025-07-01,Noor Haddad,False,0,False
deal,2025-Q3,Commit,Onboarding,,,D-01099,NorthernSystems B.V.,SMB,PLG,4669.24,2.1,2025-07-07,Noor Haddad,False,0,False
deal,2025-Q3,Onboarding,Adoption,,,D-01099,NorthernSystems B.V.,SMB,PLG,4669.24,17.6,2025-07-09,Noor Haddad,False,0,False
deal,2025-Q3,Adoption,Renewal,,,D-01099,NorthernSystems B.V.,SMB,PLG,4669.24,32.3,2025-07-26,Noor Haddad,False,0,False
deal,2025-Q3,Renewal,Expansion,,,D-01099,NorthernSystems B.V.,SMB,PLG,4669.24,11.5,2025-08-27,Noor Haddad,False,0,False
deal,2025-Q3,Expansion,,,,D-01099,NorthernSystems B.V.,SMB,PLG,4669.24,22.3,2025-09-07,Noor Haddad,False,1381.73,False
deal,2025-Q3,Selection,Commit,,,D-01100,AmberFinance GmbH,SMB,Sales-led,15887.52,9.1,2025-07-01,Sofia Marchetti,False,0,
deal,2025-Q3,Commit,Onboarding,,,D-01100,AmberFinance GmbH,SMB,Sales-led,15887.52,4.2,2025-07-10,Sofia Marchetti,False,0,
deal,2025-Q3,Onboarding,Adoption,,,D-01100,AmberFinance GmbH,SMB,Sales-led,15887.52,5.7,2025-07-14,Sofia Marchetti,False,0,
deal,2025-Q3,Adoption,Renewal,,,D-01100,AmberFinance GmbH,SMB,Sales-led,15887.52,40.1,2025-07-19,Sofia Marchetti,False,0,
deal,2025-Q3,Renewal,Expansion,,,D-01100,AmberFinance GmbH,SMB,Sales-led,15887.52,61.4,2025-08-28,Sofia Marchetti,False,0,
deal,2025-Q3,Expansion,,,,D-01100,AmberFinance GmbH,SMB,Sales-led,15887.52,22.8,2025-10-28,Sofia Marchetti,False,0.0,
deal,2025-Q3,Selection,Commit,,,D-01101,ClearDynamics GmbH,SMB,PLG,5270.66,6.8,2025-07-01,Elena Petrova,False,0,True
deal,2025-Q3,Commit,Onboarding,,,D-01101,ClearDynamics GmbH,SMB,PLG,5270.66,1.6,2025-07-07,Elena Petrova,False,0,True
deal,2025-Q3,Onboarding,Adoption,,,D-01101,ClearDynamics GmbH,SMB,PLG,5270.66,11.7,2025-07-08,Elena Petrova,False,0,True
deal,2025-Q3,Adoption,Renewal,,,D-01101,ClearDynamics GmbH,SMB,PLG,5270.66,39.1,2025-07-19,Elena Petrova,False,0,True
deal,2025-Q3,Renewal,Expansion,,,D-01101,ClearDynamics GmbH,SMB,PLG,5270.66,11.3,2025-08-27,Elena Petrova,False,0,True
deal,2025-Q3,Expansion,,,,D-01101,ClearDynamics GmbH,SMB,PLG,5270.66,24.9,2025-09-07,Elena Petrova,False,1556.91,True
deal,2025-Q3,Selection,Commit,,,D-01102,SwiftRobotics GmbH,SMB,PLG,5698.4,4.6,2025-07-01,Marcus Webb,False,0,True
deal,2025-Q3,Commit,Onboarding,,,D-01102,SwiftRobotics GmbH,SMB,PLG,5698.4,2.1,2025-07-05,Marcus Webb,False,0,True
deal,2025-Q3,Onboarding,Adoption,,,D-01102,SwiftRobotics GmbH,SMB,PLG,5698.4,10.1,2025-07-07,Marcus Webb,False,0,True
deal,2025-Q3,Adoption,Renewal,,,D-01102,SwiftRobotics GmbH,SMB,PLG,5698.4,39.0,2025-07-17,Marcus Webb,False,0,True
deal,2025-Q3,Renewal,Expansion,,,D-01102,SwiftRobotics GmbH,SMB,PLG,5698.4,41.9,2025-08-25,Marcus Webb,False,0,True
deal,2025-Q3,Expansion,,,,D-01102,SwiftRobotics GmbH,SMB,PLG,5698.4,43.7,2025-10-05,Marcus Webb,False,1274.89,True
deal,2025-Q3,Selection,Commit,,,D-01103,SilverAnalytics B.V.,SMB,PLG,2749.61,5.7,2025-07-01,Fatima Zahra,False,0,True
deal,2025-Q3,Commit,Onboarding,,,D-01103,SilverAnalytics B.V.,SMB,PLG,2749.61,3.0,2025-07-06,Fatima Zahra,False,0,True
deal,2025-Q3,Onboarding,Adoption,,,D-01103,SilverAnalytics B.V.,SMB,PLG,2749.61,6.9,2025-07-09,Fatima Zahra,False,0,True
deal,2025-Q3,Adoption,Renewal,,,D-01103,SilverAnalytics B.V.,SMB,PLG,2749.61,28.2,2025-07-15,Fatima Zahra,False,0,True
deal,2025-Q3,Renewal,Expansion,,,D-01103,SilverAnalytics B.V.,SMB,PLG,2749.61,21.7,2025-08-12,Fatima Zahra,False,0,True
deal,2025-Q3,Expansion,,,,D-01103,SilverAnalytics B.V.,SMB,PLG,2749.61,25.8,2025-09-02,Fatima Zahra,False,723.1,True
deal,2025-Q3,Selection,,,,D-01104,SwiftWorks & Co.,SMB,Sales-led,7066.07,13.4,2025-07-01,Declan Byrne,False,0,
deal,2025-Q3,Selection,,,,D-01105,RapidWorks Inc.,SMB,Sales-led,10860.69,14.0,2025-07-01,Declan Byrne,False,0,
deal,2025-Q3,Selection,,,,D-01106,BlueAnalytics Inc.,SMB,Sales-led,7006.04,10.1,2025-07-01,Fatima Zahra,False,0,
deal,2025-Q3,Selection,,,,D-01107,KestrelSignal Inc.,SMB,PLG,2953.08,9.3,2025-07-01,Declan Byrne,False,0,False
deal,2025-Q3,Selection,,,,D-01108,SilverHealth Ltd.,SMB,PLG,3084.43,5.9,2025-07-01,Priya Natarajan,False,0,False
deal,2025-Q3,Selection,,,,D-01109,BoldStudio GmbH,SMB,PLG,3389.59,5.4,2025-07-01,Ingrid Johansson,False,0,False
deal,2025-Q3,Selection,,,,D-01110,SwiftHealth Inc.,SMB,Sales-led,5529.0,5.6,2025-07-01,Callum Reid,False,0,
deal,2025-Q3,Selection,,,,D-01111,NorthernHealth B.V.,SMB,PLG,2293.68,6.0,2025-07-01,Declan Byrne,False,0,False
deal,2025-Q3,Selection,Commit,,,D-01112,PrimeLabs Group,SMB,PLG,4660.64,5.1,2025-07-01,Aisling Kelly,False,0,True
deal,2025-Q3,Commit,Onboarding,,,D-01112,PrimeLabs Group,SMB,PLG,4660.64,3.0,2025-07-06,Aisling Kelly,False,0,True
deal,2025-Q3,Onboarding,Adoption,,,D-01112,PrimeLabs Group,SMB,PLG,4660.64,14.8,2025-07-09,Aisling Kelly,False,0,True
deal,2025-Q3,Adoption,Renewal,,,D-01112,PrimeLabs Group,SMB,PLG,4660.64,34.5,2025-07-23,Aisling Kelly,False,0,True
deal,2025-Q3,Renewal,Expansion,,,D-01112,PrimeLabs Group,SMB,PLG,4660.64,14.8,2025-08-26,Aisling Kelly,False,0,True
deal,2025-Q3,Expansion,,,,D-01112,PrimeLabs Group,SMB,PLG,4660.64,19.4,2025-09-09,Aisling Kelly,False,0.0,True
deal,2025-Q3,Selection,,,,D-01113,LucidLabs Ltd.,SMB,PLG,3416.1,8.3,2025-07-01,Liam Fitzgerald,False,0,True
deal,2025-Q3,Selection,,,,D-01114,SolsticeDynamics Ltd.,SMB,PLG,5739.3,8.0,2025-07-01,Elena Petrova,False,0,True
deal,2025-Q3,Selection,,,,D-01115,PrimeLogistics Group,SMB,PLG,9744.37,6.7,2025-07-01,Fatima Zahra,False,0,False
deal,2025-Q3,Selection,,,,D-01116,RapidCommerce GmbH,SMB,PLG,4885.57,6.3,2025-07-01,Fatima Zahra,False,0,False
deal,2025-Q3,Selection,,,,D-01117,NorthernHealth Inc.,SMB,Sales-led,6463.95,8.9,2025-07-01,Noor Haddad,False,0,
deal,2025-Q3,Selection,,,,D-01118,SwiftSystems Ltd.,SMB,PLG,2806.75,5.0,2025-07-01,Rian de Groot,False,0,True
deal,2025-Q3,Selection,,,,D-01119,ClearCloud Ltd.,SMB,PLG,4202.36,4.6,2025-07-01,Tariq Aziz,False,0,True
deal,2025-Q3,Selection,,,,D-01120,SolsticeFinance & Co.,SMB,PLG,4269.52,3.5,2025-07-01,Declan Byrne,False,0,True
deal,2025-Q3,Selection,,,,D-01121,HarborMetrics Inc.,SMB,PLG,2709.7,5.8,2025-07-01,Fatima Zahra,False,0,True
deal,2025-Q3,Selection,Commit,,,D-01122,NorthernLogistics Ltd.,SMB,PLG,13218.47,5.3,2025-07-01,Ingrid Johansson,False,0,True
deal,2025-Q3,Commit,Onboarding,,,D-01122,NorthernLogistics Ltd.,SMB,PLG,13218.47,2.0,2025-07-06,Ingrid Johansson,False,0,True
deal,2025-Q3,Onboarding,Adoption,,,D-01122,NorthernLogistics Ltd.,SMB,PLG,13218.47,4.5,2025-07-08,Ingrid Johansson,False,0,True
deal,2025-Q3,Adoption,Renewal,,,D-01122,NorthernLogistics Ltd.,SMB,PLG,13218.47,52.8,2025-07-12,Ingrid Johansson,False,0,True
deal,2025-Q3,Renewal,,,,D-01122,NorthernLogistics Ltd.,SMB,PLG,13218.47,25.8,2025-09-02,Ingrid Johansson,True,0,True
deal,2025-Q3,Selection,,,,D-01123,SolsticeAnalytics & Co.,SMB,PLG,1894.76,7.8,2025-07-01,Elena Petrova,False,0,True
deal,2025-Q3,Selection,,,,D-01124,BoldCloud Ltd.,SMB,PLG,2595.91,3.4,2025-07-01,Liam Fitzgerald,False,0,True
deal,2025-Q3,Selection,,,,D-01125,PrimeLogistics & Co.,SMB,PLG,5504.65,8.0,2025-07-01,Elena Petrova,False,0,False
deal,2025-Q3,Selection,Commit,,,D-01126,BoldWorks Group,SMB,PLG,2891.93,3.6,2025-07-01,Sofia Marchetti,False,0,True
deal,2025-Q3,Commit,Onboarding,,,D-01126,BoldWorks Group,SMB,PLG,2891.93,2.9,2025-07-04,Sofia Marchetti,False,0,True
deal,2025-Q3,Onboarding,Adoption,,,D-01126,BoldWorks Group,SMB,PLG,2891.93,10.0,2025-07-06,Sofia Marchetti,False,0,True
deal,2025-Q3,Adoption,Renewal,,,D-01126,BoldWorks Group,SMB,PLG,2891.93,51.8,2025-07-16,Sofia Marchetti,False,0,True
deal,2025-Q3,Renewal,Expansion,,,D-01126,BoldWorks Group,SMB,PLG,2891.93,17.5,2025-09-05,Sofia Marchetti,False,0,True
deal,2025-Q3,Expansion,,,,D-01126,BoldWorks Group,SMB,PLG,2891.93,24.1,2025-09-22,Sofia Marchetti,False,856.38,True
deal,2025-Q3,Selection,Commit,,,D-01127,LucidWorks Inc.,SMB,PLG,4103.44,2.8,2025-07-01,Amara Okafor,False,0,True
deal,2025-Q3,Commit,Onboarding,,,D-01127,LucidWorks Inc.,SMB,PLG,4103.44,2.1,2025-07-03,Amara Okafor,False,0,True
deal,2025-Q3,Onboarding,Adoption,,,D-01127,LucidWorks Inc.,SMB,PLG,4103.44,8.3,2025-07-05,Amara Okafor,False,0,True
deal,2025-Q3,Adoption,Renewal,,,D-01127,LucidWorks Inc.,SMB,PLG,4103.44,57.0,2025-07-13,Amara Okafor,False,0,True
deal,2025-Q3,Renewal,Expansion,,,D-01127,LucidWorks Inc.,SMB,PLG,4103.44,13.6,2025-09-08,Amara Okafor,False,0,True
deal,2025-Q3,Expansion,,,,D-01127,LucidWorks Inc.,SMB,PLG,4103.44,106.3,2025-09-21,Amara Okafor,False,488.48,True
deal,2025-Q3,Selection,,,,D-01128,MeridianData GmbH,SMB,Sales-led,7280.24,4.5,2025-07-01,Elena Petrova,False,0,
deal,2025-Q3,Selection,Commit,,,D-01129,BlueSignal & Co.,SMB,Sales-led,11713.89,5.2,2025-07-01,Callum Reid,False,0,
deal,2025-Q3,Commit,Onboarding,,,D-01129,BlueSignal & Co.,SMB,Sales-led,11713.89,4.9,2025-07-06,Callum Reid,False,0,
deal,2025-Q3,Onboarding,Adoption,,,D-01129,BlueSignal & Co.,SMB,Sales-led,11713.89,13.5,2025-07-10,Callum Reid,False,0,
deal,2025-Q3,Adoption,Renewal,,,D-01129,BlueSignal & Co.,SMB,Sales-led,11713.89,40.0,2025-07-23,Callum Reid,False,0,
deal,2025-Q3,Renewal,Expansion,,,D-01129,BlueSignal & Co.,SMB,Sales-led,11713.89,25.5,2025-09-01,Callum Reid,False,0,
deal,2025-Q3,Expansion,,,,D-01129,BlueSignal & Co.,SMB,Sales-led,11713.89,37.7,2025-09-26,Callum Reid,False,1804.16,
deal,2025-Q3,Selection,Commit,,,D-01130,AmberData & Co.,SMB,PLG,2900.38,11.7,2025-07-01,Callum Reid,False,0,True
deal,2025-Q3,Commit,Onboarding,,,D-01130,AmberData & Co.,SMB,PLG,2900.38,3.6,2025-07-12,Callum Reid,False,0,True
deal,2025-Q3,Onboarding,Adoption,,,D-01130,AmberData & Co.,SMB,PLG,2900.38,9.0,2025-07-15,Callum Reid,False,0,True
deal,2025-Q3,Adoption,Renewal,,,D-01130,AmberData & Co.,SMB,PLG,2900.38,66.0,2025-07-24,Callum Reid,False,0,True
deal,2025-Q3,Renewal,Expansion,,,D-01130,AmberData & Co.,SMB,PLG,2900.38,22.4,2025-09-28,Callum Reid,False,0,True
deal,2025-Q3,Expansion,,,,D-01130,AmberData & Co.,SMB,PLG,2900.38,12.7,2025-10-20,Callum Reid,False,490.3,True
deal,2025-Q3,Selection,,,,D-01131,NorthernSystems Group,SMB,Sales-led,14889.02,7.0,2025-07-01,Declan Byrne,False,0,
deal,2025-Q3,Selection,,,,D-01132,VantageRobotics GmbH,SMB,PLG,3524.13,3.7,2025-07-01,Tariq Aziz,False,0,True
deal,2025-Q3,Selection,Commit,,,D-01133,NovaFinance B.V.,SMB,PLG,2897.03,6.5,2025-07-01,Rian de Groot,False,0,False
deal,2025-Q3,Commit,Onboarding,,,D-01133,NovaFinance B.V.,SMB,PLG,2897.03,3.2,2025-07-07,Rian de Groot,False,0,False
deal,2025-Q3,Onboarding,Adoption,,,D-01133,NovaFinance B.V.,SMB,PLG,2897.03,4.4,2025-07-10,Rian de Groot,False,0,False
deal,2025-Q3,Adoption,Renewal,,,D-01133,NovaFinance B.V.,SMB,PLG,2897.03,23.2,2025-07-14,Rian de Groot,False,0,False
deal,2025-Q3,Renewal,Expansion,,,D-01133,NovaFinance B.V.,SMB,PLG,2897.03,6.8,2025-08-06,Rian de Groot,False,0,False
deal,2025-Q3,Expansion,,,,D-01133,NovaFinance B.V.,SMB,PLG,2897.03,19.2,2025-08-12,Rian de Groot,False,0.0,False
deal,2025-Q3,Selection,Commit,,,D-01134,NovaRobotics GmbH,SMB,PLG,4082.51,5.8,2025-07-01,Sofia Marchetti,False,0,True
deal,2025-Q3,Commit,Onboarding,,,D-01134,NovaRobotics GmbH,SMB,PLG,4082.51,2.2,2025-07-06,Sofia Marchetti,False,0,True
deal,2025-Q3,Onboarding,Adoption,,,D-01134,NovaRobotics GmbH,SMB,PLG,4082.51,24.5,2025-07-08,Sofia Marchetti,False,0,True
deal,2025-Q3,Adoption,Renewal,,,D-01134,NovaRobotics GmbH,SMB,PLG,4082.51,29.2,2025-08-01,Sofia Marchetti,False,0,True
deal,2025-Q3,Renewal,Expansion,,,D-01134,NovaRobotics GmbH,SMB,PLG,4082.51,24.6,2025-08-30,Sofia Marchetti,False,0,True
deal,2025-Q3,Expansion,,,,D-01134,NovaRobotics GmbH,SMB,PLG,4082.51,21.0,2025-09-23,Sofia Marchetti,False,1028.42,True
deal,2025-Q3,Selection,,,,D-01135,PrimeCloud Inc.,SMB,Sales-led,7373.52,10.1,2025-07-01,Tariq Aziz,False,0,
deal,2025-Q3,Selection,,,,D-01136,ClearAnalytics Group,SMB,PLG,4086.88,4.6,2025-07-01,Priya Natarajan,False,0,False
deal,2025-Q3,Selection,,,,D-01137,AmberRobotics & Co.,SMB,Sales-led,6998.65,12.1,2025-07-01,Yuki Tanaka,False,0,
deal,2025-Q3,Selection,,,,D-01138,KestrelRobotics GmbH,SMB,Sales-led,5386.05,11.2,2025-07-01,Elena Petrova,False,0,
deal,2025-Q3,Selection,Commit,,,D-01139,CedarRobotics & Co.,SMB,PLG,8721.97,2.9,2025-07-01,Sofia Marchetti,False,0,True
deal,2025-Q3,Commit,Onboarding,,,D-01139,CedarRobotics & Co.,SMB,PLG,8721.97,3.2,2025-07-03,Sofia Marchetti,False,0,True
deal,2025-Q3,Onboarding,Adoption,,,D-01139,CedarRobotics & Co.,SMB,PLG,8721.97,8.1,2025-07-06,Sofia Marchetti,False,0,True
deal,2025-Q3,Adoption,Renewal,,,D-01139,CedarRobotics & Co.,SMB,PLG,8721.97,38.5,2025-07-14,Sofia Marchetti,False,0,True
deal,2025-Q3,Renewal,Expansion,,,D-01139,CedarRobotics & Co.,SMB,PLG,8721.97,9.7,2025-08-21,Sofia Marchetti,False,0,True
deal,2025-Q3,Expansion,,,,D-01139,CedarRobotics & Co.,SMB,PLG,8721.97,21.3,2025-08-30,Sofia Marchetti,False,1156.58,True
deal,2025-Q3,Selection,,,,D-01140,BoldWorks GmbH,SMB,PLG,2589.52,5.2,2025-07-01,Fatima Zahra,False,0,True
deal,2025-Q3,Selection,,,,D-01141,PrimeSignal Group,SMB,PLG,2147.94,3.4,2025-07-01,Sofia Marchetti,False,0,False
deal,2025-Q3,Selection,Commit,,,D-01142,BoldMetrics GmbH,SMB,PLG,2507.17,12.3,2025-07-01,Yuki Tanaka,False,0,False
deal,2025-Q3,Commit,Onboarding,,,D-01142,BoldMetrics GmbH,SMB,PLG,2507.17,1.7,2025-07-13,Yuki Tanaka,False,0,False
deal,2025-Q3,Onboarding,Adoption,,,D-01142,BoldMetrics GmbH,SMB,PLG,2507.17,21.1,2025-07-14,Yuki Tanaka,False,0,False
deal,2025-Q3,Adoption,Renewal,,,D-01142,BoldMetrics GmbH,SMB,PLG,2507.17,42.6,2025-08-04,Yuki Tanaka,False,0,False
deal,2025-Q3,Renewal,Expansion,,,D-01142,BoldMetrics GmbH,SMB,PLG,2507.17,21.4,2025-09-15,Yuki Tanaka,False,0,False
deal,2025-Q3,Expansion,,,,D-01142,BoldMetrics GmbH,SMB,PLG,2507.17,65.5,2025-10-06,Yuki Tanaka,False,0.0,False
deal,2025-Q3,Selection,Commit,,,D-01143,SilverFinance GmbH,SMB,PLG,2278.29,4.2,2025-07-01,Aisling Kelly,False,0,True
deal,2025-Q3,Commit,Onboarding,,,D-01143,SilverFinance GmbH,SMB,PLG,2278.29,2.3,2025-07-05,Aisling Kelly,False,0,True
deal,2025-Q3,Onboarding,Adoption,,,D-01143,SilverFinance GmbH,SMB,PLG,2278.29,5.7,2025-07-07,Aisling Kelly,False,0,True
deal,2025-Q3,Adoption,Renewal,,,D-01143,SilverFinance GmbH,SMB,PLG,2278.29,80.7,2025-07-12,Aisling Kelly,False,0,True
deal,2025-Q3,Renewal,Expansion,,,D-01143,SilverFinance GmbH,SMB,PLG,2278.29,21.7,2025-09-30,Aisling Kelly,False,0,True
deal,2025-Q3,Expansion,,,,D-01143,SilverFinance GmbH,SMB,PLG,2278.29,38.2,2025-10-21,Aisling Kelly,False,0.0,True
deal,2025-Q3,Selection,Commit,,,D-01144,BoldCommerce Inc.,SMB,PLG,6964.16,4.6,2025-07-01,Noor Haddad,False,0,True
deal,2025-Q3,Commit,Onboarding,,,D-01144,BoldCommerce Inc.,SMB,PLG,6964.16,2.0,2025-07-05,Noor Haddad,False,0,True
deal,2025-Q3,Onboarding,Adoption,,,D-01144,BoldCommerce Inc.,SMB,PLG,6964.16,9.7,2025-07-07,Noor Haddad,False,0,True
deal,2025-Q3,Adoption,Renewal,,,D-01144,BoldCommerce Inc.,SMB,PLG,6964.16,35.3,2025-07-16,Noor Haddad,False,0,True
deal,2025-Q3,Renewal,Expansion,,,D-01144,BoldCommerce Inc.,SMB,PLG,6964.16,21.5,2025-08-20,Noor Haddad,False,0,True
deal,2025-Q3,Expansion,,,,D-01144,BoldCommerce Inc.,SMB,PLG,6964.16,14.5,2025-09-10,Noor Haddad,False,0.0,True
deal,2025-Q3,Selection,,,,D-01145,MeridianFinance Ltd.,SMB,Sales-led,7043.1,23.9,2025-07-01,Ingrid Johansson,False,0,
deal,2025-Q3,Selection,,,,D-01146,LucidMetrics & Co.,SMB,PLG,4030.93,7.1,2025-07-01,Elena Petrova,False,0,True
deal,2025-Q3,Selection,Commit,,,D-01147,AmberHealth & Co.,SMB,PLG,4837.49,5.5,2025-07-01,Noor Haddad,False,0,False
deal,2025-Q3,Commit,Onboarding,,,D-01147,AmberHealth & Co.,SMB,PLG,4837.49,4.5,2025-07-06,Noor Haddad,False,0,False
deal,2025-Q3,Onboarding,Adoption,,,D-01147,AmberHealth & Co.,SMB,PLG,4837.49,11.7,2025-07-10,Noor Haddad,False,0,False
deal,2025-Q3,Adoption,Renewal,,,D-01147,AmberHealth & Co.,SMB,PLG,4837.49,22.6,2025-07-21,Noor Haddad,False,0,False
deal,2025-Q3,Renewal,Expansion,,,D-01147,AmberHealth & Co.,SMB,PLG,4837.49,17.6,2025-08-12,Noor Haddad,False,0,False
deal,2025-Q3,Expansion,,,,D-01147,AmberHealth & Co.,SMB,PLG,4837.49,29.2,2025-08-29,Noor Haddad,False,0.0,False
deal,2025-Q3,Selection,Commit,,,D-01148,VantageLabs Group,SMB,PLG,4286.53,5.7,2025-07-01,Noor Haddad,False,0,True
deal,2025-Q3,Commit,Onboarding,,,D-01148,VantageLabs Group,SMB,PLG,4286.53,1.9,2025-07-06,Noor Haddad,False,0,True
deal,2025-Q3,Onboarding,Adoption,,,D-01148,VantageLabs Group,SMB,PLG,4286.53,8.4,2025-07-07,Noor Haddad,False,0,True
deal,2025-Q3,Adoption,Renewal,,,D-01148,VantageLabs Group,SMB,PLG,4286.53,72.7,2025-07-15,Noor Haddad,False,0,True
deal,2025-Q3,Renewal,Expansion,,,D-01148,VantageLabs Group,SMB,PLG,4286.53,11.7,2025-09-25,Noor Haddad,False,0,True
deal,2025-Q3,Expansion,,,,D-01148,VantageLabs Group,SMB,PLG,4286.53,47.4,2025-10-06,Noor Haddad,False,1240.44,True
deal,2025-Q3,Selection,,,,D-01149,NovaStudio Group,SMB,PLG,3042.07,4.3,2025-07-01,Ben Sorensen,False,0,False
deal,2025-Q3,Selection,,,,D-01150,LucidSolutions Inc.,SMB,Sales-led,4048.79,7.2,2025-07-01,Elena Petrova,False,0,
deal,2025-Q3,Selection,,,,D-01151,KestrelSolutions GmbH,SMB,Sales-led,8173.68,7.4,2025-07-01,Rian de Groot,False,0,
deal,2025-Q3,Selection,,,,D-01152,KestrelData B.V.,SMB,PLG,2015.25,6.3,2025-07-01,Marcus Webb,False,0,True
deal,2025-Q3,Selection,Commit,,,D-01153,LucidFinance GmbH,SMB,Sales-led,8075.48,9.4,2025-07-01,Rian de Groot,False,0,
deal,2025-Q3,Commit,Onboarding,,,D-01153,LucidFinance GmbH,SMB,Sales-led,8075.48,4.8,2025-07-10,Rian de Groot,False,0,
deal,2025-Q3,Onboarding,Adoption,,,D-01153,LucidFinance GmbH,SMB,Sales-led,8075.48,11.3,2025-07-14,Rian de Groot,False,0,
deal,2025-Q3,Adoption,Renewal,,,D-01153,LucidFinance GmbH,SMB,Sales-led,8075.48,63.9,2025-07-25,Rian de Groot,False,0,
deal,2025-Q3,Renewal,Expansion,,,D-01153,LucidFinance GmbH,SMB,Sales-led,8075.48,27.9,2025-09-26,Rian de Groot,False,0,
deal,2025-Q3,Expansion,,,,D-01153,LucidFinance GmbH,SMB,Sales-led,8075.48,36.0,2025-10-23,Rian de Groot,False,893.67,
deal,2025-Q3,Selection,,,,D-01154,SwiftDynamics Ltd.,SMB,Sales-led,9454.88,10.2,2025-07-01,Ben Sorensen,False,0,
deal,2025-Q3,Selection,Commit,,,D-01155,SilverFinance Inc.,SMB,PLG,5948.64,4.6,2025-07-01,Marcus Webb,False,0,True
deal,2025-Q3,Commit,Onboarding,,,D-01155,SilverFinance Inc.,SMB,PLG,5948.64,2.8,2025-07-05,Marcus Webb,False,0,True
deal,2025-Q3,Onboarding,Adoption,,,D-01155,SilverFinance Inc.,SMB,PLG,5948.64,7.9,2025-07-07,Marcus Webb,False,0,True
deal,2025-Q3,Adoption,Renewal,,,D-01155,SilverFinance Inc.,SMB,PLG,5948.64,41.1,2025-07-14,Marcus Webb,False,0,True
deal,2025-Q3,Renewal,Expansion,,,D-01155,SilverFinance Inc.,SMB,PLG,5948.64,17.6,2025-08-24,Marcus Webb,False,0,True
deal,2025-Q3,Expansion,,,,D-01155,SilverFinance Inc.,SMB,PLG,5948.64,57.6,2025-09-10,Marcus Webb,False,0.0,True
deal,2025-Q3,Selection,Commit,,,D-01156,MeridianSystems Group,SMB,PLG,3367.53,9.7,2025-07-01,Rian de Groot,False,0,True
deal,2025-Q3,Commit,Onboarding,,,D-01156,MeridianSystems Group,SMB,PLG,3367.53,2.2,2025-07-10,Rian de Groot,False,0,True
deal,2025-Q3,Onboarding,Adoption,,,D-01156,MeridianSystems Group,SMB,PLG,3367.53,9.3,2025-07-12,Rian de Groot,False,0,True
deal,2025-Q3,Adoption,Renewal,,,D-01156,MeridianSystems Group,SMB,PLG,3367.53,49.9,2025-07-21,Rian de Groot,False,0,True
deal,2025-Q3,Renewal,Expansion,,,D-01156,MeridianSystems Group,SMB,PLG,3367.53,14.6,2025-09-08,Rian de Groot,False,0,True
deal,2025-Q3,Expansion,,,,D-01156,MeridianSystems Group,SMB,PLG,3367.53,14.4,2025-09-22,Rian de Groot,False,953.52,True
deal,2025-Q3,Selection,Commit,,,D-01157,NovaRobotics B.V.,SMB,PLG,6066.32,4.7,2025-07-01,Liam Fitzgerald,False,0,True
deal,2025-Q3,Commit,Onboarding,,,D-01157,NovaRobotics B.V.,SMB,PLG,6066.32,1.8,2025-07-05,Liam Fitzgerald,False,0,True
deal,2025-Q3,Onboarding,Adoption,,,D-01157,NovaRobotics B.V.,SMB,PLG,6066.32,10.3,2025-07-06,Liam Fitzgerald,False,0,True
deal,2025-Q3,Adoption,Renewal,,,D-01157,NovaRobotics B.V.,SMB,PLG,6066.32,65.0,2025-07-16,Liam Fitzgerald,False,0,True
deal,2025-Q3,Renewal,Expansion,,,D-01157,NovaRobotics B.V.,SMB,PLG,6066.32,15.1,2025-09-19,Liam Fitzgerald,False,0,True
deal,2025-Q3,Expansion,,,,D-01157,NovaRobotics B.V.,SMB,PLG,6066.32,27.5,2025-10-04,Liam Fitzgerald,False,1158.91,True
deal,2025-Q3,Selection,Commit,,,D-01158,NovaSignal Group,SMB,Sales-led,13410.07,12.0,2025-07-01,Declan Byrne,False,0,
deal,2025-Q3,Commit,Onboarding,,,D-01158,NovaSignal Group,SMB,Sales-led,13410.07,2.4,2025-07-13,Declan Byrne,False,0,
deal,2025-Q3,Onboarding,Adoption,,,D-01158,NovaSignal Group,SMB,Sales-led,13410.07,10.7,2025-07-15,Declan Byrne,False,0,
deal,2025-Q3,Adoption,Renewal,,,D-01158,NovaSignal Group,SMB,Sales-led,13410.07,47.1,2025-07-25,Declan Byrne,False,0,
deal,2025-Q3,Renewal,Expansion,,,D-01158,NovaSignal Group,SMB,Sales-led,13410.07,13.0,2025-09-10,Declan Byrne,False,0,
deal,2025-Q3,Expansion,,,,D-01158,NovaSignal Group,SMB,Sales-led,13410.07,13.4,2025-09-23,Declan Byrne,False,0.0,
deal,2025-Q3,Selection,,,,D-01159,SilverHealth B.V.,SMB,PLG,5358.8,11.7,2025-07-01,Callum Reid,False,0,False
deal,2025-Q3,Selection,Commit,,,D-01160,AmberStudio B.V.,SMB,PLG,4371.51,4.8,2025-07-01,Tariq Aziz,False,0,False
deal,2025-Q3,Commit,Onboarding,,,D-01160,AmberStudio B.V.,SMB,PLG,4371.51,3.3,2025-07-05,Tariq Aziz,False,0,False
deal,2025-Q3,Onboarding,Adoption,,,D-01160,AmberStudio B.V.,SMB,PLG,4371.51,8.3,2025-07-08,Tariq Aziz,False,0,False
deal,2025-Q3,Adoption,Renewal,,,D-01160,AmberStudio B.V.,SMB,PLG,4371.51,36.9,2025-07-16,Tariq Aziz,False,0,False
deal,2025-Q3,Renewal,Expansion,,,D-01160,AmberStudio B.V.,SMB,PLG,4371.51,14.1,2025-08-21,Tariq Aziz,False,0,False
deal,2025-Q3,Expansion,,,,D-01160,AmberStudio B.V.,SMB,PLG,4371.51,15.3,2025-09-04,Tariq Aziz,False,0.0,False
deal,2025-Q3,Selection,Commit,,,D-01161,NovaAnalytics Ltd.,SMB,Sales-led,5197.69,7.8,2025-07-01,Elena Petrova,False,0,
deal,2025-Q3,Commit,Onboarding,,,D-01161,NovaAnalytics Ltd.,SMB,Sales-led,5197.69,5.2,2025-07-08,Elena Petrova,False,0,
deal,2025-Q3,Onboarding,Adoption,,,D-01161,NovaAnalytics Ltd.,SMB,Sales-led,5197.69,11.0,2025-07-13,Elena Petrova,False,0,
deal,2025-Q3,Adoption,Renewal,,,D-01161,NovaAnalytics Ltd.,SMB,Sales-led,5197.69,16.1,2025-07-24,Elena Petrova,False,0,
deal,2025-Q3,Renewal,Expansion,,,D-01161,NovaAnalytics Ltd.,SMB,Sales-led,5197.69,29.9,2025-08-09,Elena Petrova,False,0,
deal,2025-Q3,Expansion,,,,D-01161,NovaAnalytics Ltd.,SMB,Sales-led,5197.69,27.7,2025-09-07,Elena Petrova,False,819.29,
deal,2025-Q3,Selection,,,,D-01162,SwiftRobotics B.V.,SMB,PLG,2605.96,10.6,2025-07-01,Tariq Aziz,False,0,True
deal,2025-Q3,Selection,,,,D-01163,VantageSolutions & Co.,SMB,PLG,2839.73,8.4,2025-07-01,Rian de Groot,False,0,True
deal,2025-Q3,Selection,,,,D-01164,ClearLogistics B.V.,SMB,PLG,1157.79,4.7,2025-07-01,Marcus Webb,False,0,False
deal,2025-Q3,Selection,Commit,,,D-01165,BrightFinance Inc.,SMB,PLG,5356.22,3.1,2025-07-01,Ben Sorensen,False,0,True
deal,2025-Q3,Commit,Onboarding,,,D-01165,BrightFinance Inc.,SMB,PLG,5356.22,1.8,2025-07-04,Ben Sorensen,False,0,True
deal,2025-Q3,Onboarding,Adoption,,,D-01165,BrightFinance Inc.,SMB,PLG,5356.22,7.5,2025-07-05,Ben Sorensen,False,0,True
deal,2025-Q3,Adoption,Renewal,,,D-01165,BrightFinance Inc.,SMB,PLG,5356.22,44.4,2025-07-12,Ben Sorensen,False,0,True
deal,2025-Q3,Renewal,Expansion,,,D-01165,BrightFinance Inc.,SMB,PLG,5356.22,16.0,2025-08-25,Ben Sorensen,False,0,True
deal,2025-Q3,Expansion,,,,D-01165,BrightFinance Inc.,SMB,PLG,5356.22,42.9,2025-09-10,Ben Sorensen,False,0.0,True
deal,2025-Q3,Selection,Commit,,,D-01166,BoldSolutions Ltd.,SMB,Sales-led,9269.09,4.9,2025-07-01,Callum Reid,False,0,
deal,2025-Q3,Commit,,,,D-01166,BoldSolutions Ltd.,SMB,Sales-led,9269.09,3.1,2025-07-05,Callum Reid,True,0,
deal,2025-Q3,Selection,,,,D-01167,BoldLabs B.V.,SMB,Sales-led,8347.08,7.2,2025-07-01,Aisling Kelly,False,0,
deal,2025-Q3,Selection,Commit,,,D-01168,LucidLabs B.V.,SMB,Sales-led,10835.29,17.7,2025-07-01,Tariq Aziz,False,0,
deal,2025-Q3,Commit,Onboarding,,,D-01168,LucidLabs B.V.,SMB,Sales-led,10835.29,3.6,2025-07-18,Tariq Aziz,False,0,
deal,2025-Q3,Onboarding,Adoption,,,D-01168,LucidLabs B.V.,SMB,Sales-led,10835.29,13.2,2025-07-21,Tariq Aziz,False,0,
deal,2025-Q3,Adoption,Renewal,,,D-01168,LucidLabs B.V.,SMB,Sales-led,10835.29,41.3,2025-08-03,Tariq Aziz,False,0,
deal,2025-Q3,Renewal,Expansion,,,D-01168,LucidLabs B.V.,SMB,Sales-led,10835.29,11.0,2025-09-13,Tariq Aziz,False,0,
deal,2025-Q3,Expansion,,,,D-01168,LucidLabs B.V.,SMB,Sales-led,10835.29,55.0,2025-09-24,Tariq Aziz,False,1543.06,
deal,2025-Q3,Selection,Commit,,,D-01169,CedarLogistics Inc.,SMB,Sales-led,11518.36,5.1,2025-07-01,Tariq Aziz,False,0,
deal,2025-Q3,Commit,Onboarding,,,D-01169,CedarLogistics Inc.,SMB,Sales-led,11518.36,2.4,2025-07-06,Tariq Aziz,False,0,
deal,2025-Q3,Onboarding,Adoption,,,D-01169,CedarLogistics Inc.,SMB,Sales-led,11518.36,6.5,2025-07-08,Tariq Aziz,False,0,
deal,2025-Q3,Adoption,Renewal,,,D-01169,CedarLogistics Inc.,SMB,Sales-led,11518.36,81.2,2025-07-14,Tariq Aziz,False,0,
deal,2025-Q3,Renewal,,,,D-01169,CedarLogistics Inc.,SMB,Sales-led,11518.36,18.3,2025-10-03,Tariq Aziz,True,0,
deal,2025-Q3,Selection,,,,D-01170,HarborDynamics Ltd.,SMB,PLG,4194.84,5.1,2025-07-01,Fatima Zahra,False,0,False
deal,2025-Q3,Selection,Commit,,,D-01171,MeridianDynamics Inc.,SMB,Sales-led,8705.6,5.7,2025-07-01,Noor Haddad,False,0,
deal,2025-Q3,Commit,Onboarding,,,D-01171,MeridianDynamics Inc.,SMB,Sales-led,8705.6,4.5,2025-07-06,Noor Haddad,False,0,
deal,2025-Q3,Onboarding,Adoption,,,D-01171,MeridianDynamics Inc.,SMB,Sales-led,8705.6,12.8,2025-07-10,Noor Haddad,False,0,
deal,2025-Q3,Adoption,Renewal,,,D-01171,MeridianDynamics Inc.,SMB,Sales-led,8705.6,32.6,2025-07-22,Noor Haddad,False,0,
deal,2025-Q3,Renewal,Expansion,,,D-01171,MeridianDynamics Inc.,SMB,Sales-led,8705.6,17.1,2025-08-23,Noor Haddad,False,0,
deal,2025-Q3,Expansion,,,,D-01171,MeridianDynamics Inc.,SMB,Sales-led,8705.6,12.8,2025-09-09,Noor Haddad,False,1874.05,
deal,2025-Q3,Selection,,,,D-01172,BrightMetrics GmbH,SMB,PLG,2403.24,7.1,2025-07-01,Sofia Marchetti,False,0,True
deal,2025-Q3,Selection,Commit,,,D-01173,NovaDynamics GmbH,SMB,PLG,1706.84,7.1,2025-07-01,Yuki Tanaka,False,0,True
deal,2025-Q3,Commit,Onboarding,,,D-01173,NovaDynamics GmbH,SMB,PLG,1706.84,2.5,2025-07-08,Yuki Tanaka,False,0,True
deal,2025-Q3,Onboarding,Adoption,,,D-01173,NovaDynamics GmbH,SMB,PLG,1706.84,9.2,2025-07-10,Yuki Tanaka,False,0,True
deal,2025-Q3,Adoption,Renewal,,,D-01173,NovaDynamics GmbH,SMB,PLG,1706.84,44.8,2025-07-19,Yuki Tanaka,False,0,True
deal,2025-Q3,Renewal,Expansion,,,D-01173,NovaDynamics GmbH,SMB,PLG,1706.84,37.3,2025-09-01,Yuki Tanaka,False,0,True
deal,2025-Q3,Expansion,,,,D-01173,NovaDynamics GmbH,SMB,PLG,1706.84,31.6,2025-10-08,Yuki Tanaka,False,0.0,True
deal,2025-Q3,Selection,,,,D-01174,RapidCommerce B.V.,SMB,PLG,4846.76,5.9,2025-07-01,Ingrid Johansson,False,0,True
deal,2025-Q3,Selection,Commit,,,D-01175,PrimeStudio & Co.,SMB,PLG,4415.27,9.2,2025-07-01,Noor Haddad,False,0,False
deal,2025-Q3,Commit,Onboarding,,,D-01175,PrimeStudio & Co.,SMB,PLG,4415.27,3.8,2025-07-10,Noor Haddad,False,0,False
deal,2025-Q3,Onboarding,Adoption,,,D-01175,PrimeStudio & Co.,SMB,PLG,4415.27,15.7,2025-07-13,Noor Haddad,False,0,False
deal,2025-Q3,Adoption,Renewal,,,D-01175,PrimeStudio & Co.,SMB,PLG,4415.27,93.8,2025-07-28,Noor Haddad,False,0,False
deal,2025-Q3,Renewal,Expansion,,,D-01175,PrimeStudio & Co.,SMB,PLG,4415.27,33.1,2025-10-29,Noor Haddad,False,0,False
deal,2025-Q3,Expansion,,,,D-01175,PrimeStudio & Co.,SMB,PLG,4415.27,61.8,2025-12-01,Noor Haddad,False,1301.39,False
deal,2025-Q3,Selection,,,,D-01176,SwiftMetrics Ltd.,SMB,PLG,8211.72,7.7,2025-07-01,Rian de Groot,False,0,False
deal,2025-Q3,Selection,,,,D-01177,BlueData GmbH,SMB,Sales-led,4420.58,8.2,2025-07-01,Callum Reid,False,0,
deal,2025-Q3,Selection,,,,D-01178,NovaAnalytics & Co.,SMB,PLG,7969.33,4.9,2025-07-01,Fatima Zahra,False,0,True
deal,2025-Q3,Selection,,,,D-01179,RapidRobotics Group,SMB,PLG,3968.89,5.4,2025-07-01,Declan Byrne,False,0,False
deal,2025-Q4,Selection,Commit,,,D-01180,NovaSignal Inc.,SMB,PLG,1549.27,3.5,2025-10-01,Ingrid Johansson,False,0,True
deal,2025-Q4,Commit,Onboarding,,,D-01180,NovaSignal Inc.,SMB,PLG,1549.27,2.3,2025-10-04,Ingrid Johansson,False,0,True
deal,2025-Q4,Onboarding,Adoption,,,D-01180,NovaSignal Inc.,SMB,PLG,1549.27,5.5,2025-10-06,Ingrid Johansson,False,0,True
deal,2025-Q4,Adoption,Renewal,,,D-01180,NovaSignal Inc.,SMB,PLG,1549.27,37.0,2025-10-11,Ingrid Johansson,False,0,True
deal,2025-Q4,Renewal,,,,D-01180,NovaSignal Inc.,SMB,PLG,1549.27,27.9,2025-11-17,Ingrid Johansson,True,0,True
deal,2025-Q4,Selection,,,,D-01181,BlueCloud B.V.,SMB,PLG,9193.32,5.4,2025-10-01,Tariq Aziz,False,0,True
deal,2025-Q4,Selection,,,,D-01182,SilverRobotics Group,SMB,Sales-led,12384.31,10.4,2025-10-01,Tariq Aziz,False,0,
deal,2025-Q4,Selection,,,,D-01183,BrightSystems Group,SMB,PLG,5380.97,9.0,2025-10-01,Callum Reid,False,0,False
deal,2025-Q4,Selection,,,,D-01184,LucidCommerce Inc.,SMB,PLG,5131.56,5.1,2025-10-01,Fatima Zahra,False,0,True
deal,2025-Q4,Selection,Commit,,,D-01185,BlueRobotics GmbH,SMB,Sales-led,11366.6,8.8,2025-10-01,Fatima Zahra,False,0,
deal,2025-Q4,Commit,Onboarding,,,D-01185,BlueRobotics GmbH,SMB,Sales-led,11366.6,3.5,2025-10-09,Fatima Zahra,False,0,
deal,2025-Q4,Onboarding,Adoption,,,D-01185,BlueRobotics GmbH,SMB,Sales-led,11366.6,12.1,2025-10-12,Fatima Zahra,False,0,
deal,2025-Q4,Adoption,Renewal,,,D-01185,BlueRobotics GmbH,SMB,Sales-led,11366.6,48.6,2025-10-24,Fatima Zahra,False,0,
deal,2025-Q4,Renewal,Expansion,,,D-01185,BlueRobotics GmbH,SMB,Sales-led,11366.6,21.8,2025-12-11,Fatima Zahra,False,0,
deal,2025-Q4,Expansion,,,,D-01185,BlueRobotics GmbH,SMB,Sales-led,11366.6,13.0,2026-01-01,Fatima Zahra,False,0.0,
deal,2025-Q4,Selection,,,,D-01186,BrightWorks & Co.,SMB,PLG,2241.57,3.5,2025-10-01,Marcus Webb,False,0,False
deal,2025-Q4,Selection,Commit,,,D-01187,LucidCloud Ltd.,SMB,PLG,4623.53,7.2,2025-10-01,Ingrid Johansson,False,0,True
deal,2025-Q4,Commit,Onboarding,,,D-01187,LucidCloud Ltd.,SMB,PLG,4623.53,3.4,2025-10-08,Ingrid Johansson,False,0,True
deal,2025-Q4,Onboarding,Adoption,,,D-01187,LucidCloud Ltd.,SMB,PLG,4623.53,15.3,2025-10-11,Ingrid Johansson,False,0,True
deal,2025-Q4,Adoption,Renewal,,,D-01187,LucidCloud Ltd.,SMB,PLG,4623.53,32.4,2025-10-26,Ingrid Johansson,False,0,True
deal,2025-Q4,Renewal,Expansion,,,D-01187,LucidCloud Ltd.,SMB,PLG,4623.53,17.3,2025-11-27,Ingrid Johansson,False,0,True
deal,2025-Q4,Expansion,,,,D-01187,LucidCloud Ltd.,SMB,PLG,4623.53,39.6,2025-12-14,Ingrid Johansson,False,0.0,True
deal,2025-Q4,Selection,,,,D-01188,BrightDynamics & Co.,SMB,PLG,3871.37,5.4,2025-10-01,Amara Okafor,False,0,False
deal,2025-Q4,Selection,,,,D-01189,SilverAnalytics Ltd.,SMB,PLG,4588.77,9.1,2025-10-01,Fatima Zahra,False,0,False
deal,2025-Q4,Selection,Commit,,,D-01190,CedarSignal B.V.,SMB,PLG,3400.22,5.3,2025-10-01,Marcus Webb,False,0,False
deal,2025-Q4,Commit,Onboarding,,,D-01190,CedarSignal B.V.,SMB,PLG,3400.22,2.1,2025-10-06,Marcus Webb,False,0,False
deal,2025-Q4,Onboarding,Adoption,,,D-01190,CedarSignal B.V.,SMB,PLG,3400.22,12.9,2025-10-08,Marcus Webb,False,0,False
deal,2025-Q4,Adoption,Renewal,,,D-01190,CedarSignal B.V.,SMB,PLG,3400.22,98.4,2025-10-20,Marcus Webb,False,0,False
deal,2025-Q4,Renewal,Expansion,,,D-01190,CedarSignal B.V.,SMB,PLG,3400.22,12.2,2026-01-26,Marcus Webb,False,0,False
deal,2025-Q4,Expansion,,,,D-01190,CedarSignal B.V.,SMB,PLG,3400.22,18.4,2026-02-07,Marcus Webb,False,0.0,False
deal,2025-Q4,Selection,Commit,,,D-01191,HarborMetrics Ltd.,SMB,PLG,2624.66,2.4,2025-10-01,Ingrid Johansson,False,0,True
deal,2025-Q4,Commit,Onboarding,,,D-01191,HarborMetrics Ltd.,SMB,PLG,2624.66,2.1,2025-10-03,Ingrid Johansson,False,0,True
deal,2025-Q4,Onboarding,Adoption,,,D-01191,HarborMetrics Ltd.,SMB,PLG,2624.66,5.3,2025-10-05,Ingrid Johansson,False,0,True
deal,2025-Q4,Adoption,Renewal,,,D-01191,HarborMetrics Ltd.,SMB,PLG,2624.66,42.3,2025-10-10,Ingrid Johansson,False,0,True
deal,2025-Q4,Renewal,Expansion,,,D-01191,HarborMetrics Ltd.,SMB,PLG,2624.66,21.8,2025-11-21,Ingrid Johansson,False,0,True
deal,2025-Q4,Expansion,,,,D-01191,HarborMetrics Ltd.,SMB,PLG,2624.66,26.6,2025-12-12,Ingrid Johansson,False,0.0,True
deal,2025-Q4,Selection,Commit,,,D-01192,MeridianSystems Inc.,SMB,PLG,2332.11,4.0,2025-10-01,Ingrid Johansson,False,0,False
deal,2025-Q4,Commit,Onboarding,,,D-01192,MeridianSystems Inc.,SMB,PLG,2332.11,3.3,2025-10-05,Ingrid Johansson,False,0,False
deal,2025-Q4,Onboarding,Adoption,,,D-01192,MeridianSystems Inc.,SMB,PLG,2332.11,12.6,2025-10-08,Ingrid Johansson,False,0,False
deal,2025-Q4,Adoption,Renewal,,,D-01192,MeridianSystems Inc.,SMB,PLG,2332.11,39.1,2025-10-20,Ingrid Johansson,False,0,False
deal,2025-Q4,Renewal,Expansion,,,D-01192,MeridianSystems Inc.,SMB,PLG,2332.11,14.8,2025-11-28,Ingrid Johansson,False,0,False
deal,2025-Q4,Expansion,,,,D-01192,MeridianSystems Inc.,SMB,PLG,2332.11,27.2,2025-12-12,Ingrid Johansson,False,451.46,False
deal,2025-Q4,Selection,,,,D-01193,BlueAnalytics Ltd.,SMB,PLG,1726.41,5.2,2025-10-01,Declan Byrne,False,0,False
deal,2025-Q4,Selection,,,,D-01194,SwiftMetrics Group,SMB,PLG,7080.66,4.1,2025-10-01,Callum Reid,False,0,False
deal,2025-Q4,Selection,,,,D-01195,MeridianStudio B.V.,SMB,PLG,3496.38,6.0,2025-10-01,Noor Haddad,False,0,True
deal,2025-Q4,Selection,,,,D-01196,CedarWorks Inc.,SMB,Sales-led,9332.88,12.8,2025-10-01,Marcus Webb,False,0,
deal,2025-Q4,Selection,Commit,,,D-01197,SolsticeData Group,SMB,PLG,4028.57,7.2,2025-10-01,Priya Natarajan,False,0,True
deal,2025-Q4,Commit,Onboarding,,,D-01197,SolsticeData Group,SMB,PLG,4028.57,1.9,2025-10-08,Priya Natarajan,False,0,True
deal,2025-Q4,Onboarding,Adoption,,,D-01197,SolsticeData Group,SMB,PLG,4028.57,8.3,2025-10-09,Priya Natarajan,False,0,True
deal,2025-Q4,Adoption,Renewal,,,D-01197,SolsticeData Group,SMB,PLG,4028.57,22.1,2025-10-17,Priya Natarajan,False,0,True
deal,2025-Q4,Renewal,Expansion,,,D-01197,SolsticeData Group,SMB,PLG,4028.57,26.3,2025-11-08,Priya Natarajan,False,0,True
deal,2025-Q4,Expansion,,,,D-01197,SolsticeData Group,SMB,PLG,4028.57,25.7,2025-12-04,Priya Natarajan,False,0.0,True
deal,2025-Q4,Selection,Commit,,,D-01198,NovaRobotics Inc.,SMB,PLG,6808.6,5.6,2025-10-01,Noor Haddad,False,0,True
deal,2025-Q4,Commit,Onboarding,,,D-01198,NovaRobotics Inc.,SMB,PLG,6808.6,2.9,2025-10-06,Noor Haddad,False,0,True
deal,2025-Q4,Onboarding,Adoption,,,D-01198,NovaRobotics Inc.,SMB,PLG,6808.6,5.4,2025-10-08,Noor Haddad,False,0,True
deal,2025-Q4,Adoption,Renewal,,,D-01198,NovaRobotics Inc.,SMB,PLG,6808.6,30.7,2025-10-13,Noor Haddad,False,0,True
deal,2025-Q4,Renewal,Expansion,,,D-01198,NovaRobotics Inc.,SMB,PLG,6808.6,15.7,2025-11-12,Noor Haddad,False,0,True
deal,2025-Q4,Expansion,,,,D-01198,NovaRobotics Inc.,SMB,PLG,6808.6,26.0,2025-11-27,Noor Haddad,False,1717.28,True
deal,2025-Q4,Selection,,,,D-01199,NovaRobotics B.V.,SMB,PLG,2094.12,4.4,2025-10-01,Fatima Zahra,False,0,False
deal,2025-Q4,Selection,Commit,,,D-01200,NorthernWorks Group,SMB,Sales-led,9317.52,9.2,2025-10-01,Noor Haddad,False,0,
deal,2025-Q4,Commit,Onboarding,,,D-01200,NorthernWorks Group,SMB,Sales-led,9317.52,5.6,2025-10-10,Noor Haddad,False,0,
deal,2025-Q4,Onboarding,Adoption,,,D-01200,NorthernWorks Group,SMB,Sales-led,9317.52,13.1,2025-10-15,Noor Haddad,False,0,
deal,2025-Q4,Adoption,Renewal,,,D-01200,NorthernWorks Group,SMB,Sales-led,9317.52,46.9,2025-10-28,Noor Haddad,False,0,
deal,2025-Q4,Renewal,Expansion,,,D-01200,NorthernWorks Group,SMB,Sales-led,9317.52,13.8,2025-12-13,Noor Haddad,False,0,
deal,2025-Q4,Expansion,,,,D-01200,NorthernWorks Group,SMB,Sales-led,9317.52,22.5,2025-12-26,Noor Haddad,False,1043.88,
deal,2025-Q4,Selection,,,,D-01201,BrightCommerce GmbH,SMB,Sales-led,8152.78,11.5,2025-10-01,Declan Byrne,False,0,
deal,2025-Q4,Selection,,,,D-01202,SolsticeMetrics & Co.,SMB,PLG,3627.12,7.2,2025-10-01,Tariq Aziz,False,0,False
deal,2025-Q4,Selection,Commit,,,D-01203,ClearDynamics Ltd.,SMB,PLG,3556.24,5.2,2025-10-01,Liam Fitzgerald,False,0,True
deal,2025-Q4,Commit,Onboarding,,,D-01203,ClearDynamics Ltd.,SMB,PLG,3556.24,2.2,2025-10-06,Liam Fitzgerald,False,0,True
deal,2025-Q4,Onboarding,Adoption,,,D-01203,ClearDynamics Ltd.,SMB,PLG,3556.24,13.1,2025-10-08,Liam Fitzgerald,False,0,True
deal,2025-Q4,Adoption,Renewal,,,D-01203,ClearDynamics Ltd.,SMB,PLG,3556.24,47.6,2025-10-21,Liam Fitzgerald,False,0,True
deal,2025-Q4,Renewal,Expansion,,,D-01203,ClearDynamics Ltd.,SMB,PLG,3556.24,8.8,2025-12-07,Liam Fitzgerald,False,0,True
deal,2025-Q4,Expansion,,,,D-01203,ClearDynamics Ltd.,SMB,PLG,3556.24,33.8,2025-12-15,Liam Fitzgerald,False,0.0,True
deal,2025-Q4,Selection,Commit,,,D-01204,BlueStudio GmbH,SMB,Sales-led,8622.99,8.9,2025-10-01,Marcus Webb,False,0,
deal,2025-Q4,Commit,Onboarding,,,D-01204,BlueStudio GmbH,SMB,Sales-led,8622.99,4.2,2025-10-09,Marcus Webb,False,0,
deal,2025-Q4,Onboarding,Adoption,,,D-01204,BlueStudio GmbH,SMB,Sales-led,8622.99,25.0,2025-10-13,Marcus Webb,False,0,
deal,2025-Q4,Adoption,Renewal,,,D-01204,BlueStudio GmbH,SMB,Sales-led,8622.99,33.7,2025-11-07,Marcus Webb,False,0,
deal,2025-Q4,Renewal,Expansion,,,D-01204,BlueStudio GmbH,SMB,Sales-led,8622.99,16.1,2025-12-10,Marcus Webb,False,0,
deal,2025-Q4,Expansion,,,,D-01204,BlueStudio GmbH,SMB,Sales-led,8622.99,30.4,2025-12-26,Marcus Webb,False,0.0,
deal,2025-Q4,Selection,,,,D-01205,BlueAnalytics Ltd.,SMB,PLG,2766.38,11.5,2025-10-01,Ingrid Johansson,False,0,False
deal,2025-Q4,Selection,,,,D-01206,NovaSystems GmbH,SMB,PLG,2012.27,3.7,2025-10-01,Sofia Marchetti,False,0,False
deal,2025-Q4,Selection,Commit,,,D-01207,RapidLogistics Ltd.,SMB,PLG,2908.71,5.0,2025-10-01,Callum Reid,False,0,False
deal,2025-Q4,Commit,Onboarding,,,D-01207,RapidLogistics Ltd.,SMB,PLG,2908.71,1.3,2025-10-06,Callum Reid,False,0,False
deal,2025-Q4,Onboarding,Adoption,,,D-01207,RapidLogistics Ltd.,SMB,PLG,2908.71,6.1,2025-10-07,Callum Reid,False,0,False
deal,2025-Q4,Adoption,Renewal,,,D-01207,RapidLogistics Ltd.,SMB,PLG,2908.71,40.6,2025-10-13,Callum Reid,False,0,False
deal,2025-Q4,Renewal,,,,D-01207,RapidLogistics Ltd.,SMB,PLG,2908.71,19.8,2025-11-22,Callum Reid,True,0,False
deal,2025-Q4,Selection,Commit,,,D-01208,HarborLogistics & Co.,SMB,PLG,3091.82,4.1,2025-10-01,Priya Natarajan,False,0,True
deal,2025-Q4,Commit,Onboarding,,,D-01208,HarborLogistics & Co.,SMB,PLG,3091.82,1.2,2025-10-05,Priya Natarajan,False,0,True
deal,2025-Q4,Onboarding,Adoption,,,D-01208,HarborLogistics & Co.,SMB,PLG,3091.82,8.4,2025-10-06,Priya Natarajan,False,0,True
deal,2025-Q4,Adoption,Renewal,,,D-01208,HarborLogistics & Co.,SMB,PLG,3091.82,29.2,2025-10-14,Priya Natarajan,False,0,True
deal,2025-Q4,Renewal,Expansion,,,D-01208,HarborLogistics & Co.,SMB,PLG,3091.82,19.2,2025-11-12,Priya Natarajan,False,0,True
deal,2025-Q4,Expansion,,,,D-01208,HarborLogistics & Co.,SMB,PLG,3091.82,24.9,2025-12-01,Priya Natarajan,False,401.52,True
deal,2025-Q4,Selection,Commit,,,D-01209,VantageAnalytics GmbH,SMB,PLG,1690.6,2.1,2025-10-01,Aisling Kelly,False,0,True
deal,2025-Q4,Commit,Onboarding,,,D-01209,VantageAnalytics GmbH,SMB,PLG,1690.6,2.0,2025-10-03,Aisling Kelly,False,0,True
deal,2025-Q4,Onboarding,Adoption,,,D-01209,VantageAnalytics GmbH,SMB,PLG,1690.6,8.0,2025-10-05,Aisling Kelly,False,0,True
deal,2025-Q4,Adoption,Renewal,,,D-01209,VantageAnalytics GmbH,SMB,PLG,1690.6,18.3,2025-10-13,Aisling Kelly,False,0,True
deal,2025-Q4,Renewal,Expansion,,,D-01209,VantageAnalytics GmbH,SMB,PLG,1690.6,27.7,2025-10-31,Aisling Kelly,False,0,True
deal,2025-Q4,Expansion,,,,D-01209,VantageAnalytics GmbH,SMB,PLG,1690.6,18.0,2025-11-27,Aisling Kelly,False,338.09,True
deal,2025-Q4,Selection,,,,D-01210,BoldWorks B.V.,SMB,PLG,5496.67,6.1,2025-10-01,Amara Okafor,False,0,False
deal,2025-Q4,Selection,,,,D-01211,SilverLabs & Co.,SMB,Sales-led,17503.94,14.4,2025-10-01,Sofia Marchetti,False,0,
deal,2025-Q4,Selection,,,,D-01212,SilverData Group,SMB,PLG,3996.04,7.0,2025-10-01,Aisling Kelly,False,0,False
deal,2025-Q4,Selection,Commit,,,D-01213,AmberRobotics GmbH,SMB,Sales-led,6211.77,8.8,2025-10-01,Noor Haddad,False,0,
deal,2025-Q4,Commit,Onboarding,,,D-01213,AmberRobotics GmbH,SMB,Sales-led,6211.77,2.4,2025-10-09,Noor Haddad,False,0,
deal,2025-Q4,Onboarding,Adoption,,,D-01213,AmberRobotics GmbH,SMB,Sales-led,6211.77,4.1,2025-10-11,Noor Haddad,False,0,
deal,2025-Q4,Adoption,Renewal,,,D-01213,AmberRobotics GmbH,SMB,Sales-led,6211.77,46.3,2025-10-15,Noor Haddad,False,0,
deal,2025-Q4,Renewal,Expansion,,,D-01213,AmberRobotics GmbH,SMB,Sales-led,6211.77,23.2,2025-11-30,Noor Haddad,False,0,
deal,2025-Q4,Expansion,,,,D-01213,AmberRobotics GmbH,SMB,Sales-led,6211.77,13.2,2025-12-23,Noor Haddad,False,783.15,
deal,2025-Q4,Selection,,,,D-01214,SwiftAnalytics & Co.,SMB,PLG,3576.06,6.0,2025-10-01,Callum Reid,False,0,False
deal,2025-Q4,Selection,,,,D-01215,MeridianLogistics B.V.,SMB,PLG,4432.55,6.0,2025-10-01,Tariq Aziz,False,0,False
deal,2025-Q4,Selection,,,,D-01216,HarborCommerce B.V.,SMB,Sales-led,6703.33,13.3,2025-10-01,Aisling Kelly,False,0,
deal,2025-Q4,Selection,,,,D-01217,ClearWorks Inc.,SMB,PLG,4072.11,4.5,2025-10-01,Tariq Aziz,False,0,False
deal,2025-Q4,Selection,Commit,,,D-01218,HarborLabs Group,SMB,PLG,5223.22,4.0,2025-10-01,Callum Reid,False,0,True
deal,2025-Q4,Commit,Onboarding,,,D-01218,HarborLabs Group,SMB,PLG,5223.22,2.2,2025-10-05,Callum Reid,False,0,True
deal,2025-Q4,Onboarding,Adoption,,,D-01218,HarborLabs Group,SMB,PLG,5223.22,10.6,2025-10-07,Callum Reid,False,0,True
deal,2025-Q4,Adoption,Renewal,,,D-01218,HarborLabs Group,SMB,PLG,5223.22,25.8,2025-10-17,Callum Reid,False,0,True
deal,2025-Q4,Renewal,Expansion,,,D-01218,HarborLabs Group,SMB,PLG,5223.22,11.8,2025-11-11,Callum Reid,False,0,True
deal,2025-Q4,Expansion,,,,D-01218,HarborLabs Group,SMB,PLG,5223.22,15.3,2025-11-22,Callum Reid,False,0.0,True
deal,2025-Q4,Selection,,,,D-01219,VantageSystems Group,SMB,Sales-led,12018.62,5.1,2025-10-01,Declan Byrne,False,0,
deal,2025-Q4,Selection,,,,D-01220,SolsticeDynamics & Co.,SMB,Sales-led,11426.99,6.1,2025-10-01,Ben Sorensen,False,0,
deal,2025-Q4,Selection,,,,D-01221,BrightHealth GmbH,SMB,Sales-led,10052.85,3.3,2025-10-01,Priya Natarajan,False,0,
deal,2025-Q4,Selection,Commit,,,D-01222,CedarFinance GmbH,SMB,PLG,3736.34,7.9,2025-10-01,Ben Sorensen,False,0,True
deal,2025-Q4,Commit,Onboarding,,,D-01222,CedarFinance GmbH,SMB,PLG,3736.34,1.7,2025-10-08,Ben Sorensen,False,0,True
deal,2025-Q4,Onboarding,Adoption,,,D-01222,CedarFinance GmbH,SMB,PLG,3736.34,11.5,2025-10-09,Ben Sorensen,False,0,True
deal,2025-Q4,Adoption,Renewal,,,D-01222,CedarFinance GmbH,SMB,PLG,3736.34,61.5,2025-10-20,Ben Sorensen,False,0,True
deal,2025-Q4,Renewal,Expansion,,,D-01222,CedarFinance GmbH,SMB,PLG,3736.34,55.4,2025-12-20,Ben Sorensen,False,0,True
deal,2025-Q4,Expansion,,,,D-01222,CedarFinance GmbH,SMB,PLG,3736.34,21.9,2026-02-13,Ben Sorensen,False,622.8,True
deal,2025-Q4,Selection,,,,D-01223,BrightStudio & Co.,SMB,Sales-led,5077.29,10.4,2025-10-01,Fatima Zahra,False,0,
deal,2025-Q4,Selection,,,,D-01224,NovaDynamics B.V.,SMB,PLG,4767.04,5.4,2025-10-01,Priya Natarajan,False,0,False
deal,2025-Q4,Selection,Commit,,,D-01225,MeridianData & Co.,SMB,PLG,3127.4,6.6,2025-10-01,Ingrid Johansson,False,0,False
deal,2025-Q4,Commit,Onboarding,,,D-01225,MeridianData & Co.,SMB,PLG,3127.4,1.0,2025-10-07,Ingrid Johansson,False,0,False
deal,2025-Q4,Onboarding,Adoption,,,D-01225,MeridianData & Co.,SMB,PLG,3127.4,17.1,2025-10-08,Ingrid Johansson,False,0,False
deal,2025-Q4,Adoption,Renewal,,,D-01225,MeridianData & Co.,SMB,PLG,3127.4,48.1,2025-10-25,Ingrid Johansson,False,0,False
deal,2025-Q4,Renewal,Expansion,,,D-01225,MeridianData & Co.,SMB,PLG,3127.4,16.6,2025-12-12,Ingrid Johansson,False,0,False
deal,2025-Q4,Expansion,,,,D-01225,MeridianData & Co.,SMB,PLG,3127.4,16.0,2025-12-28,Ingrid Johansson,False,0.0,False
deal,2025-Q4,Selection,,,,D-01226,LucidSolutions Group,SMB,PLG,2419.94,9.0,2025-10-01,Ben Sorensen,False,0,True
deal,2025-Q4,Selection,,,,D-01227,BlueLogistics B.V.,SMB,PLG,2113.98,6.5,2025-10-01,Ben Sorensen,False,0,False
deal,2025-Q4,Selection,Commit,,,D-01228,VantageLabs Ltd.,SMB,PLG,4230.29,5.5,2025-10-01,Liam Fitzgerald,False,0,True
deal,2025-Q4,Commit,Onboarding,,,D-01228,VantageLabs Ltd.,SMB,PLG,4230.29,3.0,2025-10-06,Liam Fitzgerald,False,0,True
deal,2025-Q4,Onboarding,Adoption,,,D-01228,VantageLabs Ltd.,SMB,PLG,4230.29,13.6,2025-10-09,Liam Fitzgerald,False,0,True
deal,2025-Q4,Adoption,,,,D-01228,VantageLabs Ltd.,SMB,PLG,4230.29,21.8,2025-10-22,Liam Fitzgerald,True,0,True
deal,2025-Q4,Selection,,,,D-01229,RapidFinance & Co.,SMB,Sales-led,9362.63,8.7,2025-10-01,Tariq Aziz,False,0,
deal,2025-Q4,Selection,,,,D-01230,HarborAnalytics Group,SMB,Sales-led,6885.91,4.8,2025-10-01,Elena Petrova,False,0,
deal,2025-Q4,Selection,,,,D-01231,LucidMetrics & Co.,SMB,Sales-led,12818.69,6.2,2025-10-01,Sofia Marchetti,False,0,
deal,2025-Q4,Selection,,,,D-01232,NorthernRobotics Ltd.,SMB,PLG,1709.62,4.4,2025-10-01,Marcus Webb,False,0,False
deal,2025-Q4,Selection,Commit,,,D-01233,SwiftSignal Group,SMB,Sales-led,10213.91,10.9,2025-10-01,Fatima Zahra,False,0,
deal,2025-Q4,Commit,Onboarding,,,D-01233,SwiftSignal Group,SMB,Sales-led,10213.91,5.5,2025-10-11,Fatima Zahra,False,0,
deal,2025-Q4,Onboarding,Adoption,,,D-01233,SwiftSignal Group,SMB,Sales-led,10213.91,11.0,2025-10-16,Fatima Zahra,False,0,
deal,2025-Q4,Adoption,Renewal,,,D-01233,SwiftSignal Group,SMB,Sales-led,10213.91,18.4,2025-10-27,Fatima Zahra,False,0,
deal,2025-Q4,Renewal,Expansion,,,D-01233,SwiftSignal Group,SMB,Sales-led,10213.91,25.7,2025-11-14,Fatima Zahra,False,0,
deal,2025-Q4,Expansion,,,,D-01233,SwiftSignal Group,SMB,Sales-led,10213.91,28.0,2025-12-09,Fatima Zahra,False,0.0,
deal,2025-Q4,Selection,,,,D-01234,BoldAnalytics & Co.,SMB,PLG,3574.62,12.3,2025-10-01,Sofia Marchetti,False,0,True
deal,2025-Q4,Selection,,,,D-01235,BoldSignal Ltd.,SMB,PLG,3566.34,3.3,2025-10-01,Ben Sorensen,False,0,False
deal,2025-Q4,Selection,,,,D-01236,BoldData Inc.,SMB,PLG,2488.77,5.2,2025-10-01,Fatima Zahra,False,0,False
deal,2025-Q4,Selection,,,,D-01237,LucidCloud Inc.,SMB,PLG,8586.0,6.9,2025-10-01,Sofia Marchetti,False,0,False
deal,2025-Q4,Selection,,,,D-01238,VantageMetrics B.V.,SMB,PLG,2758.39,3.3,2025-10-01,Rian de Groot,False,0,False
deal,2025-Q4,Selection,Commit,,,D-01239,BlueMetrics GmbH,SMB,Sales-led,5494.94,5.6,2025-10-01,Aisling Kelly,False,0,
deal,2025-Q4,Commit,Onboarding,,,D-01239,BlueMetrics GmbH,SMB,Sales-led,5494.94,3.7,2025-10-06,Aisling Kelly,False,0,
deal,2025-Q4,Onboarding,Adoption,,,D-01239,BlueMetrics GmbH,SMB,Sales-led,5494.94,9.1,2025-10-09,Aisling Kelly,False,0,
deal,2025-Q4,Adoption,Renewal,,,D-01239,BlueMetrics GmbH,SMB,Sales-led,5494.94,56.7,2025-10-18,Aisling Kelly,False,0,
deal,2025-Q4,Renewal,Expansion,,,D-01239,BlueMetrics GmbH,SMB,Sales-led,5494.94,21.0,2025-12-13,Aisling Kelly,False,0,
deal,2025-Q4,Expansion,,,,D-01239,BlueMetrics GmbH,SMB,Sales-led,5494.94,18.6,2026-01-03,Aisling Kelly,False,1223.89,
deal,2025-Q4,Selection,Commit,,,D-01240,RapidFinance Inc.,SMB,Sales-led,5732.59,13.9,2025-10-01,Ben Sorensen,False,0,
deal,2025-Q4,Commit,Onboarding,,,D-01240,RapidFinance Inc.,SMB,Sales-led,5732.59,2.8,2025-10-14,Ben Sorensen,False,0,
deal,2025-Q4,Onboarding,Adoption,,,D-01240,RapidFinance Inc.,SMB,Sales-led,5732.59,9.9,2025-10-16,Ben Sorensen,False,0,
deal,2025-Q4,Adoption,Renewal,,,D-01240,RapidFinance Inc.,SMB,Sales-led,5732.59,30.0,2025-10-25,Ben Sorensen,False,0,
deal,2025-Q4,Renewal,Expansion,,,D-01240,RapidFinance Inc.,SMB,Sales-led,5732.59,13.5,2025-11-24,Ben Sorensen,False,0,
deal,2025-Q4,Expansion,,,,D-01240,RapidFinance Inc.,SMB,Sales-led,5732.59,20.3,2025-12-07,Ben Sorensen,False,0.0,
deal,2025-Q4,Selection,,,,D-01241,CedarSignal GmbH,SMB,PLG,2004.19,3.5,2025-10-01,Amara Okafor,False,0,False
deal,2025-Q4,Selection,,,,D-01242,AmberFinance Inc.,SMB,PLG,2127.77,6.2,2025-10-01,Amara Okafor,False,0,False
deal,2025-Q4,Selection,,,,D-01243,NovaCommerce & Co.,SMB,PLG,3260.36,4.3,2025-10-01,Noor Haddad,False,0,False
deal,2025-Q4,Selection,,,,D-01244,MeridianSystems Inc.,SMB,PLG,7556.36,7.9,2025-10-01,Marcus Webb,False,0,False
deal,2025-Q4,Selection,,,,D-01245,ClearAnalytics Group,SMB,PLG,4363.16,6.9,2025-10-01,Ingrid Johansson,False,0,True
deal,2025-Q4,Selection,Commit,,,D-01246,VantageSignal Ltd.,SMB,PLG,4395.81,3.6,2025-10-01,Callum Reid,False,0,True
deal,2025-Q4,Commit,Onboarding,,,D-01246,VantageSignal Ltd.,SMB,PLG,4395.81,2.5,2025-10-04,Callum Reid,False,0,True
deal,2025-Q4,Onboarding,Adoption,,,D-01246,VantageSignal Ltd.,SMB,PLG,4395.81,10.1,2025-10-06,Callum Reid,False,0,True
deal,2025-Q4,Adoption,Renewal,,,D-01246,VantageSignal Ltd.,SMB,PLG,4395.81,31.0,2025-10-16,Callum Reid,False,0,True
deal,2025-Q4,Renewal,Expansion,,,D-01246,VantageSignal Ltd.,SMB,PLG,4395.81,18.0,2025-11-16,Callum Reid,False,0,True
deal,2025-Q4,Expansion,,,,D-01246,VantageSignal Ltd.,SMB,PLG,4395.81,52.0,2025-12-04,Callum Reid,False,0.0,True
deal,2025-Q4,Selection,Commit,,,D-01247,HarborSolutions & Co.,SMB,PLG,3641.55,8.3,2025-10-01,Aisling Kelly,False,0,True
deal,2025-Q4,Commit,Onboarding,,,D-01247,HarborSolutions & Co.,SMB,PLG,3641.55,1.4,2025-10-09,Aisling Kelly,False,0,True
deal,2025-Q4,Onboarding,Adoption,,,D-01247,HarborSolutions & Co.,SMB,PLG,3641.55,15.2,2025-10-10,Aisling Kelly,False,0,True
deal,2025-Q4,Adoption,Renewal,,,D-01247,HarborSolutions & Co.,SMB,PLG,3641.55,25.7,2025-10-25,Aisling Kelly,False,0,True
deal,2025-Q4,Renewal,Expansion,,,D-01247,HarborSolutions & Co.,SMB,PLG,3641.55,19.7,2025-11-19,Aisling Kelly,False,0,True
deal,2025-Q4,Expansion,,,,D-01247,HarborSolutions & Co.,SMB,PLG,3641.55,16.0,2025-12-08,Aisling Kelly,False,1022.01,True
deal,2025-Q4,Selection,Commit,,,D-01248,AmberStudio Group,SMB,PLG,2806.06,3.0,2025-10-01,Amara Okafor,False,0,True
deal,2025-Q4,Commit,Onboarding,,,D-01248,AmberStudio Group,SMB,PLG,2806.06,2.6,2025-10-04,Amara Okafor,False,0,True
deal,2025-Q4,Onboarding,Adoption,,,D-01248,AmberStudio Group,SMB,PLG,2806.06,9.5,2025-10-06,Amara Okafor,False,0,True
deal,2025-Q4,Adoption,Renewal,,,D-01248,AmberStudio Group,SMB,PLG,2806.06,31.9,2025-10-15,Amara Okafor,False,0,True
deal,2025-Q4,Renewal,Expansion,,,D-01248,AmberStudio Group,SMB,PLG,2806.06,14.4,2025-11-15,Amara Okafor,False,0,True
deal,2025-Q4,Expansion,,,,D-01248,AmberStudio Group,SMB,PLG,2806.06,31.0,2025-11-29,Amara Okafor,False,365.94,True
deal,2025-Q4,Selection,Commit,,,D-01249,CedarCommerce Ltd.,SMB,PLG,2468.75,8.6,2025-10-01,Aisling Kelly,False,0,False
deal,2025-Q4,Commit,Onboarding,,,D-01249,CedarCommerce Ltd.,SMB,PLG,2468.75,1.4,2025-10-09,Aisling Kelly,False,0,False
deal,2025-Q4,Onboarding,Adoption,,,D-01249,CedarCommerce Ltd.,SMB,PLG,2468.75,7.8,2025-10-10,Aisling Kelly,False,0,False
deal,2025-Q4,Adoption,Renewal,,,D-01249,CedarCommerce Ltd.,SMB,PLG,2468.75,56.4,2025-10-17,Aisling Kelly,False,0,False
deal,2025-Q4,Renewal,Expansion,,,D-01249,CedarCommerce Ltd.,SMB,PLG,2468.75,7.4,2025-12-12,Aisling Kelly,False,0,False
deal,2025-Q4,Expansion,,,,D-01249,CedarCommerce Ltd.,SMB,PLG,2468.75,20.7,2025-12-19,Aisling Kelly,False,697.77,False
deal,2025-Q4,Selection,,,,D-01250,BoldWorks GmbH,SMB,PLG,1696.48,2.6,2025-10-01,Ben Sorensen,False,0,True
deal,2025-Q4,Selection,,,,D-01251,NorthernMetrics Inc.,SMB,PLG,1703.01,8.1,2025-10-01,Declan Byrne,False,0,True
deal,2025-Q4,Selection,,,,D-01252,NovaLabs Ltd.,SMB,PLG,2976.35,3.7,2025-10-01,Declan Byrne,False,0,False
deal,2025-Q4,Selection,Commit,,,D-01253,VantageCommerce GmbH,SMB,PLG,4372.2,7.8,2025-10-01,Elena Petrova,False,0,True
deal,2025-Q4,Commit,Onboarding,,,D-01253,VantageCommerce GmbH,SMB,PLG,4372.2,6.0,2025-10-08,Elena Petrova,False,0,True
deal,2025-Q4,Onboarding,Adoption,,,D-01253,VantageCommerce GmbH,SMB,PLG,4372.2,10.5,2025-10-14,Elena Petrova,False,0,True
deal,2025-Q4,Adoption,Renewal,,,D-01253,VantageCommerce GmbH,SMB,PLG,4372.2,43.2,2025-10-24,Elena Petrova,False,0,True
deal,2025-Q4,Renewal,Expansion,,,D-01253,VantageCommerce GmbH,SMB,PLG,4372.2,12.2,2025-12-06,Elena Petrova,False,0,True
deal,2025-Q4,Expansion,,,,D-01253,VantageCommerce GmbH,SMB,PLG,4372.2,21.4,2025-12-18,Elena Petrova,False,1040.83,True
deal,2025-Q4,Selection,,,,D-01254,BrightSystems B.V.,SMB,Sales-led,6219.75,19.8,2025-10-01,Elena Petrova,False,0,
deal,2025-Q4,Selection,,,,D-01255,BrightSolutions Ltd.,SMB,PLG,3243.69,5.8,2025-10-01,Elena Petrova,False,0,False
deal,2025-Q4,Selection,,,,D-01256,BoldData & Co.,SMB,PLG,4798.35,3.8,2025-10-01,Elena Petrova,False,0,False
deal,2025-Q4,Selection,Commit,,,D-01257,SilverAnalytics Ltd.,SMB,PLG,5989.35,6.7,2025-10-01,Liam Fitzgerald,False,0,True
deal,2025-Q4,Commit,Onboarding,,,D-01257,SilverAnalytics Ltd.,SMB,PLG,5989.35,2.0,2025-10-07,Liam Fitzgerald,False,0,True
deal,2025-Q4,Onboarding,Adoption,,,D-01257,SilverAnalytics Ltd.,SMB,PLG,5989.35,25.0,2025-10-09,Liam Fitzgerald,False,0,True
deal,2025-Q4,Adoption,Renewal,,,D-01257,SilverAnalytics Ltd.,SMB,PLG,5989.35,56.6,2025-11-03,Liam Fitzgerald,False,0,True
deal,2025-Q4,Renewal,Expansion,,,D-01257,SilverAnalytics Ltd.,SMB,PLG,5989.35,18.4,2025-12-29,Liam Fitzgerald,False,0,True
deal,2025-Q4,Expansion,,,,D-01257,SilverAnalytics Ltd.,SMB,PLG,5989.35,20.7,2026-01-16,Liam Fitzgerald,False,0.0,True
deal,2025-Q4,Selection,,,,D-01258,AmberSignal Group,SMB,PLG,2313.9,5.9,2025-10-01,Liam Fitzgerald,False,0,True
deal,2025-Q4,Selection,Commit,,,D-01259,AmberLabs GmbH,SMB,PLG,5732.37,4.7,2025-10-01,Noor Haddad,False,0,True
deal,2025-Q4,Commit,Onboarding,,,D-01259,AmberLabs GmbH,SMB,PLG,5732.37,2.1,2025-10-05,Noor Haddad,False,0,True
deal,2025-Q4,Onboarding,Adoption,,,D-01259,AmberLabs GmbH,SMB,PLG,5732.37,23.9,2025-10-07,Noor Haddad,False,0,True
deal,2025-Q4,Adoption,Renewal,,,D-01259,AmberLabs GmbH,SMB,PLG,5732.37,22.0,2025-10-30,Noor Haddad,False,0,True
deal,2025-Q4,Renewal,Expansion,,,D-01259,AmberLabs GmbH,SMB,PLG,5732.37,16.3,2025-11-21,Noor Haddad,False,0,True
deal,2025-Q4,Expansion,,,,D-01259,AmberLabs GmbH,SMB,PLG,5732.37,16.9,2025-12-07,Noor Haddad,False,1614.53,True
deal,2025-Q4,Selection,,,,D-01260,BrightSolutions Inc.,SMB,Sales-led,5832.07,11.7,2025-10-01,Elena Petrova,False,0,
deal,2025-Q4,Selection,Commit,,,D-01261,BoldHealth GmbH,SMB,PLG,7744.32,5.6,2025-10-01,Ben Sorensen,False,0,True
deal,2025-Q4,Commit,Onboarding,,,D-01261,BoldHealth GmbH,SMB,PLG,7744.32,1.8,2025-10-06,Ben Sorensen,False,0,True
deal,2025-Q4,Onboarding,Adoption,,,D-01261,BoldHealth GmbH,SMB,PLG,7744.32,7.1,2025-10-07,Ben Sorensen,False,0,True
deal,2025-Q4,Adoption,Renewal,,,D-01261,BoldHealth GmbH,SMB,PLG,7744.32,37.9,2025-10-14,Ben Sorensen,False,0,True
deal,2025-Q4,Renewal,Expansion,,,D-01261,BoldHealth GmbH,SMB,PLG,7744.32,20.6,2025-11-20,Ben Sorensen,False,0,True
deal,2025-Q4,Expansion,,,,D-01261,BoldHealth GmbH,SMB,PLG,7744.32,19.5,2025-12-10,Ben Sorensen,False,936.54,True
deal,2025-Q4,Selection,,,,D-01262,LucidData B.V.,SMB,Sales-led,4141.09,7.4,2025-10-01,Tariq Aziz,False,0,
deal,2025-Q4,Selection,,,,D-01263,HarborAnalytics & Co.,SMB,Sales-led,4698.77,12.6,2025-10-01,Liam Fitzgerald,False,0,
deal,2025-Q4,Selection,,,,D-01264,PrimeStudio GmbH,SMB,PLG,3275.66,5.6,2025-10-01,Sofia Marchetti,False,0,False
deal,2025-Q4,Selection,Commit,,,D-01265,BoldHealth Group,SMB,PLG,4018.35,7.6,2025-10-01,Fatima Zahra,False,0,True
deal,2025-Q4,Commit,Onboarding,,,D-01265,BoldHealth Group,SMB,PLG,4018.35,1.8,2025-10-08,Fatima Zahra,False,0,True
deal,2025-Q4,Onboarding,Adoption,,,D-01265,BoldHealth Group,SMB,PLG,4018.35,21.2,2025-10-09,Fatima Zahra,False,0,True
deal,2025-Q4,Adoption,Renewal,,,D-01265,BoldHealth Group,SMB,PLG,4018.35,40.8,2025-10-30,Fatima Zahra,False,0,True
deal,2025-Q4,Renewal,Expansion,,,D-01265,BoldHealth Group,SMB,PLG,4018.35,18.4,2025-12-09,Fatima Zahra,False,0,True
deal,2025-Q4,Expansion,,,,D-01265,BoldHealth Group,SMB,PLG,4018.35,38.4,2025-12-27,Fatima Zahra,False,0.0,True
deal,2025-Q4,Selection,,,,D-01266,NovaRobotics Inc.,SMB,PLG,4396.13,4.9,2025-10-01,Priya Natarajan,False,0,True
deal,2025-Q4,Selection,,,,D-01267,MeridianDynamics & Co.,SMB,PLG,3088.01,8.3,2025-10-01,Priya Natarajan,False,0,False
deal,2025-Q4,Selection,,,,D-01268,LucidSignal Ltd.,SMB,PLG,5083.89,4.5,2025-10-01,Noor Haddad,False,0,False
deal,2025-Q4,Selection,,,,D-01269,MeridianWorks Ltd.,SMB,Sales-led,6319.83,5.5,2025-10-01,Callum Reid,False,0,
deal,2025-Q4,Selection,Commit,,,D-01270,VantageHealth Group,SMB,PLG,4624.04,6.3,2025-10-01,Ben Sorensen,False,0,True
deal,2025-Q4,Commit,Onboarding,,,D-01270,VantageHealth Group,SMB,PLG,4624.04,1.5,2025-10-07,Ben Sorensen,False,0,True
deal,2025-Q4,Onboarding,Adoption,,,D-01270,VantageHealth Group,SMB,PLG,4624.04,8.4,2025-10-08,Ben Sorensen,False,0,True
deal,2025-Q4,Adoption,Renewal,,,D-01270,VantageHealth Group,SMB,PLG,4624.04,38.1,2025-10-16,Ben Sorensen,False,0,True
deal,2025-Q4,Renewal,Expansion,,,D-01270,VantageHealth Group,SMB,PLG,4624.04,10.0,2025-11-23,Ben Sorensen,False,0,True
deal,2025-Q4,Expansion,,,,D-01270,VantageHealth Group,SMB,PLG,4624.04,18.7,2025-12-03,Ben Sorensen,False,0.0,True
deal,2025-Q4,Selection,,,,D-01271,SwiftHealth Group,SMB,PLG,4607.02,4.5,2025-10-01,Priya Natarajan,False,0,False
deal,2025-Q4,Selection,Commit,,,D-01272,SolsticeLabs B.V.,SMB,PLG,2115.98,6.4,2025-10-01,Fatima Zahra,False,0,False
deal,2025-Q4,Commit,Onboarding,,,D-01272,SolsticeLabs B.V.,SMB,PLG,2115.98,1.7,2025-10-07,Fatima Zahra,False,0,False
deal,2025-Q4,Onboarding,Adoption,,,D-01272,SolsticeLabs B.V.,SMB,PLG,2115.98,9.8,2025-10-08,Fatima Zahra,False,0,False
deal,2025-Q4,Adoption,Renewal,,,D-01272,SolsticeLabs B.V.,SMB,PLG,2115.98,67.0,2025-10-17,Fatima Zahra,False,0,False
deal,2025-Q4,Renewal,Expansion,,,D-01272,SolsticeLabs B.V.,SMB,PLG,2115.98,23.3,2025-12-23,Fatima Zahra,False,0,False
deal,2025-Q4,Expansion,,,,D-01272,SolsticeLabs B.V.,SMB,PLG,2115.98,38.2,2026-01-15,Fatima Zahra,False,0.0,False
deal,2025-Q4,Selection,,,,D-01273,KestrelFinance B.V.,SMB,PLG,4122.49,6.6,2025-10-01,Callum Reid,False,0,True
deal,2025-Q4,Selection,Commit,,,D-01274,AmberSystems B.V.,SMB,PLG,2273.66,5.0,2025-10-01,Yuki Tanaka,False,0,True
deal,2025-Q4,Commit,Onboarding,,,D-01274,AmberSystems B.V.,SMB,PLG,2273.66,2.0,2025-10-06,Yuki Tanaka,False,0,True
deal,2025-Q4,Onboarding,Adoption,,,D-01274,AmberSystems B.V.,SMB,PLG,2273.66,3.7,2025-10-08,Yuki Tanaka,False,0,True
deal,2025-Q4,Adoption,Renewal,,,D-01274,AmberSystems B.V.,SMB,PLG,2273.66,52.4,2025-10-11,Yuki Tanaka,False,0,True
deal,2025-Q4,Renewal,Expansion,,,D-01274,AmberSystems B.V.,SMB,PLG,2273.66,12.2,2025-12-02,Yuki Tanaka,False,0,True
deal,2025-Q4,Expansion,,,,D-01274,AmberSystems B.V.,SMB,PLG,2273.66,33.3,2025-12-14,Yuki Tanaka,False,619.19,True
deal,2025-Q4,Selection,,,,D-01275,LucidLogistics & Co.,SMB,Sales-led,8324.84,4.2,2025-10-01,Priya Natarajan,False,0,
deal,2025-Q4,Selection,,,,D-01276,CedarStudio GmbH,SMB,Sales-led,12147.23,7.9,2025-10-01,Priya Natarajan,False,0,
deal,2025-Q4,Selection,,,,D-01277,BlueHealth B.V.,SMB,Sales-led,5624.0,7.9,2025-10-01,Priya Natarajan,False,0,
deal,2025-Q4,Selection,,,,D-01278,CedarLogistics Group,SMB,Sales-led,8725.4,6.4,2025-10-01,Rian de Groot,False,0,
deal,2025-Q4,Selection,Commit,,,D-01279,KestrelSignal B.V.,SMB,PLG,2814.56,9.6,2025-10-01,Sofia Marchetti,False,0,True
deal,2025-Q4,Commit,Onboarding,,,D-01279,KestrelSignal B.V.,SMB,PLG,2814.56,2.3,2025-10-10,Sofia Marchetti,False,0,True
deal,2025-Q4,Onboarding,Adoption,,,D-01279,KestrelSignal B.V.,SMB,PLG,2814.56,14.0,2025-10-12,Sofia Marchetti,False,0,True
deal,2025-Q4,Adoption,Renewal,,,D-01279,KestrelSignal B.V.,SMB,PLG,2814.56,40.2,2025-10-26,Sofia Marchetti,False,0,True
deal,2025-Q4,Renewal,Expansion,,,D-01279,KestrelSignal B.V.,SMB,PLG,2814.56,28.6,2025-12-05,Sofia Marchetti,False,0,True
deal,2025-Q4,Expansion,,,,D-01279,KestrelSignal B.V.,SMB,PLG,2814.56,32.4,2026-01-02,Sofia Marchetti,False,629.73,True
deal,2025-Q4,Selection,Commit,,,D-01280,ClearSolutions Group,SMB,Sales-led,12656.68,7.5,2025-10-01,Priya Natarajan,False,0,
deal,2025-Q4,Commit,Onboarding,,,D-01280,ClearSolutions Group,SMB,Sales-led,12656.68,3.4,2025-10-08,Priya Natarajan,False,0,
deal,2025-Q4,Onboarding,Adoption,,,D-01280,ClearSolutions Group,SMB,Sales-led,12656.68,4.6,2025-10-11,Priya Natarajan,False,0,
deal,2025-Q4,Adoption,Renewal,,,D-01280,ClearSolutions Group,SMB,Sales-led,12656.68,105.9,2025-10-15,Priya Natarajan,False,0,
deal,2025-Q4,Renewal,,,,D-01280,ClearSolutions Group,SMB,Sales-led,12656.68,13.1,2026-01-28,Priya Natarajan,True,0,
deal,2025-Q4,Selection,Commit,,,D-01281,SolsticeDynamics B.V.,SMB,PLG,2364.79,5.6,2025-10-01,Yuki Tanaka,False,0,True
deal,2025-Q4,Commit,Onboarding,,,D-01281,SolsticeDynamics B.V.,SMB,PLG,2364.79,1.3,2025-10-06,Yuki Tanaka,False,0,True
deal,2025-Q4,Onboarding,Adoption,,,D-01281,SolsticeDynamics B.V.,SMB,PLG,2364.79,6.9,2025-10-07,Yuki Tanaka,False,0,True
deal,2025-Q4,Adoption,Renewal,,,D-01281,SolsticeDynamics B.V.,SMB,PLG,2364.79,44.7,2025-10-13,Yuki Tanaka,False,0,True
deal,2025-Q4,Renewal,Expansion,,,D-01281,SolsticeDynamics B.V.,SMB,PLG,2364.79,20.5,2025-11-26,Yuki Tanaka,False,0,True
deal,2025-Q4,Expansion,,,,D-01281,SolsticeDynamics B.V.,SMB,PLG,2364.79,22.4,2025-12-16,Yuki Tanaka,False,328.4,True
deal,2025-Q4,Selection,,,,D-01282,AmberLabs GmbH,SMB,PLG,2464.11,11.0,2025-10-01,Yuki Tanaka,False,0,False
deal,2025-Q4,Selection,,,,D-01283,BlueMetrics Ltd.,SMB,Sales-led,16712.45,6.7,2025-10-01,Ben Sorensen,False,0,
deal,2025-Q4,Selection,,,,D-01284,PrimeCloud Inc.,SMB,PLG,2765.12,6.9,2025-10-01,Fatima Zahra,False,0,False
deal,2025-Q4,Selection,,,,D-01285,RapidDynamics B.V.,SMB,PLG,3941.68,2.7,2025-10-01,Declan Byrne,False,0,False
deal,2025-Q4,Selection,Commit,,,D-01286,LucidHealth B.V.,SMB,PLG,3330.52,4.2,2025-10-01,Sofia Marchetti,False,0,True
deal,2025-Q4,Commit,Onboarding,,,D-01286,LucidHealth B.V.,SMB,PLG,3330.52,2.4,2025-10-05,Sofia Marchetti,False,0,True
deal,2025-Q4,Onboarding,Adoption,,,D-01286,LucidHealth B.V.,SMB,PLG,3330.52,11.6,2025-10-07,Sofia Marchetti,False,0,True
deal,2025-Q4,Adoption,Renewal,,,D-01286,LucidHealth B.V.,SMB,PLG,3330.52,38.1,2025-10-18,Sofia Marchetti,False,0,True
deal,2025-Q4,Renewal,Expansion,,,D-01286,LucidHealth B.V.,SMB,PLG,3330.52,12.3,2025-11-25,Sofia Marchetti,False,0,True
deal,2025-Q4,Expansion,,,,D-01286,LucidHealth B.V.,SMB,PLG,3330.52,26.2,2025-12-07,Sofia Marchetti,False,0.0,True
deal,2025-Q4,Selection,Commit,,,D-01287,RapidSignal Ltd.,SMB,Sales-led,12695.92,4.8,2025-10-01,Marcus Webb,False,0,
deal,2025-Q4,Commit,Onboarding,,,D-01287,RapidSignal Ltd.,SMB,Sales-led,12695.92,5.1,2025-10-05,Marcus Webb,False,0,
deal,2025-Q4,Onboarding,Adoption,,,D-01287,RapidSignal Ltd.,SMB,Sales-led,12695.92,13.3,2025-10-10,Marcus Webb,False,0,
deal,2025-Q4,Adoption,Renewal,,,D-01287,RapidSignal Ltd.,SMB,Sales-led,12695.92,44.4,2025-10-23,Marcus Webb,False,0,
deal,2025-Q4,Renewal,Expansion,,,D-01287,RapidSignal Ltd.,SMB,Sales-led,12695.92,16.9,2025-12-06,Marcus Webb,False,0,
deal,2025-Q4,Expansion,,,,D-01287,RapidSignal Ltd.,SMB,Sales-led,12695.92,33.1,2025-12-22,Marcus Webb,False,1878.41,
deal,2025-Q4,Selection,,,,D-01288,NovaDynamics Ltd.,SMB,PLG,5720.35,8.7,2025-10-01,Ben Sorensen,False,0,False
deal,2025-Q4,Selection,,,,D-01289,BlueFinance Ltd.,SMB,Sales-led,8708.58,13.6,2025-10-01,Tariq Aziz,False,0,
deal,2025-Q4,Selection,,,,D-01290,MeridianRobotics B.V.,SMB,PLG,2261.75,5.2,2025-10-01,Elena Petrova,False,0,False
deal,2025-Q4,Selection,Commit,,,D-01291,HarborHealth Inc.,SMB,Sales-led,16313.52,6.5,2025-10-01,Ben Sorensen,False,0,
deal,2025-Q4,Commit,Onboarding,,,D-01291,HarborHealth Inc.,SMB,Sales-led,16313.52,3.0,2025-10-07,Ben Sorensen,False,0,
deal,2025-Q4,Onboarding,Adoption,,,D-01291,HarborHealth Inc.,SMB,Sales-led,16313.52,6.7,2025-10-10,Ben Sorensen,False,0,
deal,2025-Q4,Adoption,Renewal,,,D-01291,HarborHealth Inc.,SMB,Sales-led,16313.52,44.6,2025-10-16,Ben Sorensen,False,0,
deal,2025-Q4,Renewal,Expansion,,,D-01291,HarborHealth Inc.,SMB,Sales-led,16313.52,24.3,2025-11-29,Ben Sorensen,False,0,
deal,2025-Q4,Expansion,,,,D-01291,HarborHealth Inc.,SMB,Sales-led,16313.52,31.5,2025-12-23,Ben Sorensen,False,0.0,
deal,2025-Q4,Selection,,,,D-01292,MeridianSystems B.V.,SMB,PLG,3009.39,3.4,2025-10-01,Tariq Aziz,False,0,True
deal,2025-Q4,Selection,,,,D-01293,SolsticeDynamics & Co.,SMB,Sales-led,16002.25,2.5,2025-10-01,Declan Byrne,False,0,
deal,2025-Q4,Selection,Commit,,,D-01294,NovaSignal Inc.,SMB,Sales-led,8819.49,4.3,2025-10-01,Priya Natarajan,False,0,
deal,2025-Q4,Commit,Onboarding,,,D-01294,NovaSignal Inc.,SMB,Sales-led,8819.49,6.8,2025-10-05,Priya Natarajan,False,0,
deal,2025-Q4,Onboarding,Adoption,,,D-01294,NovaSignal Inc.,SMB,Sales-led,8819.49,13.1,2025-10-11,Priya Natarajan,False,0,
deal,2025-Q4,Adoption,Renewal,,,D-01294,NovaSignal Inc.,SMB,Sales-led,8819.49,71.8,2025-10-24,Priya Natarajan,False,0,
deal,2025-Q4,Renewal,Expansion,,,D-01294,NovaSignal Inc.,SMB,Sales-led,8819.49,12.8,2026-01-03,Priya Natarajan,False,0,
deal,2025-Q4,Expansion,,,,D-01294,NovaSignal Inc.,SMB,Sales-led,8819.49,17.7,2026-01-15,Priya Natarajan,False,0.0,
deal,2025-Q4,Selection,Commit,,,D-01295,NorthernFinance & Co.,SMB,PLG,4507.45,8.9,2025-10-01,Callum Reid,False,0,True
deal,2025-Q4,Commit,Onboarding,,,D-01295,NorthernFinance & Co.,SMB,PLG,4507.45,1.7,2025-10-09,Callum Reid,False,0,True
deal,2025-Q4,Onboarding,Adoption,,,D-01295,NorthernFinance & Co.,SMB,PLG,4507.45,11.6,2025-10-10,Callum Reid,False,0,True
deal,2025-Q4,Adoption,Renewal,,,D-01295,NorthernFinance & Co.,SMB,PLG,4507.45,26.7,2025-10-21,Callum Reid,False,0,True
deal,2025-Q4,Renewal,Expansion,,,D-01295,NorthernFinance & Co.,SMB,PLG,4507.45,26.4,2025-11-16,Callum Reid,False,0,True
deal,2025-Q4,Expansion,,,,D-01295,NorthernFinance & Co.,SMB,PLG,4507.45,33.4,2025-12-12,Callum Reid,False,628.03,True
deal,2025-Q4,Selection,Commit,,,D-01296,SwiftLabs & Co.,SMB,Sales-led,5963.11,12.9,2025-10-01,Aisling Kelly,False,0,
deal,2025-Q4,Commit,Onboarding,,,D-01296,SwiftLabs & Co.,SMB,Sales-led,5963.11,3.6,2025-10-13,Aisling Kelly,False,0,
deal,2025-Q4,Onboarding,Adoption,,,D-01296,SwiftLabs & Co.,SMB,Sales-led,5963.11,15.8,2025-10-16,Aisling Kelly,False,0,
deal,2025-Q4,Adoption,Renewal,,,D-01296,SwiftLabs & Co.,SMB,Sales-led,5963.11,22.6,2025-10-31,Aisling Kelly,False,0,
deal,2025-Q4,Renewal,Expansion,,,D-01296,SwiftLabs & Co.,SMB,Sales-led,5963.11,19.2,2025-11-22,Aisling Kelly,False,0,
deal,2025-Q4,Expansion,,,,D-01296,SwiftLabs & Co.,SMB,Sales-led,5963.11,39.2,2025-12-11,Aisling Kelly,False,0.0,
deal,2025-Q4,Selection,,,,D-01297,BrightSolutions GmbH,SMB,PLG,4740.62,2.3,2025-10-01,Liam Fitzgerald,False,0,False
deal,2025-Q4,Selection,Commit,,,D-01298,NovaStudio Inc.,SMB,PLG,3296.66,4.0,2025-10-01,Ingrid Johansson,False,0,True
deal,2025-Q4,Commit,Onboarding,,,D-01298,NovaStudio Inc.,SMB,PLG,3296.66,1.3,2025-10-05,Ingrid Johansson,False,0,True
deal,2025-Q4,Onboarding,Adoption,,,D-01298,NovaStudio Inc.,SMB,PLG,3296.66,12.0,2025-10-06,Ingrid Johansson,False,0,True
deal,2025-Q4,Adoption,Renewal,,,D-01298,NovaStudio Inc.,SMB,PLG,3296.66,72.6,2025-10-18,Ingrid Johansson,False,0,True
deal,2025-Q4,Renewal,Expansion,,,D-01298,NovaStudio Inc.,SMB,PLG,3296.66,25.6,2025-12-29,Ingrid Johansson,False,0,True
deal,2025-Q4,Expansion,,,,D-01298,NovaStudio Inc.,SMB,PLG,3296.66,59.5,2026-01-23,Ingrid Johansson,False,0.0,True
deal,2025-Q4,Selection,,,,D-01299,CedarCommerce GmbH,SMB,PLG,3101.13,7.6,2025-10-01,Noor Haddad,False,0,True
deal,2025-Q4,Selection,,,,D-01300,KestrelWorks Inc.,SMB,Sales-led,9250.6,8.3,2025-10-01,Callum Reid,False,0,
deal,2025-Q4,Selection,,,,D-01301,NorthernAnalytics Ltd.,SMB,PLG,4254.09,2.9,2025-10-01,Sofia Marchetti,False,0,False
deal,2025-Q4,Selection,,,,D-01302,CedarStudio B.V.,SMB,PLG,3535.63,4.9,2025-10-01,Priya Natarajan,False,0,False
deal,2025-Q4,Selection,,,,D-01303,SolsticeCommerce & Co.,SMB,Sales-led,9858.73,9.6,2025-10-01,Marcus Webb,False,0,
deal,2025-Q4,Selection,,,,D-01304,BoldSignal Group,SMB,Sales-led,16864.86,9.2,2025-10-01,Amara Okafor,False,0,
deal,2025-Q4,Selection,,,,D-01305,NovaCommerce Group,SMB,PLG,2513.33,4.5,2025-10-01,Noor Haddad,False,0,False
deal,2025-Q4,Selection,,,,D-01306,LucidStudio B.V.,SMB,Sales-led,6362.85,14.2,2025-10-01,Callum Reid,False,0,
deal,2025-Q4,Selection,,,,D-01307,NovaFinance Ltd.,SMB,Sales-led,8727.3,5.6,2025-10-01,Tariq Aziz,False,0,
deal,2025-Q4,Selection,,,,D-01308,ClearDynamics Inc.,SMB,PLG,4810.23,10.7,2025-10-01,Ingrid Johansson,False,0,False
deal,2025-Q4,Selection,Commit,,,D-01309,VantageLabs B.V.,SMB,PLG,3430.33,3.0,2025-10-01,Noor Haddad,False,0,True
deal,2025-Q4,Commit,Onboarding,,,D-01309,VantageLabs B.V.,SMB,PLG,3430.33,1.2,2025-10-04,Noor Haddad,False,0,True
deal,2025-Q4,Onboarding,Adoption,,,D-01309,VantageLabs B.V.,SMB,PLG,3430.33,6.3,2025-10-05,Noor Haddad,False,0,True
deal,2025-Q4,Adoption,Renewal,,,D-01309,VantageLabs B.V.,SMB,PLG,3430.33,24.5,2025-10-11,Noor Haddad,False,0,True
deal,2025-Q4,Renewal,Expansion,,,D-01309,VantageLabs B.V.,SMB,PLG,3430.33,17.1,2025-11-04,Noor Haddad,False,0,True
deal,2025-Q4,Expansion,,,,D-01309,VantageLabs B.V.,SMB,PLG,3430.33,13.6,2025-11-21,Noor Haddad,False,0.0,True
deal,2025-Q4,Selection,,,,D-01310,AmberSignal Ltd.,SMB,PLG,4191.29,5.1,2025-10-01,Liam Fitzgerald,False,0,False
deal,2025-Q4,Selection,,,,D-01311,PrimeSolutions & Co.,SMB,PLG,2807.1,5.6,2025-10-01,Declan Byrne,False,0,False
deal,2025-Q4,Selection,,,,D-01312,NorthernWorks Group,SMB,Sales-led,8033.48,17.6,2025-10-01,Elena Petrova,False,0,
deal,2025-Q4,Selection,,,,D-01313,BrightWorks Ltd.,SMB,PLG,5637.63,12.1,2025-10-01,Fatima Zahra,False,0,False
deal,2025-Q4,Selection,,,,D-01314,SwiftRobotics GmbH,SMB,Sales-led,11114.72,8.4,2025-10-01,Rian de Groot,False,0,
deal,2025-Q4,Selection,,,,D-01315,BoldSignal B.V.,SMB,PLG,5382.35,4.5,2025-10-01,Elena Petrova,False,0,False
deal,2025-Q4,Selection,Commit,,,D-01316,BlueRobotics B.V.,SMB,PLG,3827.72,4.6,2025-10-01,Fatima Zahra,False,0,True
deal,2025-Q4,Commit,Onboarding,,,D-01316,BlueRobotics B.V.,SMB,PLG,3827.72,1.9,2025-10-05,Fatima Zahra,False,0,True
deal,2025-Q4,Onboarding,Adoption,,,D-01316,BlueRobotics B.V.,SMB,PLG,3827.72,15.8,2025-10-06,Fatima Zahra,False,0,True
deal,2025-Q4,Adoption,Renewal,,,D-01316,BlueRobotics B.V.,SMB,PLG,3827.72,39.2,2025-10-21,Fatima Zahra,False,0,True
deal,2025-Q4,Renewal,Expansion,,,D-01316,BlueRobotics B.V.,SMB,PLG,3827.72,21.1,2025-11-29,Fatima Zahra,False,0,True
deal,2025-Q4,Expansion,,,,D-01316,BlueRobotics B.V.,SMB,PLG,3827.72,23.4,2025-12-20,Fatima Zahra,False,664.59,True
deal,2025-Q4,Selection,,,,D-01317,MeridianCloud GmbH,SMB,PLG,6325.84,2.8,2025-10-01,Priya Natarajan,False,0,False
deal,2025-Q4,Selection,Commit,,,D-01318,CedarSignal Ltd.,SMB,PLG,2854.39,3.1,2025-10-01,Elena Petrova,False,0,True
deal,2025-Q4,Commit,Onboarding,,,D-01318,CedarSignal Ltd.,SMB,PLG,2854.39,3.2,2025-10-04,Elena Petrova,False,0,True
deal,2025-Q4,Onboarding,Adoption,,,D-01318,CedarSignal Ltd.,SMB,PLG,2854.39,20.7,2025-10-07,Elena Petrova,False,0,True
deal,2025-Q4,Adoption,Renewal,,,D-01318,CedarSignal Ltd.,SMB,PLG,2854.39,37.4,2025-10-27,Elena Petrova,False,0,True
deal,2025-Q4,Renewal,Expansion,,,D-01318,CedarSignal Ltd.,SMB,PLG,2854.39,12.9,2025-12-03,Elena Petrova,False,0,True
deal,2025-Q4,Expansion,,,,D-01318,CedarSignal Ltd.,SMB,PLG,2854.39,36.2,2025-12-15,Elena Petrova,False,562.45,True
deal,2025-Q4,Selection,,,,D-01319,LucidAnalytics GmbH,SMB,PLG,3594.91,9.0,2025-10-01,Priya Natarajan,False,0,False
deal,2025-Q4,Selection,,,,D-01320,BrightSignal Group,SMB,PLG,3381.6,5.1,2025-10-01,Ben Sorensen,False,0,True
deal,2025-Q4,Selection,Commit,,,D-01321,NovaDynamics Inc.,SMB,Sales-led,9984.98,10.1,2025-10-01,Priya Natarajan,False,0,
deal,2025-Q4,Commit,Onboarding,,,D-01321,NovaDynamics Inc.,SMB,Sales-led,9984.98,3.5,2025-10-11,Priya Natarajan,False,0,
deal,2025-Q4,Onboarding,Adoption,,,D-01321,NovaDynamics Inc.,SMB,Sales-led,9984.98,5.3,2025-10-14,Priya Natarajan,False,0,
deal,2025-Q4,Adoption,Renewal,,,D-01321,NovaDynamics Inc.,SMB,Sales-led,9984.98,52.9,2025-10-19,Priya Natarajan,False,0,
deal,2025-Q4,Renewal,Expansion,,,D-01321,NovaDynamics Inc.,SMB,Sales-led,9984.98,27.4,2025-12-10,Priya Natarajan,False,0,
deal,2025-Q4,Expansion,,,,D-01321,NovaDynamics Inc.,SMB,Sales-led,9984.98,32.5,2026-01-06,Priya Natarajan,False,0.0,
deal,2025-Q4,Selection,,,,D-01322,BrightCloud GmbH,SMB,PLG,3481.66,5.6,2025-10-01,Noor Haddad,False,0,False
deal,2025-Q4,Selection,,,,D-01323,SilverStudio & Co.,SMB,PLG,3873.24,5.4,2025-10-01,Aisling Kelly,False,0,True
deal,2025-Q4,Selection,,,,D-01324,LucidMetrics Inc.,SMB,PLG,8721.39,4.6,2025-10-01,Marcus Webb,False,0,True
deal,2025-Q4,Selection,,,,D-01325,HarborData Inc.,SMB,Sales-led,6644.65,15.0,2025-10-01,Sofia Marchetti,False,0,
deal,2025-Q4,Selection,,,,D-01326,NovaMetrics & Co.,SMB,Sales-led,8714.11,8.3,2025-10-01,Ben Sorensen,False,0,
deal,2025-Q4,Selection,Commit,,,D-01327,ClearMetrics & Co.,SMB,PLG,6105.4,5.4,2025-10-01,Priya Natarajan,False,0,False
deal,2025-Q4,Commit,Onboarding,,,D-01327,ClearMetrics & Co.,SMB,PLG,6105.4,1.9,2025-10-06,Priya Natarajan,False,0,False
deal,2025-Q4,Onboarding,Adoption,,,D-01327,ClearMetrics & Co.,SMB,PLG,6105.4,12.6,2025-10-07,Priya Natarajan,False,0,False
deal,2025-Q4,Adoption,Renewal,,,D-01327,ClearMetrics & Co.,SMB,PLG,6105.4,26.4,2025-10-19,Priya Natarajan,False,0,False
deal,2025-Q4,Renewal,Expansion,,,D-01327,ClearMetrics & Co.,SMB,PLG,6105.4,16.4,2025-11-14,Priya Natarajan,False,0,False
deal,2025-Q4,Expansion,,,,D-01327,ClearMetrics & Co.,SMB,PLG,6105.4,33.4,2025-11-30,Priya Natarajan,False,1202.84,False
deal,2025-Q4,Selection,Commit,,,D-01328,SolsticeStudio & Co.,SMB,PLG,3045.45,12.8,2025-10-01,Tariq Aziz,False,0,True
deal,2025-Q4,Commit,Onboarding,,,D-01328,SolsticeStudio & Co.,SMB,PLG,3045.45,2.5,2025-10-13,Tariq Aziz,False,0,True
deal,2025-Q4,Onboarding,Adoption,,,D-01328,SolsticeStudio & Co.,SMB,PLG,3045.45,10.4,2025-10-15,Tariq Aziz,False,0,True
deal,2025-Q4,Adoption,Renewal,,,D-01328,SolsticeStudio & Co.,SMB,PLG,3045.45,85.8,2025-10-25,Tariq Aziz,False,0,True
deal,2025-Q4,Renewal,Expansion,,,D-01328,SolsticeStudio & Co.,SMB,PLG,3045.45,23.6,2026-01-18,Tariq Aziz,False,0,True
deal,2025-Q4,Expansion,,,,D-01328,SolsticeStudio & Co.,SMB,PLG,3045.45,36.0,2026-02-10,Tariq Aziz,False,600.96,True
deal,2025-Q4,Selection,Commit,,,D-01329,PrimeStudio & Co.,SMB,Sales-led,7083.87,8.8,2025-10-01,Ingrid Johansson,False,0,
deal,2025-Q4,Commit,Onboarding,,,D-01329,PrimeStudio & Co.,SMB,Sales-led,7083.87,3.0,2025-10-09,Ingrid Johansson,False,0,
deal,2025-Q4,Onboarding,Adoption,,,D-01329,PrimeStudio & Co.,SMB,Sales-led,7083.87,10.7,2025-10-12,Ingrid Johansson,False,0,
deal,2025-Q4,Adoption,,,,D-01329,PrimeStudio & Co.,SMB,Sales-led,7083.87,51.2,2025-10-22,Ingrid Johansson,True,0,
deal,2025-Q4,Selection,,,,D-01330,BrightSignal GmbH,SMB,Sales-led,5449.61,8.0,2025-10-01,Ben Sorensen,False,0,
deal,2025-Q4,Selection,,,,D-01331,NovaRobotics GmbH,SMB,PLG,2948.81,7.3,2025-10-01,Aisling Kelly,False,0,False
deal,2025-Q4,Selection,,,,D-01332,ClearCommerce Group,SMB,Sales-led,7708.28,8.6,2025-10-01,Ben Sorensen,False,0,
deal,2025-Q4,Selection,,,,D-01333,AmberLabs Group,SMB,PLG,8088.13,6.8,2025-10-01,Yuki Tanaka,False,0,False
deal,2025-Q4,Selection,,,,D-01334,PrimeMetrics & Co.,SMB,Sales-led,10988.31,13.8,2025-10-01,Noor Haddad,False,0,
deal,2025-Q4,Selection,,,,D-01335,NovaStudio Group,SMB,Sales-led,10013.44,9.8,2025-10-01,Ingrid Johansson,False,0,
deal,2025-Q4,Selection,Commit,,,D-01336,AmberSolutions & Co.,SMB,PLG,3110.24,5.3,2025-10-01,Elena Petrova,False,0,True
deal,2025-Q4,Commit,Onboarding,,,D-01336,AmberSolutions & Co.,SMB,PLG,3110.24,1.7,2025-10-06,Elena Petrova,False,0,True
deal,2025-Q4,Onboarding,Adoption,,,D-01336,AmberSolutions & Co.,SMB,PLG,3110.24,10.8,2025-10-07,Elena Petrova,False,0,True
deal,2025-Q4,Adoption,Renewal,,,D-01336,AmberSolutions & Co.,SMB,PLG,3110.24,83.1,2025-10-17,Elena Petrova,False,0,True
deal,2025-Q4,Renewal,Expansion,,,D-01336,AmberSolutions & Co.,SMB,PLG,3110.24,23.4,2026-01-08,Elena Petrova,False,0,True
deal,2025-Q4,Expansion,,,,D-01336,AmberSolutions & Co.,SMB,PLG,3110.24,19.3,2026-01-31,Elena Petrova,False,0.0,True
deal,2025-Q4,Selection,,,,D-01337,SolsticeData & Co.,SMB,Sales-led,6214.09,5.3,2025-10-01,Rian de Groot,False,0,
deal,2025-Q4,Selection,,,,D-01338,BoldDynamics Inc.,SMB,PLG,5533.84,3.7,2025-10-01,Fatima Zahra,False,0,False
deal,2024-Q1,Selection,Commit,,,D-01339,NovaSystems Ltd.,Mid-Market,Sales-led,54123.2,43.3,2024-01-01,Priya Natarajan,False,0,
deal,2024-Q1,Commit,Onboarding,,,D-01339,NovaSystems Ltd.,Mid-Market,Sales-led,54123.2,2.7,2024-02-13,Priya Natarajan,False,0,
deal,2024-Q1,Onboarding,Adoption,,,D-01339,NovaSystems Ltd.,Mid-Market,Sales-led,54123.2,23.7,2024-02-15,Priya Natarajan,False,0,
deal,2024-Q1,Adoption,Renewal,,,D-01339,NovaSystems Ltd.,Mid-Market,Sales-led,54123.2,37.7,2024-03-09,Priya Natarajan,False,0,
deal,2024-Q1,Renewal,Expansion,,,D-01339,NovaSystems Ltd.,Mid-Market,Sales-led,54123.2,18.5,2024-04-15,Priya Natarajan,False,0,
deal,2024-Q1,Expansion,,,,D-01339,NovaSystems Ltd.,Mid-Market,Sales-led,54123.2,28.1,2024-05-03,Priya Natarajan,False,24132.25,
deal,2024-Q1,Selection,,,,D-01340,CedarStudio Inc.,Mid-Market,PLG,19135.78,15.9,2024-01-01,Amara Okafor,False,0,True
deal,2024-Q1,Selection,,,,D-01341,HarborMetrics & Co.,Mid-Market,Sales-led,43180.53,26.8,2024-01-01,Amara Okafor,False,0,
deal,2024-Q1,Selection,,,,D-01342,CedarStudio B.V.,Mid-Market,Sales-led,74409.1,62.2,2024-01-01,Elena Petrova,False,0,
deal,2024-Q1,Selection,Commit,,,D-01343,VantageDynamics & Co.,Mid-Market,PLG,22763.22,9.9,2024-01-01,Sofia Marchetti,False,0,True
deal,2024-Q1,Commit,Onboarding,,,D-01343,VantageDynamics & Co.,Mid-Market,PLG,22763.22,2.0,2024-01-10,Sofia Marchetti,False,0,True
deal,2024-Q1,Onboarding,Adoption,,,D-01343,VantageDynamics & Co.,Mid-Market,PLG,22763.22,17.6,2024-01-12,Sofia Marchetti,False,0,True
deal,2024-Q1,Adoption,Renewal,,,D-01343,VantageDynamics & Co.,Mid-Market,PLG,22763.22,36.4,2024-01-29,Sofia Marchetti,False,0,True
deal,2024-Q1,Renewal,Expansion,,,D-01343,VantageDynamics & Co.,Mid-Market,PLG,22763.22,45.1,2024-03-05,Sofia Marchetti,False,0,True
deal,2024-Q1,Expansion,,,,D-01343,VantageDynamics & Co.,Mid-Market,PLG,22763.22,38.7,2024-04-19,Sofia Marchetti,False,5462.8,True
deal,2024-Q1,Selection,Commit,,,D-01344,BrightAnalytics B.V.,Mid-Market,PLG,18586.29,25.0,2024-01-01,Sofia Marchetti,False,0,False
deal,2024-Q1,Commit,Onboarding,,,D-01344,BrightAnalytics B.V.,Mid-Market,PLG,18586.29,3.1,2024-01-26,Sofia Marchetti,False,0,False
deal,2024-Q1,Onboarding,Adoption,,,D-01344,BrightAnalytics B.V.,Mid-Market,PLG,18586.29,14.8,2024-01-29,Sofia Marchetti,False,0,False
deal,2024-Q1,Adoption,Renewal,,,D-01344,BrightAnalytics B.V.,Mid-Market,PLG,18586.29,55.9,2024-02-12,Sofia Marchetti,False,0,False
deal,2024-Q1,Renewal,Expansion,,,D-01344,BrightAnalytics B.V.,Mid-Market,PLG,18586.29,33.4,2024-04-07,Sofia Marchetti,False,0,False
deal,2024-Q1,Expansion,,,,D-01344,BrightAnalytics B.V.,Mid-Market,PLG,18586.29,34.6,2024-05-10,Sofia Marchetti,False,4697.32,False
deal,2024-Q1,Selection,,,,D-01345,SilverRobotics Inc.,Mid-Market,PLG,16573.6,10.4,2024-01-01,Sofia Marchetti,False,0,True
deal,2024-Q1,Selection,,,,D-01346,PrimeFinance Ltd.,Mid-Market,PLG,26039.91,10.2,2024-01-01,Amara Okafor,False,0,False
deal,2024-Q1,Selection,,,,D-01347,BoldWorks Ltd.,Mid-Market,PLG,23701.81,20.1,2024-01-01,Ben Sorensen,False,0,False
deal,2024-Q1,Selection,,,,D-01348,ClearSolutions Ltd.,Mid-Market,Sales-led,38257.22,46.6,2024-01-01,Yuki Tanaka,False,0,
deal,2024-Q1,Selection,,,,D-01349,CedarSystems B.V.,Mid-Market,Sales-led,57968.92,29.1,2024-01-01,Rian de Groot,False,0,
deal,2024-Q1,Selection,,,,D-01350,LucidDynamics Group,Mid-Market,Sales-led,52241.47,31.8,2024-01-01,Yuki Tanaka,False,0,
deal,2024-Q1,Selection,,,,D-01351,MeridianRobotics Ltd.,Mid-Market,Sales-led,39920.45,57.8,2024-01-01,Liam Fitzgerald,False,0,
deal,2024-Q1,Selection,,,,D-01352,CedarWorks Inc.,Mid-Market,Sales-led,60941.94,53.8,2024-01-01,Elena Petrova,False,0,
deal,2024-Q1,Selection,,,,D-01353,SolsticeHealth B.V.,Mid-Market,Sales-led,38014.87,12.6,2024-01-01,Amara Okafor,False,0,
deal,2024-Q1,Selection,Commit,,,D-01354,NovaSystems GmbH,Mid-Market,PLG,19423.65,23.6,2024-01-01,Declan Byrne,False,0,True
deal,2024-Q1,Commit,Onboarding,,,D-01354,NovaSystems GmbH,Mid-Market,PLG,19423.65,5.4,2024-01-24,Declan Byrne,False,0,True
deal,2024-Q1,Onboarding,Adoption,,,D-01354,NovaSystems GmbH,Mid-Market,PLG,19423.65,50.7,2024-01-29,Declan Byrne,False,0,True
deal,2024-Q1,Adoption,Renewal,,,D-01354,NovaSystems GmbH,Mid-Market,PLG,19423.65,44.2,2024-03-19,Declan Byrne,False,0,True
deal,2024-Q1,Renewal,Expansion,,,D-01354,NovaSystems GmbH,Mid-Market,PLG,19423.65,32.3,2024-05-02,Declan Byrne,False,0,True
deal,2024-Q1,Expansion,,,,D-01354,NovaSystems GmbH,Mid-Market,PLG,19423.65,48.2,2024-06-03,Declan Byrne,False,0.0,True
deal,2024-Q1,Selection,,,,D-01355,LucidLabs Inc.,Mid-Market,PLG,22129.43,12.1,2024-01-01,Priya Natarajan,False,0,False
deal,2024-Q1,Selection,,,,D-01356,PrimeHealth Inc.,Mid-Market,Sales-led,45444.55,24.4,2024-01-01,Rian de Groot,False,0,
deal,2024-Q1,Selection,Commit,,,D-01357,BoldSolutions Ltd.,Mid-Market,PLG,23865.48,16.2,2024-01-01,Fatima Zahra,False,0,True
deal,2024-Q1,Commit,Onboarding,,,D-01357,BoldSolutions Ltd.,Mid-Market,PLG,23865.48,3.4,2024-01-17,Fatima Zahra,False,0,True
deal,2024-Q1,Onboarding,Adoption,,,D-01357,BoldSolutions Ltd.,Mid-Market,PLG,23865.48,23.1,2024-01-20,Fatima Zahra,False,0,True
deal,2024-Q1,Adoption,Renewal,,,D-01357,BoldSolutions Ltd.,Mid-Market,PLG,23865.48,53.8,2024-02-12,Fatima Zahra,False,0,True
deal,2024-Q1,Renewal,Expansion,,,D-01357,BoldSolutions Ltd.,Mid-Market,PLG,23865.48,24.2,2024-04-05,Fatima Zahra,False,0,True
deal,2024-Q1,Expansion,,,,D-01357,BoldSolutions Ltd.,Mid-Market,PLG,23865.48,35.6,2024-04-29,Fatima Zahra,False,7330.81,True
deal,2024-Q1,Selection,,,,D-01358,BrightMetrics B.V.,Mid-Market,Sales-led,72531.25,33.6,2024-01-01,Priya Natarajan,False,0,
deal,2024-Q1,Selection,,,,D-01359,CedarMetrics Inc.,Mid-Market,Sales-led,18578.38,14.2,2024-01-01,Tariq Aziz,False,0,
deal,2024-Q1,Selection,,,,D-01360,KestrelCommerce Group,Mid-Market,PLG,15402.52,14.4,2024-01-01,Declan Byrne,False,0,False
deal,2024-Q1,Selection,,,,D-01361,BlueHealth B.V.,Mid-Market,Sales-led,46259.36,25.0,2024-01-01,Aisling Kelly,False,0,
deal,2024-Q1,Selection,,,,D-01362,ClearAnalytics Group,Mid-Market,PLG,38749.99,10.3,2024-01-01,Ben Sorensen,False,0,True
deal,2024-Q1,Selection,,,,D-01363,SwiftHealth GmbH,Mid-Market,Sales-led,29856.67,32.2,2024-01-01,Noor Haddad,False,0,
deal,2024-Q1,Selection,,,,D-01364,ClearDynamics Inc.,Mid-Market,PLG,12456.09,15.7,2024-01-01,Noor Haddad,False,0,False
deal,2024-Q1,Selection,,,,D-01365,BrightRobotics Ltd.,Mid-Market,Sales-led,49196.16,9.0,2024-01-01,Elena Petrova,False,0,
deal,2024-Q1,Selection,,,,D-01366,SwiftMetrics B.V.,Mid-Market,Sales-led,68363.54,22.8,2024-01-01,Fatima Zahra,False,0,
deal,2024-Q1,Selection,,,,D-01367,NovaData & Co.,Mid-Market,Sales-led,56424.68,23.1,2024-01-01,Tariq Aziz,False,0,
deal,2024-Q1,Selection,,,,D-01368,NovaCloud GmbH,Mid-Market,PLG,25880.85,13.3,2024-01-01,Callum Reid,False,0,False
deal,2024-Q1,Selection,Commit,,,D-01369,MeridianStudio B.V.,Mid-Market,Sales-led,44554.36,22.6,2024-01-01,Ingrid Johansson,False,0,
deal,2024-Q1,Commit,Onboarding,,,D-01369,MeridianStudio B.V.,Mid-Market,Sales-led,44554.36,5.5,2024-01-23,Ingrid Johansson,False,0,
deal,2024-Q1,Onboarding,Adoption,,,D-01369,MeridianStudio B.V.,Mid-Market,Sales-led,44554.36,15.1,2024-01-28,Ingrid Johansson,False,0,
deal,2024-Q1,Adoption,Renewal,,,D-01369,MeridianStudio B.V.,Mid-Market,Sales-led,44554.36,145.6,2024-02-12,Ingrid Johansson,False,0,
deal,2024-Q1,Renewal,Expansion,,,D-01369,MeridianStudio B.V.,Mid-Market,Sales-led,44554.36,15.2,2024-07-06,Ingrid Johansson,False,0,
deal,2024-Q1,Expansion,,,,D-01369,MeridianStudio B.V.,Mid-Market,Sales-led,44554.36,62.6,2024-07-21,Ingrid Johansson,False,18594.97,
deal,2024-Q1,Selection,,,,D-01370,NovaMetrics GmbH,Mid-Market,Sales-led,24108.76,10.4,2024-01-01,Amara Okafor,False,0,
deal,2024-Q1,Selection,,,,D-01371,PrimeRobotics GmbH,Mid-Market,PLG,25850.93,26.4,2024-01-01,Ben Sorensen,False,0,True
deal,2024-Q1,Selection,,,,D-01372,RapidSolutions B.V.,Mid-Market,Sales-led,84357.87,18.8,2024-01-01,Ingrid Johansson,False,0,
deal,2024-Q1,Selection,,,,D-01373,MeridianRobotics Inc.,Mid-Market,PLG,49014.94,11.8,2024-01-01,Callum Reid,False,0,True
deal,2024-Q1,Selection,,,,D-01374,KestrelLabs Ltd.,Mid-Market,PLG,19196.35,24.7,2024-01-01,Sofia Marchetti,False,0,True
deal,2024-Q1,Selection,Commit,,,D-01375,NorthernData & Co.,Mid-Market,Sales-led,45729.54,19.9,2024-01-01,Noor Haddad,False,0,
deal,2024-Q1,Commit,Onboarding,,,D-01375,NorthernData & Co.,Mid-Market,Sales-led,45729.54,4.7,2024-01-20,Noor Haddad,False,0,
deal,2024-Q1,Onboarding,Adoption,,,D-01375,NorthernData & Co.,Mid-Market,Sales-led,45729.54,13.5,2024-01-24,Noor Haddad,False,0,
deal,2024-Q1,Adoption,Renewal,,,D-01375,NorthernData & Co.,Mid-Market,Sales-led,45729.54,28.9,2024-02-06,Noor Haddad,False,0,
deal,2024-Q1,Renewal,Expansion,,,D-01375,NorthernData & Co.,Mid-Market,Sales-led,45729.54,19.2,2024-03-05,Noor Haddad,False,0,
deal,2024-Q1,Expansion,,,,D-01375,NorthernData & Co.,Mid-Market,Sales-led,45729.54,26.0,2024-03-24,Noor Haddad,False,10128.87,
deal,2024-Q1,Selection,,,,D-01376,NovaFinance Inc.,Mid-Market,Sales-led,47717.65,37.2,2024-01-01,Liam Fitzgerald,False,0,
deal,2024-Q1,Selection,,,,D-01377,BrightSignal & Co.,Mid-Market,Sales-led,17649.64,25.9,2024-01-01,Callum Reid,False,0,
deal,2024-Q1,Selection,,,,D-01378,AmberLogistics Group,Mid-Market,Sales-led,50169.54,29.5,2024-01-01,Ingrid Johansson,False,0,
deal,2024-Q1,Selection,,,,D-01379,BlueSolutions GmbH,Mid-Market,Sales-led,37948.67,46.6,2024-01-01,Noor Haddad,False,0,
deal,2024-Q1,Selection,,,,D-01380,KestrelCommerce Inc.,Mid-Market,PLG,25408.98,13.1,2024-01-01,Ingrid Johansson,False,0,False
deal,2024-Q1,Selection,,,,D-01381,CedarRobotics GmbH,Mid-Market,Sales-led,46152.64,22.3,2024-01-01,Aisling Kelly,False,0,
deal,2024-Q1,Selection,,,,D-01382,SilverRobotics B.V.,Mid-Market,Sales-led,67244.58,17.9,2024-01-01,Tariq Aziz,False,0,
deal,2024-Q1,Selection,,,,D-01383,HarborSolutions Inc.,Mid-Market,Sales-led,45630.6,19.2,2024-01-01,Amara Okafor,False,0,
deal,2024-Q1,Selection,,,,D-01384,RapidFinance GmbH,Mid-Market,PLG,28723.47,7.7,2024-01-01,Priya Natarajan,False,0,True
deal,2024-Q1,Selection,,,,D-01385,BoldSolutions B.V.,Mid-Market,Sales-led,28257.96,38.4,2024-01-01,Rian de Groot,False,0,
deal,2024-Q1,Selection,,,,D-01386,NovaData Inc.,Mid-Market,Sales-led,53937.66,55.5,2024-01-01,Callum Reid,False,0,
deal,2024-Q1,Selection,,,,D-01387,BlueDynamics Inc.,Mid-Market,Sales-led,49078.69,17.9,2024-01-01,Declan Byrne,False,0,
deal,2024-Q1,Selection,,,,D-01388,ClearStudio GmbH,Mid-Market,Sales-led,53079.57,15.8,2024-01-01,Sofia Marchetti,False,0,
deal,2024-Q1,Selection,,,,D-01389,VantageCloud GmbH,Mid-Market,Sales-led,44444.76,27.4,2024-01-01,Sofia Marchetti,False,0,
deal,2024-Q1,Selection,Commit,,,D-01390,ClearWorks GmbH,Mid-Market,PLG,22288.26,18.5,2024-01-01,Tariq Aziz,False,0,True
deal,2024-Q1,Commit,Onboarding,,,D-01390,ClearWorks GmbH,Mid-Market,PLG,22288.26,5.6,2024-01-19,Tariq Aziz,False,0,True
deal,2024-Q1,Onboarding,Adoption,,,D-01390,ClearWorks GmbH,Mid-Market,PLG,22288.26,33.0,2024-01-24,Tariq Aziz,False,0,True
deal,2024-Q1,Adoption,Renewal,,,D-01390,ClearWorks GmbH,Mid-Market,PLG,22288.26,54.0,2024-02-26,Tariq Aziz,False,0,True
deal,2024-Q1,Renewal,Expansion,,,D-01390,ClearWorks GmbH,Mid-Market,PLG,22288.26,18.6,2024-04-20,Tariq Aziz,False,0,True
deal,2024-Q1,Expansion,,,,D-01390,ClearWorks GmbH,Mid-Market,PLG,22288.26,41.1,2024-05-08,Tariq Aziz,False,0.0,True
deal,2024-Q1,Selection,,,,D-01391,AmberSystems GmbH,Mid-Market,Sales-led,48634.7,34.7,2024-01-01,Ben Sorensen,False,0,
deal,2024-Q1,Selection,,,,D-01392,ClearSignal GmbH,Mid-Market,Sales-led,32698.18,22.0,2024-01-01,Aisling Kelly,False,0,
deal,2024-Q1,Selection,,,,D-01393,NovaStudio Inc.,Mid-Market,PLG,20018.6,9.9,2024-01-01,Declan Byrne,False,0,True
deal,2024-Q1,Selection,,,,D-01394,SilverRobotics Group,Mid-Market,PLG,37730.64,19.4,2024-01-01,Fatima Zahra,False,0,True
deal,2024-Q1,Selection,,,,D-01395,NorthernWorks Group,Mid-Market,PLG,13750.09,21.8,2024-01-01,Declan Byrne,False,0,False
deal,2024-Q1,Selection,,,,D-01396,VantageDynamics B.V.,Mid-Market,Sales-led,53367.56,18.9,2024-01-01,Fatima Zahra,False,0,
deal,2024-Q1,Selection,,,,D-01397,SwiftAnalytics B.V.,Mid-Market,PLG,33004.8,22.0,2024-01-01,Declan Byrne,False,0,True
deal,2024-Q1,Selection,Commit,,,D-01398,NorthernSystems Ltd.,Mid-Market,Sales-led,29113.9,21.4,2024-01-01,Ingrid Johansson,False,0,
deal,2024-Q1,Commit,Onboarding,,,D-01398,NorthernSystems Ltd.,Mid-Market,Sales-led,29113.9,5.3,2024-01-22,Ingrid Johansson,False,0,
deal,2024-Q1,Onboarding,Adoption,,,D-01398,NorthernSystems Ltd.,Mid-Market,Sales-led,29113.9,18.3,2024-01-27,Ingrid Johansson,False,0,
deal,2024-Q1,Adoption,Renewal,,,D-01398,NorthernSystems Ltd.,Mid-Market,Sales-led,29113.9,98.9,2024-02-14,Ingrid Johansson,False,0,
deal,2024-Q1,Renewal,Expansion,,,D-01398,NorthernSystems Ltd.,Mid-Market,Sales-led,29113.9,52.4,2024-05-22,Ingrid Johansson,False,0,
deal,2024-Q1,Expansion,,,,D-01398,NorthernSystems Ltd.,Mid-Market,Sales-led,29113.9,58.4,2024-07-13,Ingrid Johansson,False,12484.06,
deal,2024-Q1,Selection,,,,D-01399,MeridianData Inc.,Mid-Market,Sales-led,46069.22,10.5,2024-01-01,Aisling Kelly,False,0,
deal,2024-Q1,Selection,,,,D-01400,NorthernMetrics & Co.,Mid-Market,Sales-led,48336.22,21.9,2024-01-01,Yuki Tanaka,False,0,
deal,2024-Q1,Selection,,,,D-01401,VantageHealth Ltd.,Mid-Market,Sales-led,41503.95,31.9,2024-01-01,Sofia Marchetti,False,0,
deal,2024-Q1,Selection,,,,D-01402,HarborData Inc.,Mid-Market,Sales-led,71102.25,16.1,2024-01-01,Callum Reid,False,0,
deal,2024-Q1,Selection,,,,D-01403,SolsticeWorks Ltd.,Mid-Market,Sales-led,31971.95,30.0,2024-01-01,Noor Haddad,False,0,
deal,2024-Q1,Selection,,,,D-01404,NovaSignal B.V.,Mid-Market,Sales-led,55659.97,22.0,2024-01-01,Aisling Kelly,False,0,
deal,2024-Q1,Selection,,,,D-01405,BlueStudio & Co.,Mid-Market,PLG,49192.6,8.5,2024-01-01,Declan Byrne,False,0,True
deal,2024-Q1,Selection,,,,D-01406,BoldLabs Inc.,Mid-Market,PLG,31034.68,11.0,2024-01-01,Aisling Kelly,False,0,False
deal,2024-Q1,Selection,,,,D-01407,NorthernDynamics Inc.,Mid-Market,Sales-led,62176.94,27.9,2024-01-01,Tariq Aziz,False,0,
deal,2024-Q1,Selection,Commit,,,D-01408,BoldFinance GmbH,Mid-Market,Sales-led,114725.3,22.8,2024-01-01,Amara Okafor,False,0,
deal,2024-Q1,Commit,Onboarding,,,D-01408,BoldFinance GmbH,Mid-Market,Sales-led,114725.3,8.9,2024-01-23,Amara Okafor,False,0,
deal,2024-Q1,Onboarding,Adoption,,,D-01408,BoldFinance GmbH,Mid-Market,Sales-led,114725.3,34.4,2024-01-31,Amara Okafor,False,0,
deal,2024-Q1,Adoption,Renewal,,,D-01408,BoldFinance GmbH,Mid-Market,Sales-led,114725.3,83.8,2024-03-05,Amara Okafor,False,0,
deal,2024-Q1,Renewal,,,,D-01408,BoldFinance GmbH,Mid-Market,Sales-led,114725.3,37.1,2024-05-27,Amara Okafor,True,0,
deal,2024-Q1,Selection,,,,D-01409,BrightAnalytics GmbH,Mid-Market,Sales-led,38149.62,44.2,2024-01-01,Declan Byrne,False,0,
deal,2024-Q1,Selection,,,,D-01410,SwiftSolutions & Co.,Mid-Market,Sales-led,29611.73,19.3,2024-01-01,Sofia Marchetti,False,0,
deal,2024-Q1,Selection,Commit,,,D-01411,SwiftData & Co.,Mid-Market,Sales-led,58267.99,20.5,2024-01-01,Rian de Groot,False,0,
deal,2024-Q1,Commit,,,,D-01411,SwiftData & Co.,Mid-Market,Sales-led,58267.99,5.4,2024-01-21,Rian de Groot,True,0,
deal,2024-Q1,Selection,Commit,,,D-01412,BoldData GmbH,Mid-Market,PLG,16226.29,19.1,2024-01-01,Yuki Tanaka,False,0,True
deal,2024-Q1,Commit,Onboarding,,,D-01412,BoldData GmbH,Mid-Market,PLG,16226.29,2.9,2024-01-20,Yuki Tanaka,False,0,True
deal,2024-Q1,Onboarding,Adoption,,,D-01412,BoldData GmbH,Mid-Market,PLG,16226.29,38.2,2024-01-22,Yuki Tanaka,False,0,True
deal,2024-Q1,Adoption,Renewal,,,D-01412,BoldData GmbH,Mid-Market,PLG,16226.29,48.1,2024-02-29,Yuki Tanaka,False,0,True
deal,2024-Q1,Renewal,Expansion,,,D-01412,BoldData GmbH,Mid-Market,PLG,16226.29,16.6,2024-04-17,Yuki Tanaka,False,0,True
deal,2024-Q1,Expansion,,,,D-01412,BoldData GmbH,Mid-Market,PLG,16226.29,26.8,2024-05-03,Yuki Tanaka,False,0.0,True
deal,2024-Q1,Selection,,,,D-01413,VantageHealth B.V.,Mid-Market,PLG,26954.11,10.8,2024-01-01,Ingrid Johansson,False,0,False
deal,2024-Q1,Selection,,,,D-01414,NovaRobotics Inc.,Mid-Market,Sales-led,51937.55,28.1,2024-01-01,Aisling Kelly,False,0,
deal,2024-Q1,Selection,,,,D-01415,MeridianWorks & Co.,Mid-Market,PLG,30256.74,16.0,2024-01-01,Yuki Tanaka,False,0,False
deal,2024-Q1,Selection,,,,D-01416,NovaWorks Group,Mid-Market,Sales-led,23835.46,26.8,2024-01-01,Ingrid Johansson,False,0,
deal,2024-Q1,Selection,,,,D-01417,HarborDynamics GmbH,Mid-Market,Sales-led,39245.6,14.7,2024-01-01,Liam Fitzgerald,False,0,
deal,2024-Q1,Selection,,,,D-01418,SwiftHealth B.V.,Mid-Market,Sales-led,48936.02,35.8,2024-01-01,Noor Haddad,False,0,
deal,2024-Q1,Selection,Commit,,,D-01419,ClearCloud B.V.,Mid-Market,Sales-led,47685.51,17.8,2024-01-01,Sofia Marchetti,False,0,
deal,2024-Q1,Commit,Onboarding,,,D-01419,ClearCloud B.V.,Mid-Market,Sales-led,47685.51,5.0,2024-01-18,Sofia Marchetti,False,0,
deal,2024-Q1,Onboarding,Adoption,,,D-01419,ClearCloud B.V.,Mid-Market,Sales-led,47685.51,18.2,2024-01-23,Sofia Marchetti,False,0,
deal,2024-Q1,Adoption,Renewal,,,D-01419,ClearCloud B.V.,Mid-Market,Sales-led,47685.51,36.4,2024-02-10,Sofia Marchetti,False,0,
deal,2024-Q1,Renewal,Expansion,,,D-01419,ClearCloud B.V.,Mid-Market,Sales-led,47685.51,23.9,2024-03-17,Sofia Marchetti,False,0,
deal,2024-Q1,Expansion,,,,D-01419,ClearCloud B.V.,Mid-Market,Sales-led,47685.51,26.9,2024-04-09,Sofia Marchetti,False,0.0,
deal,2024-Q1,Selection,,,,D-01420,SilverLogistics B.V.,Mid-Market,Sales-led,45901.9,29.7,2024-01-01,Yuki Tanaka,False,0,
deal,2024-Q1,Selection,,,,D-01421,BrightCommerce Inc.,Mid-Market,PLG,26990.96,33.7,2024-01-01,Noor Haddad,False,0,True
deal,2024-Q1,Selection,,,,D-01422,LucidLabs Inc.,Mid-Market,Sales-led,52181.02,42.0,2024-01-01,Liam Fitzgerald,False,0,
deal,2024-Q1,Selection,Commit,,,D-01423,ClearWorks Ltd.,Mid-Market,Sales-led,31859.04,21.1,2024-01-01,Rian de Groot,False,0,
deal,2024-Q1,Commit,Onboarding,,,D-01423,ClearWorks Ltd.,Mid-Market,Sales-led,31859.04,8.4,2024-01-22,Rian de Groot,False,0,
deal,2024-Q1,Onboarding,Adoption,,,D-01423,ClearWorks Ltd.,Mid-Market,Sales-led,31859.04,14.6,2024-01-30,Rian de Groot,False,0,
deal,2024-Q1,Adoption,Renewal,,,D-01423,ClearWorks Ltd.,Mid-Market,Sales-led,31859.04,55.8,2024-02-13,Rian de Groot,False,0,
deal,2024-Q1,Renewal,Expansion,,,D-01423,ClearWorks Ltd.,Mid-Market,Sales-led,31859.04,25.1,2024-04-08,Rian de Groot,False,0,
deal,2024-Q1,Expansion,,,,D-01423,ClearWorks Ltd.,Mid-Market,Sales-led,31859.04,46.0,2024-05-03,Rian de Groot,False,0.0,
deal,2024-Q1,Selection,,,,D-01424,ClearFinance & Co.,Mid-Market,Sales-led,43884.51,23.5,2024-01-01,Callum Reid,False,0,
deal,2024-Q1,Selection,,,,D-01425,SilverStudio GmbH,Mid-Market,PLG,69033.73,12.5,2024-01-01,Rian de Groot,False,0,False
deal,2024-Q1,Selection,,,,D-01426,KestrelMetrics Ltd.,Mid-Market,Sales-led,29700.59,22.4,2024-01-01,Amara Okafor,False,0,
deal,2024-Q1,Selection,,,,D-01427,MeridianData Group,Mid-Market,PLG,20288.17,12.1,2024-01-01,Noor Haddad,False,0,True
deal,2024-Q1,Selection,,,,D-01428,BlueData GmbH,Mid-Market,Sales-led,56855.01,22.6,2024-01-01,Aisling Kelly,False,0,
deal,2024-Q1,Selection,,,,D-01429,SolsticeSolutions GmbH,Mid-Market,Sales-led,28065.35,20.2,2024-01-01,Aisling Kelly,False,0,
deal,2024-Q1,Selection,,,,D-01430,SolsticeSolutions Group,Mid-Market,PLG,31793.13,11.2,2024-01-01,Declan Byrne,False,0,False
deal,2024-Q1,Selection,,,,D-01431,ClearData & Co.,Mid-Market,Sales-led,42453.37,29.8,2024-01-01,Fatima Zahra,False,0,
deal,2024-Q1,Selection,Commit,,,D-01432,SwiftFinance Ltd.,Mid-Market,Sales-led,60830.51,12.8,2024-01-01,Aisling Kelly,False,0,
deal,2024-Q1,Commit,Onboarding,,,D-01432,SwiftFinance Ltd.,Mid-Market,Sales-led,60830.51,5.1,2024-01-13,Aisling Kelly,False,0,
deal,2024-Q1,Onboarding,Adoption,,,D-01432,SwiftFinance Ltd.,Mid-Market,Sales-led,60830.51,16.2,2024-01-18,Aisling Kelly,False,0,
deal,2024-Q1,Adoption,Renewal,,,D-01432,SwiftFinance Ltd.,Mid-Market,Sales-led,60830.51,46.9,2024-02-03,Aisling Kelly,False,0,
deal,2024-Q1,Renewal,Expansion,,,D-01432,SwiftFinance Ltd.,Mid-Market,Sales-led,60830.51,17.4,2024-03-20,Aisling Kelly,False,0,
deal,2024-Q1,Expansion,,,,D-01432,SwiftFinance Ltd.,Mid-Market,Sales-led,60830.51,30.6,2024-04-06,Aisling Kelly,False,17913.41,
deal,2024-Q1,Selection,,,,D-01433,ClearLabs Inc.,Mid-Market,Sales-led,44087.59,16.3,2024-01-01,Sofia Marchetti,False,0,
deal,2024-Q2,Selection,,,,D-01434,LucidCommerce GmbH,Mid-Market,Sales-led,41883.37,18.4,2024-04-01,Elena Petrova,False,0,
deal,2024-Q2,Selection,,,,D-01435,VantageLabs & Co.,Mid-Market,Sales-led,47530.11,42.1,2024-04-01,Marcus Webb,False,0,
deal,2024-Q2,Selection,Commit,,,D-01436,CedarRobotics Inc.,Mid-Market,PLG,23099.66,16.1,2024-04-01,Rian de Groot,False,0,True
deal,2024-Q2,Commit,Onboarding,,,D-01436,CedarRobotics Inc.,Mid-Market,PLG,23099.66,2.3,2024-04-17,Rian de Groot,False,0,True
deal,2024-Q2,Onboarding,Adoption,,,D-01436,CedarRobotics Inc.,Mid-Market,PLG,23099.66,8.0,2024-04-19,Rian de Groot,False,0,True
deal,2024-Q2,Adoption,Renewal,,,D-01436,CedarRobotics Inc.,Mid-Market,PLG,23099.66,29.0,2024-04-27,Rian de Groot,False,0,True
deal,2024-Q2,Renewal,Expansion,,,D-01436,CedarRobotics Inc.,Mid-Market,PLG,23099.66,28.0,2024-05-26,Rian de Groot,False,0,True
deal,2024-Q2,Expansion,,,,D-01436,CedarRobotics Inc.,Mid-Market,PLG,23099.66,31.2,2024-06-23,Rian de Groot,False,0.0,True
deal,2024-Q2,Selection,Commit,,,D-01437,RapidLogistics Inc.,Mid-Market,Sales-led,42375.47,21.1,2024-04-01,Fatima Zahra,False,0,
deal,2024-Q2,Commit,Onboarding,,,D-01437,RapidLogistics Inc.,Mid-Market,Sales-led,42375.47,6.4,2024-04-22,Fatima Zahra,False,0,
deal,2024-Q2,Onboarding,Adoption,,,D-01437,RapidLogistics Inc.,Mid-Market,Sales-led,42375.47,25.2,2024-04-28,Fatima Zahra,False,0,
deal,2024-Q2,Adoption,Renewal,,,D-01437,RapidLogistics Inc.,Mid-Market,Sales-led,42375.47,47.7,2024-05-23,Fatima Zahra,False,0,
deal,2024-Q2,Renewal,Expansion,,,D-01437,RapidLogistics Inc.,Mid-Market,Sales-led,42375.47,13.2,2024-07-09,Fatima Zahra,False,0,
deal,2024-Q2,Expansion,,,,D-01437,RapidLogistics Inc.,Mid-Market,Sales-led,42375.47,24.3,2024-07-22,Fatima Zahra,False,0.0,
deal,2024-Q2,Selection,,,,D-01438,KestrelSystems Group,Mid-Market,PLG,16134.15,10.2,2024-04-01,Rian de Groot,False,0,False
deal,2024-Q2,Selection,Commit,,,D-01439,HarborLabs Inc.,Mid-Market,Sales-led,35254.74,34.1,2024-04-01,Callum Reid,False,0,
deal,2024-Q2,Commit,Onboarding,,,D-01439,HarborLabs Inc.,Mid-Market,Sales-led,35254.74,3.8,2024-05-05,Callum Reid,False,0,
deal,2024-Q2,Onboarding,Adoption,,,D-01439,HarborLabs Inc.,Mid-Market,Sales-led,35254.74,35.7,2024-05-08,Callum Reid,False,0,
deal,2024-Q2,Adoption,Renewal,,,D-01439,HarborLabs Inc.,Mid-Market,Sales-led,35254.74,44.8,2024-06-12,Callum Reid,False,0,
deal,2024-Q2,Renewal,Expansion,,,D-01439,HarborLabs Inc.,Mid-Market,Sales-led,35254.74,37.2,2024-07-26,Callum Reid,False,0,
deal,2024-Q2,Expansion,,,,D-01439,HarborLabs Inc.,Mid-Market,Sales-led,35254.74,28.6,2024-09-01,Callum Reid,False,0.0,
deal,2024-Q2,Selection,Commit,,,D-01440,LucidCommerce & Co.,Mid-Market,Sales-led,53904.82,20.5,2024-04-01,Noor Haddad,False,0,
deal,2024-Q2,Commit,Onboarding,,,D-01440,LucidCommerce & Co.,Mid-Market,Sales-led,53904.82,7.5,2024-04-21,Noor Haddad,False,0,
deal,2024-Q2,Onboarding,Adoption,,,D-01440,LucidCommerce & Co.,Mid-Market,Sales-led,53904.82,30.6,2024-04-28,Noor Haddad,False,0,
deal,2024-Q2,Adoption,Renewal,,,D-01440,LucidCommerce & Co.,Mid-Market,Sales-led,53904.82,33.2,2024-05-28,Noor Haddad,False,0,
deal,2024-Q2,Renewal,Expansion,,,D-01440,LucidCommerce & Co.,Mid-Market,Sales-led,53904.82,21.8,2024-06-30,Noor Haddad,False,0,
deal,2024-Q2,Expansion,,,,D-01440,LucidCommerce & Co.,Mid-Market,Sales-led,53904.82,60.2,2024-07-21,Noor Haddad,False,22317.01,
deal,2024-Q2,Selection,,,,D-01441,HarborAnalytics GmbH,Mid-Market,Sales-led,36093.58,14.1,2024-04-01,Amara Okafor,False,0,
deal,2024-Q2,Selection,,,,D-01442,BrightFinance Ltd.,Mid-Market,Sales-led,41131.68,13.7,2024-04-01,Yuki Tanaka,False,0,
deal,2024-Q2,Selection,,,,D-01443,SolsticeSystems Group,Mid-Market,PLG,23483.12,8.6,2024-04-01,Callum Reid,False,0,True
deal,2024-Q2,Selection,,,,D-01444,PrimeSolutions GmbH,Mid-Market,Sales-led,65770.83,28.9,2024-04-01,Liam Fitzgerald,False,0,
deal,2024-Q2,Selection,,,,D-01445,ClearLogistics & Co.,Mid-Market,Sales-led,69433.18,31.3,2024-04-01,Fatima Zahra,False,0,
deal,2024-Q2,Selection,,,,D-01446,BrightFinance Ltd.,Mid-Market,Sales-led,85286.57,31.4,2024-04-01,Marcus Webb,False,0,
deal,2024-Q2,Selection,,,,D-01447,SwiftAnalytics Inc.,Mid-Market,PLG,36022.38,10.6,2024-04-01,Rian de Groot,False,0,False
deal,2024-Q2,Selection,,,,D-01448,BoldLabs & Co.,Mid-Market,Sales-led,87878.89,32.3,2024-04-01,Ben Sorensen,False,0,
deal,2024-Q2,Selection,,,,D-01449,SwiftCommerce B.V.,Mid-Market,Sales-led,71849.45,35.8,2024-04-01,Ben Sorensen,False,0,
deal,2024-Q2,Selection,Commit,,,D-01450,LucidStudio B.V.,Mid-Market,Sales-led,23471.29,17.9,2024-04-01,Yuki Tanaka,False,0,
deal,2024-Q2,Commit,Onboarding,,,D-01450,LucidStudio B.V.,Mid-Market,Sales-led,23471.29,2.5,2024-04-18,Yuki Tanaka,False,0,
deal,2024-Q2,Onboarding,Adoption,,,D-01450,LucidStudio B.V.,Mid-Market,Sales-led,23471.29,11.0,2024-04-20,Yuki Tanaka,False,0,
deal,2024-Q2,Adoption,Renewal,,,D-01450,LucidStudio B.V.,Mid-Market,Sales-led,23471.29,33.3,2024-05-01,Yuki Tanaka,False,0,
deal,2024-Q2,Renewal,Expansion,,,D-01450,LucidStudio B.V.,Mid-Market,Sales-led,23471.29,17.0,2024-06-03,Yuki Tanaka,False,0,
deal,2024-Q2,Expansion,,,,D-01450,LucidStudio B.V.,Mid-Market,Sales-led,23471.29,27.9,2024-06-20,Yuki Tanaka,False,7450.77,
deal,2024-Q2,Selection,,,,D-01451,BrightStudio Inc.,Mid-Market,PLG,22415.9,10.7,2024-04-01,Noor Haddad,False,0,True
deal,2024-Q2,Selection,Commit,,,D-01452,BoldDynamics B.V.,Mid-Market,Sales-led,43704.28,28.9,2024-04-01,Ben Sorensen,False,0,
deal,2024-Q2,Commit,Onboarding,,,D-01452,BoldDynamics B.V.,Mid-Market,Sales-led,43704.28,7.0,2024-04-29,Ben Sorensen,False,0,
deal,2024-Q2,Onboarding,Adoption,,,D-01452,BoldDynamics B.V.,Mid-Market,Sales-led,43704.28,18.0,2024-05-06,Ben Sorensen,False,0,
deal,2024-Q2,Adoption,Renewal,,,D-01452,BoldDynamics B.V.,Mid-Market,Sales-led,43704.28,25.1,2024-05-24,Ben Sorensen,False,0,
deal,2024-Q2,Renewal,Expansion,,,D-01452,BoldDynamics B.V.,Mid-Market,Sales-led,43704.28,16.7,2024-06-18,Ben Sorensen,False,0,
deal,2024-Q2,Expansion,,,,D-01452,BoldDynamics B.V.,Mid-Market,Sales-led,43704.28,33.4,2024-07-04,Ben Sorensen,False,19414.81,
deal,2024-Q2,Selection,,,,D-01453,KestrelSolutions & Co.,Mid-Market,PLG,21587.62,12.0,2024-04-01,Tariq Aziz,False,0,True
deal,2024-Q2,Selection,Commit,,,D-01454,SwiftSystems & Co.,Mid-Market,Sales-led,42005.63,10.9,2024-04-01,Declan Byrne,False,0,
deal,2024-Q2,Commit,Onboarding,,,D-01454,SwiftSystems & Co.,Mid-Market,Sales-led,42005.63,5.7,2024-04-11,Declan Byrne,False,0,
deal,2024-Q2,Onboarding,Adoption,,,D-01454,SwiftSystems & Co.,Mid-Market,Sales-led,42005.63,11.5,2024-04-16,Declan Byrne,False,0,
deal,2024-Q2,Adoption,Renewal,,,D-01454,SwiftSystems & Co.,Mid-Market,Sales-led,42005.63,48.9,2024-04-27,Declan Byrne,False,0,
deal,2024-Q2,Renewal,Expansion,,,D-01454,SwiftSystems & Co.,Mid-Market,Sales-led,42005.63,27.2,2024-06-14,Declan Byrne,False,0,
deal,2024-Q2,Expansion,,,,D-01454,SwiftSystems & Co.,Mid-Market,Sales-led,42005.63,35.1,2024-07-11,Declan Byrne,False,8748.65,
deal,2024-Q2,Selection,,,,D-01455,SwiftFinance Ltd.,Mid-Market,PLG,29570.13,20.8,2024-04-01,Marcus Webb,False,0,True
deal,2024-Q2,Selection,Commit,,,D-01456,SilverLabs B.V.,Mid-Market,PLG,26273.52,23.8,2024-04-01,Liam Fitzgerald,False,0,True
deal,2024-Q2,Commit,Onboarding,,,D-01456,SilverLabs B.V.,Mid-Market,PLG,26273.52,2.9,2024-04-24,Liam Fitzgerald,False,0,True
deal,2024-Q2,Onboarding,Adoption,,,D-01456,SilverLabs B.V.,Mid-Market,PLG,26273.52,11.4,2024-04-26,Liam Fitzgerald,False,0,True
deal,2024-Q2,Adoption,Renewal,,,D-01456,SilverLabs B.V.,Mid-Market,PLG,26273.52,48.5,2024-05-07,Liam Fitzgerald,False,0,True
deal,2024-Q2,Renewal,Expansion,,,D-01456,SilverLabs B.V.,Mid-Market,PLG,26273.52,29.9,2024-06-24,Liam Fitzgerald,False,0,True
deal,2024-Q2,Expansion,,,,D-01456,SilverLabs B.V.,Mid-Market,PLG,26273.52,40.5,2024-07-23,Liam Fitzgerald,False,0.0,True
deal,2024-Q2,Selection,,,,D-01457,PrimeAnalytics Inc.,Mid-Market,PLG,37153.58,6.3,2024-04-01,Rian de Groot,False,0,False
deal,2024-Q2,Selection,,,,D-01458,SolsticeData Inc.,Mid-Market,Sales-led,27280.05,17.9,2024-04-01,Marcus Webb,False,0,
deal,2024-Q2,Selection,,,,D-01459,PrimeStudio Group,Mid-Market,Sales-led,126982.06,10.4,2024-04-01,Liam Fitzgerald,False,0,
deal,2024-Q2,Selection,,,,D-01460,SwiftSystems & Co.,Mid-Market,Sales-led,33243.02,13.0,2024-04-01,Yuki Tanaka,False,0,
deal,2024-Q2,Selection,,,,D-01461,RapidLabs GmbH,Mid-Market,Sales-led,39683.62,13.7,2024-04-01,Noor Haddad,False,0,
deal,2024-Q2,Selection,,,,D-01462,PrimeAnalytics Inc.,Mid-Market,PLG,15229.83,33.7,2024-04-01,Noor Haddad,False,0,True
deal,2024-Q2,Selection,,,,D-01463,ClearData Inc.,Mid-Market,PLG,27431.68,16.5,2024-04-01,Liam Fitzgerald,False,0,False
deal,2024-Q2,Selection,Commit,,,D-01464,KestrelCloud Inc.,Mid-Market,Sales-led,49687.75,26.4,2024-04-01,Yuki Tanaka,False,0,
deal,2024-Q2,Commit,Onboarding,,,D-01464,KestrelCloud Inc.,Mid-Market,Sales-led,49687.75,7.1,2024-04-27,Yuki Tanaka,False,0,
deal,2024-Q2,Onboarding,Adoption,,,D-01464,KestrelCloud Inc.,Mid-Market,Sales-led,49687.75,21.9,2024-05-04,Yuki Tanaka,False,0,
deal,2024-Q2,Adoption,Renewal,,,D-01464,KestrelCloud Inc.,Mid-Market,Sales-led,49687.75,72.3,2024-05-25,Yuki Tanaka,False,0,
deal,2024-Q2,Renewal,Expansion,,,D-01464,KestrelCloud Inc.,Mid-Market,Sales-led,49687.75,16.7,2024-08-05,Yuki Tanaka,False,0,
deal,2024-Q2,Expansion,,,,D-01464,KestrelCloud Inc.,Mid-Market,Sales-led,49687.75,38.7,2024-08-21,Yuki Tanaka,False,0.0,
deal,2024-Q2,Selection,,,,D-01465,NorthernLogistics GmbH,Mid-Market,PLG,12855.81,26.4,2024-04-01,Callum Reid,False,0,False
deal,2024-Q2,Selection,,,,D-01466,BlueSystems Ltd.,Mid-Market,Sales-led,67045.41,33.1,2024-04-01,Elena Petrova,False,0,
deal,2024-Q2,Selection,,,,D-01467,SwiftWorks Inc.,Mid-Market,PLG,27152.51,20.3,2024-04-01,Amara Okafor,False,0,False
deal,2024-Q2,Selection,,,,D-01468,NovaAnalytics GmbH,Mid-Market,Sales-led,27286.21,25.0,2024-04-01,Tariq Aziz,False,0,
deal,2024-Q2,Selection,,,,D-01469,BoldRobotics B.V.,Mid-Market,Sales-led,37155.8,35.6,2024-04-01,Declan Byrne,False,0,
deal,2024-Q2,Selection,,,,D-01470,RapidHealth GmbH,Mid-Market,Sales-led,63027.95,15.2,2024-04-01,Aisling Kelly,False,0,
deal,2024-Q2,Selection,Commit,,,D-01471,BrightMetrics & Co.,Mid-Market,PLG,17969.14,16.4,2024-04-01,Rian de Groot,False,0,True
deal,2024-Q2,Commit,Onboarding,,,D-01471,BrightMetrics & Co.,Mid-Market,PLG,17969.14,4.1,2024-04-17,Rian de Groot,False,0,True
deal,2024-Q2,Onboarding,Adoption,,,D-01471,BrightMetrics & Co.,Mid-Market,PLG,17969.14,15.4,2024-04-21,Rian de Groot,False,0,True
deal,2024-Q2,Adoption,Renewal,,,D-01471,BrightMetrics & Co.,Mid-Market,PLG,17969.14,95.3,2024-05-06,Rian de Groot,False,0,True
deal,2024-Q2,Renewal,Expansion,,,D-01471,BrightMetrics & Co.,Mid-Market,PLG,17969.14,11.0,2024-08-09,Rian de Groot,False,0,True
deal,2024-Q2,Expansion,,,,D-01471,BrightMetrics & Co.,Mid-Market,PLG,17969.14,33.7,2024-08-20,Rian de Groot,False,3871.36,True
deal,2024-Q2,Selection,,,,D-01472,MeridianDynamics & Co.,Mid-Market,PLG,34851.12,13.1,2024-04-01,Yuki Tanaka,False,0,False
deal,2024-Q2,Selection,Commit,,,D-01473,AmberDynamics & Co.,Mid-Market,Sales-led,66301.11,20.6,2024-04-01,Aisling Kelly,False,0,
deal,2024-Q2,Commit,Onboarding,,,D-01473,AmberDynamics & Co.,Mid-Market,Sales-led,66301.11,4.5,2024-04-21,Aisling Kelly,False,0,
deal,2024-Q2,Onboarding,Adoption,,,D-01473,AmberDynamics & Co.,Mid-Market,Sales-led,66301.11,16.5,2024-04-25,Aisling Kelly,False,0,
deal,2024-Q2,Adoption,Renewal,,,D-01473,AmberDynamics & Co.,Mid-Market,Sales-led,66301.11,63.5,2024-05-11,Aisling Kelly,False,0,
deal,2024-Q2,Renewal,Expansion,,,D-01473,AmberDynamics & Co.,Mid-Market,Sales-led,66301.11,23.4,2024-07-13,Aisling Kelly,False,0,
deal,2024-Q2,Expansion,,,,D-01473,AmberDynamics & Co.,Mid-Market,Sales-led,66301.11,46.9,2024-08-05,Aisling Kelly,False,23711.37,
deal,2024-Q2,Selection,,,,D-01474,PrimeSignal B.V.,Mid-Market,PLG,23257.9,12.6,2024-04-01,Ingrid Johansson,False,0,True
deal,2024-Q2,Selection,,,,D-01475,SilverSignal B.V.,Mid-Market,Sales-led,54578.92,14.7,2024-04-01,Priya Natarajan,False,0,
deal,2024-Q2,Selection,,,,D-01476,NovaSystems Group,Mid-Market,Sales-led,47205.01,48.6,2024-04-01,Sofia Marchetti,False,0,
deal,2024-Q2,Selection,Commit,,,D-01477,NorthernSignal B.V.,Mid-Market,Sales-led,46789.39,41.3,2024-04-01,Marcus Webb,False,0,
deal,2024-Q2,Commit,Onboarding,,,D-01477,NorthernSignal B.V.,Mid-Market,Sales-led,46789.39,10.1,2024-05-12,Marcus Webb,False,0,
deal,2024-Q2,Onboarding,Adoption,,,D-01477,NorthernSignal B.V.,Mid-Market,Sales-led,46789.39,14.4,2024-05-22,Marcus Webb,False,0,
deal,2024-Q2,Adoption,Renewal,,,D-01477,NorthernSignal B.V.,Mid-Market,Sales-led,46789.39,59.2,2024-06-05,Marcus Webb,False,0,
deal,2024-Q2,Renewal,Expansion,,,D-01477,NorthernSignal B.V.,Mid-Market,Sales-led,46789.39,16.8,2024-08-03,Marcus Webb,False,0,
deal,2024-Q2,Expansion,,,,D-01477,NorthernSignal B.V.,Mid-Market,Sales-led,46789.39,49.2,2024-08-19,Marcus Webb,False,0.0,
deal,2024-Q2,Selection,Commit,,,D-01478,CedarDynamics Group,Mid-Market,PLG,22909.12,31.8,2024-04-01,Elena Petrova,False,0,True
deal,2024-Q2,Commit,Onboarding,,,D-01478,CedarDynamics Group,Mid-Market,PLG,22909.12,1.4,2024-05-02,Elena Petrova,False,0,True
deal,2024-Q2,Onboarding,Adoption,,,D-01478,CedarDynamics Group,Mid-Market,PLG,22909.12,25.0,2024-05-03,Elena Petrova,False,0,True
deal,2024-Q2,Adoption,Renewal,,,D-01478,CedarDynamics Group,Mid-Market,PLG,22909.12,61.1,2024-05-28,Elena Petrova,False,0,True
deal,2024-Q2,Renewal,Expansion,,,D-01478,CedarDynamics Group,Mid-Market,PLG,22909.12,25.1,2024-07-28,Elena Petrova,False,0,True
deal,2024-Q2,Expansion,,,,D-01478,CedarDynamics Group,Mid-Market,PLG,22909.12,39.1,2024-08-22,Elena Petrova,False,0.0,True
deal,2024-Q2,Selection,Commit,,,D-01479,BoldRobotics B.V.,Mid-Market,PLG,29507.79,11.4,2024-04-01,Declan Byrne,False,0,True
deal,2024-Q2,Commit,Onboarding,,,D-01479,BoldRobotics B.V.,Mid-Market,PLG,29507.79,3.9,2024-04-12,Declan Byrne,False,0,True
deal,2024-Q2,Onboarding,Adoption,,,D-01479,BoldRobotics B.V.,Mid-Market,PLG,29507.79,28.1,2024-04-15,Declan Byrne,False,0,True
deal,2024-Q2,Adoption,Renewal,,,D-01479,BoldRobotics B.V.,Mid-Market,PLG,29507.79,40.3,2024-05-13,Declan Byrne,False,0,True
deal,2024-Q2,Renewal,,,,D-01479,BoldRobotics B.V.,Mid-Market,PLG,29507.79,31.9,2024-06-22,Declan Byrne,True,0,True
deal,2024-Q2,Selection,Commit,,,D-01480,KestrelCloud Ltd.,Mid-Market,PLG,34073.84,8.2,2024-04-01,Elena Petrova,False,0,True
deal,2024-Q2,Commit,Onboarding,,,D-01480,KestrelCloud Ltd.,Mid-Market,PLG,34073.84,2.0,2024-04-09,Elena Petrova,False,0,True
deal,2024-Q2,Onboarding,Adoption,,,D-01480,KestrelCloud Ltd.,Mid-Market,PLG,34073.84,18.6,2024-04-11,Elena Petrova,False,0,True
deal,2024-Q2,Adoption,Renewal,,,D-01480,KestrelCloud Ltd.,Mid-Market,PLG,34073.84,26.0,2024-04-29,Elena Petrova,False,0,True
deal,2024-Q2,Renewal,Expansion,,,D-01480,KestrelCloud Ltd.,Mid-Market,PLG,34073.84,24.1,2024-05-25,Elena Petrova,False,0,True
deal,2024-Q2,Expansion,,,,D-01480,KestrelCloud Ltd.,Mid-Market,PLG,34073.84,54.8,2024-06-18,Elena Petrova,False,0.0,True
deal,2024-Q2,Selection,,,,D-01481,AmberFinance Group,Mid-Market,Sales-led,47800.99,24.6,2024-04-01,Noor Haddad,False,0,
deal,2024-Q2,Selection,Commit,,,D-01482,AmberLabs Group,Mid-Market,PLG,29190.91,20.6,2024-04-01,Fatima Zahra,False,0,True
deal,2024-Q2,Commit,Onboarding,,,D-01482,AmberLabs Group,Mid-Market,PLG,29190.91,4.3,2024-04-21,Fatima Zahra,False,0,True
deal,2024-Q2,Onboarding,Adoption,,,D-01482,AmberLabs Group,Mid-Market,PLG,29190.91,10.9,2024-04-25,Fatima Zahra,False,0,True
deal,2024-Q2,Adoption,Renewal,,,D-01482,AmberLabs Group,Mid-Market,PLG,29190.91,52.0,2024-05-05,Fatima Zahra,False,0,True
deal,2024-Q2,Renewal,Expansion,,,D-01482,AmberLabs Group,Mid-Market,PLG,29190.91,37.6,2024-06-26,Fatima Zahra,False,0,True
deal,2024-Q2,Expansion,,,,D-01482,AmberLabs Group,Mid-Market,PLG,29190.91,37.2,2024-08-02,Fatima Zahra,False,9289.68,True
deal,2024-Q2,Selection,Commit,,,D-01483,KestrelFinance Group,Mid-Market,Sales-led,40453.88,24.8,2024-04-01,Fatima Zahra,False,0,
deal,2024-Q2,Commit,Onboarding,,,D-01483,KestrelFinance Group,Mid-Market,Sales-led,40453.88,10.4,2024-04-25,Fatima Zahra,False,0,
deal,2024-Q2,Onboarding,Adoption,,,D-01483,KestrelFinance Group,Mid-Market,Sales-led,40453.88,30.3,2024-05-05,Fatima Zahra,False,0,
deal,2024-Q2,Adoption,Renewal,,,D-01483,KestrelFinance Group,Mid-Market,Sales-led,40453.88,71.6,2024-06-04,Fatima Zahra,False,0,
deal,2024-Q2,Renewal,Expansion,,,D-01483,KestrelFinance Group,Mid-Market,Sales-led,40453.88,20.3,2024-08-14,Fatima Zahra,False,0,
deal,2024-Q2,Expansion,,,,D-01483,KestrelFinance Group,Mid-Market,Sales-led,40453.88,42.5,2024-09-03,Fatima Zahra,False,0.0,
deal,2024-Q2,Selection,,,,D-01484,VantageLabs GmbH,Mid-Market,Sales-led,43171.35,42.2,2024-04-01,Marcus Webb,False,0,
deal,2024-Q2,Selection,,,,D-01485,NovaData B.V.,Mid-Market,Sales-led,27494.21,20.3,2024-04-01,Callum Reid,False,0,
deal,2024-Q2,Selection,,,,D-01486,MeridianLogistics Inc.,Mid-Market,PLG,23338.91,9.6,2024-04-01,Liam Fitzgerald,False,0,True
deal,2024-Q2,Selection,Commit,,,D-01487,ClearStudio & Co.,Mid-Market,Sales-led,43316.04,15.4,2024-04-01,Ingrid Johansson,False,0,
deal,2024-Q2,Commit,Onboarding,,,D-01487,ClearStudio & Co.,Mid-Market,Sales-led,43316.04,5.3,2024-04-16,Ingrid Johansson,False,0,
deal,2024-Q2,Onboarding,Adoption,,,D-01487,ClearStudio & Co.,Mid-Market,Sales-led,43316.04,10.0,2024-04-21,Ingrid Johansson,False,0,
deal,2024-Q2,Adoption,Renewal,,,D-01487,ClearStudio & Co.,Mid-Market,Sales-led,43316.04,72.0,2024-05-01,Ingrid Johansson,False,0,
deal,2024-Q2,Renewal,Expansion,,,D-01487,ClearStudio & Co.,Mid-Market,Sales-led,43316.04,26.7,2024-07-12,Ingrid Johansson,False,0,
deal,2024-Q2,Expansion,,,,D-01487,ClearStudio & Co.,Mid-Market,Sales-led,43316.04,62.4,2024-08-07,Ingrid Johansson,False,9441.46,
deal,2024-Q2,Selection,,,,D-01488,BoldDynamics Ltd.,Mid-Market,Sales-led,55118.86,27.6,2024-04-01,Priya Natarajan,False,0,
deal,2024-Q2,Selection,,,,D-01489,RapidLabs Group,Mid-Market,Sales-led,38673.18,45.2,2024-04-01,Ingrid Johansson,False,0,
deal,2024-Q2,Selection,,,,D-01490,NovaFinance Group,Mid-Market,PLG,16704.36,13.2,2024-04-01,Liam Fitzgerald,False,0,True
deal,2024-Q2,Selection,,,,D-01491,AmberSignal B.V.,Mid-Market,PLG,11247.33,19.8,2024-04-01,Aisling Kelly,False,0,False
deal,2024-Q2,Selection,,,,D-01492,LucidRobotics Ltd.,Mid-Market,Sales-led,44852.41,19.8,2024-04-01,Priya Natarajan,False,0,
deal,2024-Q2,Selection,,,,D-01493,MeridianFinance & Co.,Mid-Market,PLG,30551.03,18.5,2024-04-01,Callum Reid,False,0,False
deal,2024-Q2,Selection,,,,D-01494,KestrelHealth Group,Mid-Market,Sales-led,39629.38,17.2,2024-04-01,Noor Haddad,False,0,
deal,2024-Q2,Selection,,,,D-01495,AmberSolutions & Co.,Mid-Market,PLG,23096.28,14.3,2024-04-01,Declan Byrne,False,0,False
deal,2024-Q2,Selection,Commit,,,D-01496,NovaSolutions Ltd.,Mid-Market,Sales-led,54714.0,43.1,2024-04-01,Declan Byrne,False,0,
deal,2024-Q2,Commit,Onboarding,,,D-01496,NovaSolutions Ltd.,Mid-Market,Sales-led,54714.0,5.8,2024-05-14,Declan Byrne,False,0,
deal,2024-Q2,Onboarding,Adoption,,,D-01496,NovaSolutions Ltd.,Mid-Market,Sales-led,54714.0,21.5,2024-05-19,Declan Byrne,False,0,
deal,2024-Q2,Adoption,Renewal,,,D-01496,NovaSolutions Ltd.,Mid-Market,Sales-led,54714.0,78.8,2024-06-09,Declan Byrne,False,0,
deal,2024-Q2,Renewal,Expansion,,,D-01496,NovaSolutions Ltd.,Mid-Market,Sales-led,54714.0,22.3,2024-08-26,Declan Byrne,False,0,
deal,2024-Q2,Expansion,,,,D-01496,NovaSolutions Ltd.,Mid-Market,Sales-led,54714.0,33.2,2024-09-17,Declan Byrne,False,0.0,
deal,2024-Q2,Selection,,,,D-01497,MeridianLogistics B.V.,Mid-Market,Sales-led,59293.83,19.6,2024-04-01,Aisling Kelly,False,0,
deal,2024-Q2,Selection,,,,D-01498,NorthernHealth Inc.,Mid-Market,Sales-led,51188.88,14.1,2024-04-01,Yuki Tanaka,False,0,
deal,2024-Q2,Selection,Commit,,,D-01499,BrightAnalytics GmbH,Mid-Market,PLG,9520.6,14.7,2024-04-01,Amara Okafor,False,0,True
deal,2024-Q2,Commit,Onboarding,,,D-01499,BrightAnalytics GmbH,Mid-Market,PLG,9520.6,4.3,2024-04-15,Amara Okafor,False,0,True
deal,2024-Q2,Onboarding,Adoption,,,D-01499,BrightAnalytics GmbH,Mid-Market,PLG,9520.6,19.1,2024-04-19,Amara Okafor,False,0,True
deal,2024-Q2,Adoption,Renewal,,,D-01499,BrightAnalytics GmbH,Mid-Market,PLG,9520.6,75.9,2024-05-08,Amara Okafor,False,0,True
deal,2024-Q2,Renewal,Expansion,,,D-01499,BrightAnalytics GmbH,Mid-Market,PLG,9520.6,28.2,2024-07-22,Amara Okafor,False,0,True
deal,2024-Q2,Expansion,,,,D-01499,BrightAnalytics GmbH,Mid-Market,PLG,9520.6,60.5,2024-08-19,Amara Okafor,False,0.0,True
deal,2024-Q2,Selection,,,,D-01500,VantageFinance Ltd.,Mid-Market,Sales-led,36747.82,45.4,2024-04-01,Rian de Groot,False,0,
deal,2024-Q2,Selection,,,,D-01501,NovaRobotics Group,Mid-Market,Sales-led,24319.84,26.9,2024-04-01,Priya Natarajan,False,0,
deal,2024-Q2,Selection,,,,D-01502,LucidAnalytics B.V.,Mid-Market,Sales-led,31615.57,20.6,2024-04-01,Sofia Marchetti,False,0,
deal,2024-Q2,Selection,Commit,,,D-01503,BrightSystems Ltd.,Mid-Market,PLG,24189.86,16.8,2024-04-01,Rian de Groot,False,0,True
deal,2024-Q2,Commit,Onboarding,,,D-01503,BrightSystems Ltd.,Mid-Market,PLG,24189.86,2.7,2024-04-17,Rian de Groot,False,0,True
deal,2024-Q2,Onboarding,Adoption,,,D-01503,BrightSystems Ltd.,Mid-Market,PLG,24189.86,20.1,2024-04-19,Rian de Groot,False,0,True
deal,2024-Q2,Adoption,Renewal,,,D-01503,BrightSystems Ltd.,Mid-Market,PLG,24189.86,97.6,2024-05-09,Rian de Groot,False,0,True
deal,2024-Q2,Renewal,Expansion,,,D-01503,BrightSystems Ltd.,Mid-Market,PLG,24189.86,37.8,2024-08-14,Rian de Groot,False,0,True
deal,2024-Q2,Expansion,,,,D-01503,BrightSystems Ltd.,Mid-Market,PLG,24189.86,35.1,2024-09-20,Rian de Groot,False,7118.86,True
deal,2024-Q2,Selection,,,,D-01504,MeridianSolutions GmbH,Mid-Market,Sales-led,46929.81,21.5,2024-04-01,Liam Fitzgerald,False,0,
deal,2024-Q2,Selection,,,,D-01505,MeridianHealth GmbH,Mid-Market,PLG,31425.16,9.2,2024-04-01,Declan Byrne,False,0,False
deal,2024-Q2,Selection,,,,D-01506,SilverRobotics Ltd.,Mid-Market,Sales-led,84728.69,20.7,2024-04-01,Priya Natarajan,False,0,
deal,2024-Q2,Selection,,,,D-01507,ClearMetrics B.V.,Mid-Market,PLG,32159.59,14.5,2024-04-01,Noor Haddad,False,0,False
deal,2024-Q2,Selection,,,,D-01508,SolsticeSolutions Group,Mid-Market,PLG,19730.07,9.6,2024-04-01,Sofia Marchetti,False,0,False
deal,2024-Q2,Selection,,,,D-01509,NovaSolutions Ltd.,Mid-Market,Sales-led,32983.15,35.3,2024-04-01,Fatima Zahra,False,0,
deal,2024-Q2,Selection,Commit,,,D-01510,PrimeLabs Inc.,Mid-Market,Sales-led,65017.3,26.1,2024-04-01,Declan Byrne,False,0,
deal,2024-Q2,Commit,Onboarding,,,D-01510,PrimeLabs Inc.,Mid-Market,Sales-led,65017.3,5.8,2024-04-27,Declan Byrne,False,0,
deal,2024-Q2,Onboarding,Adoption,,,D-01510,PrimeLabs Inc.,Mid-Market,Sales-led,65017.3,20.0,2024-05-02,Declan Byrne,False,0,
deal,2024-Q2,Adoption,Renewal,,,D-01510,PrimeLabs Inc.,Mid-Market,Sales-led,65017.3,55.3,2024-05-22,Declan Byrne,False,0,
deal,2024-Q2,Renewal,Expansion,,,D-01510,PrimeLabs Inc.,Mid-Market,Sales-led,65017.3,11.9,2024-07-16,Declan Byrne,False,0,
deal,2024-Q2,Expansion,,,,D-01510,PrimeLabs Inc.,Mid-Market,Sales-led,65017.3,27.9,2024-07-27,Declan Byrne,False,0.0,
deal,2024-Q2,Selection,Commit,,,D-01511,BoldAnalytics & Co.,Mid-Market,Sales-led,31779.83,31.5,2024-04-01,Tariq Aziz,False,0,
deal,2024-Q2,Commit,Onboarding,,,D-01511,BoldAnalytics & Co.,Mid-Market,Sales-led,31779.83,8.7,2024-05-02,Tariq Aziz,False,0,
deal,2024-Q2,Onboarding,Adoption,,,D-01511,BoldAnalytics & Co.,Mid-Market,Sales-led,31779.83,18.9,2024-05-10,Tariq Aziz,False,0,
deal,2024-Q2,Adoption,Renewal,,,D-01511,BoldAnalytics & Co.,Mid-Market,Sales-led,31779.83,48.3,2024-05-28,Tariq Aziz,False,0,
deal,2024-Q2,Renewal,Expansion,,,D-01511,BoldAnalytics & Co.,Mid-Market,Sales-led,31779.83,31.4,2024-07-15,Tariq Aziz,False,0,
deal,2024-Q2,Expansion,,,,D-01511,BoldAnalytics & Co.,Mid-Market,Sales-led,31779.83,20.3,2024-08-15,Tariq Aziz,False,7215.82,
deal,2024-Q2,Selection,,,,D-01512,KestrelAnalytics Ltd.,Mid-Market,Sales-led,41791.89,68.9,2024-04-01,Aisling Kelly,False,0,
deal,2024-Q2,Selection,Commit,,,D-01513,HarborCommerce & Co.,Mid-Market,Sales-led,20094.27,38.2,2024-04-01,Aisling Kelly,False,0,
deal,2024-Q2,Commit,Onboarding,,,D-01513,HarborCommerce & Co.,Mid-Market,Sales-led,20094.27,4.0,2024-05-09,Aisling Kelly,False,0,
deal,2024-Q2,Onboarding,Adoption,,,D-01513,HarborCommerce & Co.,Mid-Market,Sales-led,20094.27,27.9,2024-05-13,Aisling Kelly,False,0,
deal,2024-Q2,Adoption,Renewal,,,D-01513,HarborCommerce & Co.,Mid-Market,Sales-led,20094.27,55.3,2024-06-09,Aisling Kelly,False,0,
deal,2024-Q2,Renewal,Expansion,,,D-01513,HarborCommerce & Co.,Mid-Market,Sales-led,20094.27,33.8,2024-08-03,Aisling Kelly,False,0,
deal,2024-Q2,Expansion,,,,D-01513,HarborCommerce & Co.,Mid-Market,Sales-led,20094.27,42.2,2024-09-05,Aisling Kelly,False,7453.86,
deal,2024-Q2,Selection,,,,D-01514,SilverLabs Group,Mid-Market,Sales-led,38753.35,26.7,2024-04-01,Noor Haddad,False,0,
deal,2024-Q2,Selection,,,,D-01515,MeridianRobotics Group,Mid-Market,Sales-led,42052.67,45.8,2024-04-01,Ingrid Johansson,False,0,
deal,2024-Q2,Selection,Commit,,,D-01516,ClearAnalytics B.V.,Mid-Market,PLG,33421.07,17.0,2024-04-01,Declan Byrne,False,0,True
deal,2024-Q2,Commit,Onboarding,,,D-01516,ClearAnalytics B.V.,Mid-Market,PLG,33421.07,2.4,2024-04-18,Declan Byrne,False,0,True
deal,2024-Q2,Onboarding,Adoption,,,D-01516,ClearAnalytics B.V.,Mid-Market,PLG,33421.07,30.5,2024-04-20,Declan Byrne,False,0,True
deal,2024-Q2,Adoption,Renewal,,,D-01516,ClearAnalytics B.V.,Mid-Market,PLG,33421.07,78.7,2024-05-20,Declan Byrne,False,0,True
deal,2024-Q2,Renewal,Expansion,,,D-01516,ClearAnalytics B.V.,Mid-Market,PLG,33421.07,29.7,2024-08-06,Declan Byrne,False,0,True
deal,2024-Q2,Expansion,,,,D-01516,ClearAnalytics B.V.,Mid-Market,PLG,33421.07,35.9,2024-09-04,Declan Byrne,False,14069.0,True
deal,2024-Q2,Selection,,,,D-01517,MeridianLogistics & Co.,Mid-Market,Sales-led,100139.02,31.0,2024-04-01,Declan Byrne,False,0,
deal,2024-Q2,Selection,,,,D-01518,BoldRobotics GmbH,Mid-Market,Sales-led,75967.58,13.5,2024-04-01,Yuki Tanaka,False,0,
deal,2024-Q2,Selection,,,,D-01519,VantageDynamics GmbH,Mid-Market,Sales-led,28316.89,28.6,2024-04-01,Aisling Kelly,False,0,
deal,2024-Q2,Selection,,,,D-01520,KestrelWorks Group,Mid-Market,Sales-led,28674.09,29.3,2024-04-01,Declan Byrne,False,0,
deal,2024-Q2,Selection,,,,D-01521,MeridianAnalytics B.V.,Mid-Market,PLG,25292.16,17.4,2024-04-01,Yuki Tanaka,False,0,True
deal,2024-Q2,Selection,,,,D-01522,VantageDynamics & Co.,Mid-Market,Sales-led,52511.11,21.2,2024-04-01,Rian de Groot,False,0,
deal,2024-Q2,Selection,Commit,,,D-01523,ClearCommerce GmbH,Mid-Market,PLG,24230.61,16.0,2024-04-01,Priya Natarajan,False,0,True
deal,2024-Q2,Commit,Onboarding,,,D-01523,ClearCommerce GmbH,Mid-Market,PLG,24230.61,5.2,2024-04-17,Priya Natarajan,False,0,True
deal,2024-Q2,Onboarding,Adoption,,,D-01523,ClearCommerce GmbH,Mid-Market,PLG,24230.61,29.3,2024-04-22,Priya Natarajan,False,0,True
deal,2024-Q2,Adoption,Renewal,,,D-01523,ClearCommerce GmbH,Mid-Market,PLG,24230.61,67.9,2024-05-21,Priya Natarajan,False,0,True
deal,2024-Q2,Renewal,Expansion,,,D-01523,ClearCommerce GmbH,Mid-Market,PLG,24230.61,45.7,2024-07-27,Priya Natarajan,False,0,True
deal,2024-Q2,Expansion,,,,D-01523,ClearCommerce GmbH,Mid-Market,PLG,24230.61,15.3,2024-09-10,Priya Natarajan,False,0.0,True
deal,2024-Q3,Selection,Commit,,,D-01524,SolsticeSignal GmbH,Mid-Market,PLG,50737.76,31.1,2024-07-01,Elena Petrova,False,0,True
deal,2024-Q3,Commit,Onboarding,,,D-01524,SolsticeSignal GmbH,Mid-Market,PLG,50737.76,2.2,2024-08-01,Elena Petrova,False,0,True
deal,2024-Q3,Onboarding,Adoption,,,D-01524,SolsticeSignal GmbH,Mid-Market,PLG,50737.76,16.4,2024-08-03,Elena Petrova,False,0,True
deal,2024-Q3,Adoption,Renewal,,,D-01524,SolsticeSignal GmbH,Mid-Market,PLG,50737.76,44.1,2024-08-19,Elena Petrova,False,0,True
deal,2024-Q3,Renewal,Expansion,,,D-01524,SolsticeSignal GmbH,Mid-Market,PLG,50737.76,23.5,2024-10-02,Elena Petrova,False,0,True
deal,2024-Q3,Expansion,,,,D-01524,SolsticeSignal GmbH,Mid-Market,PLG,50737.76,19.8,2024-10-25,Elena Petrova,False,19030.11,True
deal,2024-Q3,Selection,,,,D-01525,ClearDynamics Inc.,Mid-Market,PLG,23768.16,10.1,2024-07-01,Ben Sorensen,False,0,False
deal,2024-Q3,Selection,,,,D-01526,BlueCloud Group,Mid-Market,PLG,24158.04,6.5,2024-07-01,Aisling Kelly,False,0,False
deal,2024-Q3,Selection,Commit,,,D-01527,MeridianHealth Group,Mid-Market,Sales-led,42635.08,24.9,2024-07-01,Amara Okafor,False,0,
deal,2024-Q3,Commit,Onboarding,,,D-01527,MeridianHealth Group,Mid-Market,Sales-led,42635.08,4.5,2024-07-25,Amara Okafor,False,0,
deal,2024-Q3,Onboarding,Adoption,,,D-01527,MeridianHealth Group,Mid-Market,Sales-led,42635.08,9.9,2024-07-29,Amara Okafor,False,0,
deal,2024-Q3,Adoption,Renewal,,,D-01527,MeridianHealth Group,Mid-Market,Sales-led,42635.08,55.5,2024-08-07,Amara Okafor,False,0,
deal,2024-Q3,Renewal,Expansion,,,D-01527,MeridianHealth Group,Mid-Market,Sales-led,42635.08,19.5,2024-10-01,Amara Okafor,False,0,
deal,2024-Q3,Expansion,,,,D-01527,MeridianHealth Group,Mid-Market,Sales-led,42635.08,24.5,2024-10-20,Amara Okafor,False,0.0,
deal,2024-Q3,Selection,,,,D-01528,SilverHealth Ltd.,Mid-Market,Sales-led,82892.08,16.0,2024-07-01,Amara Okafor,False,0,
deal,2024-Q3,Selection,,,,D-01529,VantageData GmbH,Mid-Market,PLG,27394.06,27.9,2024-07-01,Amara Okafor,False,0,False
deal,2024-Q3,Selection,,,,D-01530,VantageCloud Group,Mid-Market,Sales-led,74407.77,15.2,2024-07-01,Fatima Zahra,False,0,
deal,2024-Q3,Selection,Commit,,,D-01531,VantageData & Co.,Mid-Market,Sales-led,43868.0,30.3,2024-07-01,Amara Okafor,False,0,
deal,2024-Q3,Commit,Onboarding,,,D-01531,VantageData & Co.,Mid-Market,Sales-led,43868.0,3.3,2024-07-31,Amara Okafor,False,0,
deal,2024-Q3,Onboarding,Adoption,,,D-01531,VantageData & Co.,Mid-Market,Sales-led,43868.0,16.2,2024-08-03,Amara Okafor,False,0,
deal,2024-Q3,Adoption,Renewal,,,D-01531,VantageData & Co.,Mid-Market,Sales-led,43868.0,78.1,2024-08-19,Amara Okafor,False,0,
deal,2024-Q3,Renewal,Expansion,,,D-01531,VantageData & Co.,Mid-Market,Sales-led,43868.0,17.7,2024-11-05,Amara Okafor,False,0,
deal,2024-Q3,Expansion,,,,D-01531,VantageData & Co.,Mid-Market,Sales-led,43868.0,43.2,2024-11-22,Amara Okafor,False,12955.72,
deal,2024-Q3,Selection,Commit,,,D-01532,CedarMetrics B.V.,Mid-Market,PLG,25335.91,16.9,2024-07-01,Liam Fitzgerald,False,0,True
deal,2024-Q3,Commit,Onboarding,,,D-01532,CedarMetrics B.V.,Mid-Market,PLG,25335.91,2.2,2024-07-17,Liam Fitzgerald,False,0,True
deal,2024-Q3,Onboarding,Adoption,,,D-01532,CedarMetrics B.V.,Mid-Market,PLG,25335.91,19.1,2024-07-19,Liam Fitzgerald,False,0,True
deal,2024-Q3,Adoption,Renewal,,,D-01532,CedarMetrics B.V.,Mid-Market,PLG,25335.91,43.4,2024-08-07,Liam Fitzgerald,False,0,True
deal,2024-Q3,Renewal,Expansion,,,D-01532,CedarMetrics B.V.,Mid-Market,PLG,25335.91,39.8,2024-09-19,Liam Fitzgerald,False,0,True
deal,2024-Q3,Expansion,,,,D-01532,CedarMetrics B.V.,Mid-Market,PLG,25335.91,35.2,2024-10-28,Liam Fitzgerald,False,0.0,True
deal,2024-Q3,Selection,,,,D-01533,AmberAnalytics GmbH,Mid-Market,Sales-led,59465.06,30.1,2024-07-01,Tariq Aziz,False,0,
deal,2024-Q3,Selection,Commit,,,D-01534,RapidSystems Ltd.,Mid-Market,Sales-led,56378.54,26.6,2024-07-01,Fatima Zahra,False,0,
deal,2024-Q3,Commit,Onboarding,,,D-01534,RapidSystems Ltd.,Mid-Market,Sales-led,56378.54,19.2,2024-07-27,Fatima Zahra,False,0,
deal,2024-Q3,Onboarding,Adoption,,,D-01534,RapidSystems Ltd.,Mid-Market,Sales-led,56378.54,22.2,2024-08-15,Fatima Zahra,False,0,
deal,2024-Q3,Adoption,Renewal,,,D-01534,RapidSystems Ltd.,Mid-Market,Sales-led,56378.54,56.4,2024-09-06,Fatima Zahra,False,0,
deal,2024-Q3,Renewal,Expansion,,,D-01534,RapidSystems Ltd.,Mid-Market,Sales-led,56378.54,37.3,2024-11-01,Fatima Zahra,False,0,
deal,2024-Q3,Expansion,,,,D-01534,RapidSystems Ltd.,Mid-Market,Sales-led,56378.54,60.6,2024-12-08,Fatima Zahra,False,18668.92,
deal,2024-Q3,Selection,,,,D-01535,MeridianLabs Inc.,Mid-Market,Sales-led,38620.42,52.2,2024-07-01,Declan Byrne,False,0,
deal,2024-Q3,Selection,,,,D-01536,PrimeLogistics GmbH,Mid-Market,PLG,26342.88,11.5,2024-07-01,Liam Fitzgerald,False,0,True
deal,2024-Q3,Selection,Commit,,,D-01537,PrimeLogistics Group,Mid-Market,Sales-led,38449.37,23.9,2024-07-01,Yuki Tanaka,False,0,
deal,2024-Q3,Commit,Onboarding,,,D-01537,PrimeLogistics Group,Mid-Market,Sales-led,38449.37,3.1,2024-07-24,Yuki Tanaka,False,0,
deal,2024-Q3,Onboarding,Adoption,,,D-01537,PrimeLogistics Group,Mid-Market,Sales-led,38449.37,27.1,2024-07-27,Yuki Tanaka,False,0,
deal,2024-Q3,Adoption,Renewal,,,D-01537,PrimeLogistics Group,Mid-Market,Sales-led,38449.37,49.1,2024-08-23,Yuki Tanaka,False,0,
deal,2024-Q3,Renewal,Expansion,,,D-01537,PrimeLogistics Group,Mid-Market,Sales-led,38449.37,21.9,2024-10-11,Yuki Tanaka,False,0,
deal,2024-Q3,Expansion,,,,D-01537,PrimeLogistics Group,Mid-Market,Sales-led,38449.37,48.0,2024-11-01,Yuki Tanaka,False,16165.02,
deal,2024-Q3,Selection,,,,D-01538,SilverCloud B.V.,Mid-Market,Sales-led,46929.31,25.5,2024-07-01,Liam Fitzgerald,False,0,
deal,2024-Q3,Selection,,,,D-01539,SwiftSystems Inc.,Mid-Market,Sales-led,35057.1,29.1,2024-07-01,Callum Reid,False,0,
deal,2024-Q3,Selection,,,,D-01540,VantageLabs & Co.,Mid-Market,PLG,37060.81,18.9,2024-07-01,Noor Haddad,False,0,False
deal,2024-Q3,Selection,Commit,,,D-01541,SwiftAnalytics & Co.,Mid-Market,Sales-led,33394.89,21.6,2024-07-01,Rian de Groot,False,0,
deal,2024-Q3,Commit,Onboarding,,,D-01541,SwiftAnalytics & Co.,Mid-Market,Sales-led,33394.89,6.0,2024-07-22,Rian de Groot,False,0,
deal,2024-Q3,Onboarding,Adoption,,,D-01541,SwiftAnalytics & Co.,Mid-Market,Sales-led,33394.89,31.6,2024-07-28,Rian de Groot,False,0,
deal,2024-Q3,Adoption,Renewal,,,D-01541,SwiftAnalytics & Co.,Mid-Market,Sales-led,33394.89,74.2,2024-08-28,Rian de Groot,False,0,
deal,2024-Q3,Renewal,Expansion,,,D-01541,SwiftAnalytics & Co.,Mid-Market,Sales-led,33394.89,15.1,2024-11-10,Rian de Groot,False,0,
deal,2024-Q3,Expansion,,,,D-01541,SwiftAnalytics & Co.,Mid-Market,Sales-led,33394.89,42.2,2024-11-25,Rian de Groot,False,14445.72,
deal,2024-Q3,Selection,Commit,,,D-01542,SilverLabs GmbH,Mid-Market,Sales-led,32177.56,31.1,2024-07-01,Fatima Zahra,False,0,
deal,2024-Q3,Commit,Onboarding,,,D-01542,SilverLabs GmbH,Mid-Market,Sales-led,32177.56,9.5,2024-08-01,Fatima Zahra,False,0,
deal,2024-Q3,Onboarding,Adoption,,,D-01542,SilverLabs GmbH,Mid-Market,Sales-led,32177.56,36.3,2024-08-10,Fatima Zahra,False,0,
deal,2024-Q3,Adoption,Renewal,,,D-01542,SilverLabs GmbH,Mid-Market,Sales-led,32177.56,63.6,2024-09-15,Fatima Zahra,False,0,
deal,2024-Q3,Renewal,Expansion,,,D-01542,SilverLabs GmbH,Mid-Market,Sales-led,32177.56,20.5,2024-11-17,Fatima Zahra,False,0,
deal,2024-Q3,Expansion,,,,D-01542,SilverLabs GmbH,Mid-Market,Sales-led,32177.56,71.0,2024-12-07,Fatima Zahra,False,8302.84,
deal,2024-Q3,Selection,Commit,,,D-01543,LucidDynamics B.V.,Mid-Market,PLG,45358.29,13.4,2024-07-01,Rian de Groot,False,0,True
deal,2024-Q3,Commit,Onboarding,,,D-01543,LucidDynamics B.V.,Mid-Market,PLG,45358.29,2.7,2024-07-14,Rian de Groot,False,0,True
deal,2024-Q3,Onboarding,Adoption,,,D-01543,LucidDynamics B.V.,Mid-Market,PLG,45358.29,15.1,2024-07-16,Rian de Groot,False,0,True
deal,2024-Q3,Adoption,Renewal,,,D-01543,LucidDynamics B.V.,Mid-Market,PLG,45358.29,67.7,2024-07-31,Rian de Groot,False,0,True
deal,2024-Q3,Renewal,,,,D-01543,LucidDynamics B.V.,Mid-Market,PLG,45358.29,24.4,2024-10-06,Rian de Groot,True,0,True
deal,2024-Q3,Selection,,,,D-01544,MeridianAnalytics B.V.,Mid-Market,Sales-led,66885.78,32.0,2024-07-01,Priya Natarajan,False,0,
deal,2024-Q3,Selection,,,,D-01545,PrimeFinance & Co.,Mid-Market,Sales-led,40637.17,18.5,2024-07-01,Fatima Zahra,False,0,
deal,2024-Q3,Selection,,,,D-01546,PrimeFinance Inc.,Mid-Market,Sales-led,43794.01,29.3,2024-07-01,Declan Byrne,False,0,
deal,2024-Q3,Selection,Commit,,,D-01547,MeridianHealth & Co.,Mid-Market,Sales-led,30580.23,30.4,2024-07-01,Ben Sorensen,False,0,
deal,2024-Q3,Commit,Onboarding,,,D-01547,MeridianHealth & Co.,Mid-Market,Sales-led,30580.23,4.0,2024-07-31,Ben Sorensen,False,0,
deal,2024-Q3,Onboarding,Adoption,,,D-01547,MeridianHealth & Co.,Mid-Market,Sales-led,30580.23,26.3,2024-08-04,Ben Sorensen,False,0,
deal,2024-Q3,Adoption,Renewal,,,D-01547,MeridianHealth & Co.,Mid-Market,Sales-led,30580.23,41.3,2024-08-30,Ben Sorensen,False,0,
deal,2024-Q3,Renewal,Expansion,,,D-01547,MeridianHealth & Co.,Mid-Market,Sales-led,30580.23,18.9,2024-10-10,Ben Sorensen,False,0,
deal,2024-Q3,Expansion,,,,D-01547,MeridianHealth & Co.,Mid-Market,Sales-led,30580.23,31.7,2024-10-28,Ben Sorensen,False,0.0,
deal,2024-Q3,Selection,Commit,,,D-01548,KestrelCommerce Group,Mid-Market,Sales-led,36958.12,21.4,2024-07-01,Amara Okafor,False,0,
deal,2024-Q3,Commit,Onboarding,,,D-01548,KestrelCommerce Group,Mid-Market,Sales-led,36958.12,2.5,2024-07-22,Amara Okafor,False,0,
deal,2024-Q3,Onboarding,Adoption,,,D-01548,KestrelCommerce Group,Mid-Market,Sales-led,36958.12,11.1,2024-07-24,Amara Okafor,False,0,
deal,2024-Q3,Adoption,Renewal,,,D-01548,KestrelCommerce Group,Mid-Market,Sales-led,36958.12,58.4,2024-08-04,Amara Okafor,False,0,
deal,2024-Q3,Renewal,Expansion,,,D-01548,KestrelCommerce Group,Mid-Market,Sales-led,36958.12,17.6,2024-10-01,Amara Okafor,False,0,
deal,2024-Q3,Expansion,,,,D-01548,KestrelCommerce Group,Mid-Market,Sales-led,36958.12,31.9,2024-10-18,Amara Okafor,False,0.0,
deal,2024-Q3,Selection,,,,D-01549,LucidData GmbH,Mid-Market,PLG,36204.77,10.8,2024-07-01,Elena Petrova,False,0,True
deal,2024-Q3,Selection,Commit,,,D-01550,MeridianSolutions Inc.,Mid-Market,PLG,31412.98,18.6,2024-07-01,Yuki Tanaka,False,0,True
deal,2024-Q3,Commit,Onboarding,,,D-01550,MeridianSolutions Inc.,Mid-Market,PLG,31412.98,3.5,2024-07-19,Yuki Tanaka,False,0,True
deal,2024-Q3,Onboarding,Adoption,,,D-01550,MeridianSolutions Inc.,Mid-Market,PLG,31412.98,15.2,2024-07-22,Yuki Tanaka,False,0,True
deal,2024-Q3,Adoption,Renewal,,,D-01550,MeridianSolutions Inc.,Mid-Market,PLG,31412.98,94.8,2024-08-06,Yuki Tanaka,False,0,True
deal,2024-Q3,Renewal,Expansion,,,D-01550,MeridianSolutions Inc.,Mid-Market,PLG,31412.98,16.1,2024-11-08,Yuki Tanaka,False,0,True
deal,2024-Q3,Expansion,,,,D-01550,MeridianSolutions Inc.,Mid-Market,PLG,31412.98,26.7,2024-11-24,Yuki Tanaka,False,0.0,True
deal,2024-Q3,Selection,,,,D-01551,HarborRobotics Group,Mid-Market,PLG,24217.81,7.2,2024-07-01,Liam Fitzgerald,False,0,True
deal,2024-Q3,Selection,Commit,,,D-01552,ClearHealth Group,Mid-Market,Sales-led,30795.15,26.9,2024-07-01,Declan Byrne,False,0,
deal,2024-Q3,Commit,Onboarding,,,D-01552,ClearHealth Group,Mid-Market,Sales-led,30795.15,8.1,2024-07-27,Declan Byrne,False,0,
deal,2024-Q3,Onboarding,Adoption,,,D-01552,ClearHealth Group,Mid-Market,Sales-led,30795.15,19.6,2024-08-04,Declan Byrne,False,0,
deal,2024-Q3,Adoption,Renewal,,,D-01552,ClearHealth Group,Mid-Market,Sales-led,30795.15,55.7,2024-08-23,Declan Byrne,False,0,
deal,2024-Q3,Renewal,Expansion,,,D-01552,ClearHealth Group,Mid-Market,Sales-led,30795.15,41.7,2024-10-17,Declan Byrne,False,0,
deal,2024-Q3,Expansion,,,,D-01552,ClearHealth Group,Mid-Market,Sales-led,30795.15,98.5,2024-11-27,Declan Byrne,False,0.0,
deal,2024-Q3,Selection,,,,D-01553,VantageCommerce Inc.,Mid-Market,PLG,24978.61,9.3,2024-07-01,Aisling Kelly,False,0,False
deal,2024-Q3,Selection,,,,D-01554,SwiftData Inc.,Mid-Market,PLG,34944.04,14.9,2024-07-01,Ingrid Johansson,False,0,True
deal,2024-Q3,Selection,,,,D-01555,BoldCommerce Inc.,Mid-Market,PLG,22097.22,25.1,2024-07-01,Priya Natarajan,False,0,True
deal,2024-Q3,Selection,,,,D-01556,PrimeSolutions & Co.,Mid-Market,Sales-led,70187.61,13.9,2024-07-01,Rian de Groot,False,0,
deal,2024-Q3,Selection,,,,D-01557,KestrelCloud B.V.,Mid-Market,Sales-led,33481.86,30.3,2024-07-01,Callum Reid,False,0,
deal,2024-Q3,Selection,,,,D-01558,RapidData Group,Mid-Market,Sales-led,60419.76,35.0,2024-07-01,Tariq Aziz,False,0,
deal,2024-Q3,Selection,,,,D-01559,NorthernCommerce & Co.,Mid-Market,PLG,26148.72,7.8,2024-07-01,Sofia Marchetti,False,0,False
deal,2024-Q3,Selection,,,,D-01560,BrightSystems GmbH,Mid-Market,Sales-led,45984.96,35.0,2024-07-01,Yuki Tanaka,False,0,
deal,2024-Q3,Selection,,,,D-01561,PrimeDynamics Inc.,Mid-Market,PLG,15825.23,11.3,2024-07-01,Priya Natarajan,False,0,False
deal,2024-Q3,Selection,,,,D-01562,RapidFinance GmbH,Mid-Market,Sales-led,38288.0,24.1,2024-07-01,Declan Byrne,False,0,
deal,2024-Q3,Selection,,,,D-01563,HarborMetrics Group,Mid-Market,PLG,15988.89,31.2,2024-07-01,Ben Sorensen,False,0,True
deal,2024-Q3,Selection,,,,D-01564,LucidSignal Inc.,Mid-Market,Sales-led,51988.54,21.7,2024-07-01,Ingrid Johansson,False,0,
deal,2024-Q3,Selection,,,,D-01565,RapidMetrics Group,Mid-Market,Sales-led,66961.38,47.1,2024-07-01,Marcus Webb,False,0,
deal,2024-Q3,Selection,Commit,,,D-01566,LucidMetrics Inc.,Mid-Market,Sales-led,33547.13,16.4,2024-07-01,Ingrid Johansson,False,0,
deal,2024-Q3,Commit,Onboarding,,,D-01566,LucidMetrics Inc.,Mid-Market,Sales-led,33547.13,7.5,2024-07-17,Ingrid Johansson,False,0,
deal,2024-Q3,Onboarding,Adoption,,,D-01566,LucidMetrics Inc.,Mid-Market,Sales-led,33547.13,20.3,2024-07-24,Ingrid Johansson,False,0,
deal,2024-Q3,Adoption,Renewal,,,D-01566,LucidMetrics Inc.,Mid-Market,Sales-led,33547.13,34.8,2024-08-13,Ingrid Johansson,False,0,
deal,2024-Q3,Renewal,Expansion,,,D-01566,LucidMetrics Inc.,Mid-Market,Sales-led,33547.13,17.1,2024-09-16,Ingrid Johansson,False,0,
deal,2024-Q3,Expansion,,,,D-01566,LucidMetrics Inc.,Mid-Market,Sales-led,33547.13,43.3,2024-10-03,Ingrid Johansson,False,0.0,
deal,2024-Q3,Selection,,,,D-01567,ClearDynamics B.V.,Mid-Market,PLG,48095.06,14.0,2024-07-01,Elena Petrova,False,0,False
deal,2024-Q3,Selection,,,,D-01568,MeridianCloud & Co.,Mid-Market,Sales-led,35261.82,24.3,2024-07-01,Priya Natarajan,False,0,
deal,2024-Q3,Selection,,,,D-01569,MeridianDynamics GmbH,Mid-Market,Sales-led,45765.7,47.0,2024-07-01,Declan Byrne,False,0,
deal,2024-Q3,Selection,,,,D-01570,KestrelLabs & Co.,Mid-Market,Sales-led,61522.33,47.5,2024-07-01,Tariq Aziz,False,0,
deal,2024-Q3,Selection,,,,D-01571,MeridianSignal GmbH,Mid-Market,Sales-led,59127.02,31.6,2024-07-01,Noor Haddad,False,0,
deal,2024-Q3,Selection,,,,D-01572,MeridianFinance Ltd.,Mid-Market,PLG,21647.82,8.8,2024-07-01,Amara Okafor,False,0,False
deal,2024-Q3,Selection,,,,D-01573,BlueLogistics GmbH,Mid-Market,PLG,22384.38,13.0,2024-07-01,Noor Haddad,False,0,False
deal,2024-Q3,Selection,Commit,,,D-01574,SolsticeDynamics Inc.,Mid-Market,PLG,43921.75,43.4,2024-07-01,Noor Haddad,False,0,True
deal,2024-Q3,Commit,Onboarding,,,D-01574,SolsticeDynamics Inc.,Mid-Market,PLG,43921.75,4.5,2024-08-13,Noor Haddad,False,0,True
deal,2024-Q3,Onboarding,Adoption,,,D-01574,SolsticeDynamics Inc.,Mid-Market,PLG,43921.75,31.1,2024-08-17,Noor Haddad,False,0,True
deal,2024-Q3,Adoption,Renewal,,,D-01574,SolsticeDynamics Inc.,Mid-Market,PLG,43921.75,81.3,2024-09-17,Noor Haddad,False,0,True
deal,2024-Q3,Renewal,Expansion,,,D-01574,SolsticeDynamics Inc.,Mid-Market,PLG,43921.75,24.0,2024-12-07,Noor Haddad,False,0,True
deal,2024-Q3,Expansion,,,,D-01574,SolsticeDynamics Inc.,Mid-Market,PLG,43921.75,22.8,2024-12-31,Noor Haddad,False,15632.57,True
deal,2024-Q3,Selection,,,,D-01575,HarborCloud Ltd.,Mid-Market,Sales-led,39423.94,12.4,2024-07-01,Tariq Aziz,False,0,
deal,2024-Q3,Selection,,,,D-01576,BoldSignal Ltd.,Mid-Market,Sales-led,33344.81,11.3,2024-07-01,Sofia Marchetti,False,0,
deal,2024-Q3,Selection,,,,D-01577,HarborDynamics Ltd.,Mid-Market,Sales-led,56380.6,28.4,2024-07-01,Fatima Zahra,False,0,
deal,2024-Q3,Selection,,,,D-01578,NorthernSolutions & Co.,Mid-Market,Sales-led,53115.87,28.4,2024-07-01,Tariq Aziz,False,0,
deal,2024-Q3,Selection,,,,D-01579,BlueCommerce GmbH,Mid-Market,Sales-led,36919.2,13.2,2024-07-01,Rian de Groot,False,0,
deal,2024-Q3,Selection,,,,D-01580,NovaFinance & Co.,Mid-Market,Sales-led,26417.42,24.9,2024-07-01,Marcus Webb,False,0,
deal,2024-Q3,Selection,,,,D-01581,ClearLabs GmbH,Mid-Market,PLG,27645.1,7.3,2024-07-01,Priya Natarajan,False,0,True
deal,2024-Q3,Selection,,,,D-01582,MeridianFinance & Co.,Mid-Market,PLG,26637.91,22.0,2024-07-01,Declan Byrne,False,0,True
deal,2024-Q3,Selection,,,,D-01583,RapidSignal & Co.,Mid-Market,PLG,24733.54,11.9,2024-07-01,Liam Fitzgerald,False,0,True
deal,2024-Q3,Selection,,,,D-01584,SolsticeLogistics GmbH,Mid-Market,Sales-led,42007.77,46.6,2024-07-01,Amara Okafor,False,0,
deal,2024-Q3,Selection,,,,D-01585,CedarCommerce Inc.,Mid-Market,Sales-led,49410.71,18.2,2024-07-01,Noor Haddad,False,0,
deal,2024-Q3,Selection,,,,D-01586,BlueAnalytics B.V.,Mid-Market,Sales-led,28499.67,41.6,2024-07-01,Declan Byrne,False,0,
deal,2024-Q3,Selection,,,,D-01587,MeridianRobotics Group,Mid-Market,Sales-led,62977.15,28.6,2024-07-01,Sofia Marchetti,False,0,
deal,2024-Q3,Selection,,,,D-01588,SwiftHealth & Co.,Mid-Market,Sales-led,39628.29,30.0,2024-07-01,Sofia Marchetti,False,0,
deal,2024-Q3,Selection,,,,D-01589,SwiftSystems Group,Mid-Market,PLG,31170.43,18.0,2024-07-01,Elena Petrova,False,0,False
deal,2024-Q3,Selection,,,,D-01590,PrimeMetrics Group,Mid-Market,Sales-led,53545.34,40.7,2024-07-01,Rian de Groot,False,0,
deal,2024-Q3,Selection,,,,D-01591,AmberFinance Inc.,Mid-Market,Sales-led,63369.59,49.3,2024-07-01,Declan Byrne,False,0,
deal,2024-Q3,Selection,,,,D-01592,ClearCloud & Co.,Mid-Market,Sales-led,29722.38,14.2,2024-07-01,Elena Petrova,False,0,
deal,2024-Q3,Selection,,,,D-01593,HarborMetrics & Co.,Mid-Market,PLG,27502.23,20.1,2024-07-01,Sofia Marchetti,False,0,False
deal,2024-Q3,Selection,,,,D-01594,NovaLogistics Inc.,Mid-Market,Sales-led,67675.43,20.1,2024-07-01,Declan Byrne,False,0,
deal,2024-Q3,Selection,Commit,,,D-01595,SolsticeLogistics Group,Mid-Market,Sales-led,49381.03,42.0,2024-07-01,Noor Haddad,False,0,
deal,2024-Q3,Commit,Onboarding,,,D-01595,SolsticeLogistics Group,Mid-Market,Sales-led,49381.03,7.8,2024-08-12,Noor Haddad,False,0,
deal,2024-Q3,Onboarding,Adoption,,,D-01595,SolsticeLogistics Group,Mid-Market,Sales-led,49381.03,15.1,2024-08-19,Noor Haddad,False,0,
deal,2024-Q3,Adoption,Renewal,,,D-01595,SolsticeLogistics Group,Mid-Market,Sales-led,49381.03,43.8,2024-09-03,Noor Haddad,False,0,
deal,2024-Q3,Renewal,Expansion,,,D-01595,SolsticeLogistics Group,Mid-Market,Sales-led,49381.03,49.8,2024-10-16,Noor Haddad,False,0,
deal,2024-Q3,Expansion,,,,D-01595,SolsticeLogistics Group,Mid-Market,Sales-led,49381.03,22.8,2024-12-04,Noor Haddad,False,12058.1,
deal,2024-Q3,Selection,,,,D-01596,KestrelCloud Inc.,Mid-Market,PLG,19478.57,13.7,2024-07-01,Priya Natarajan,False,0,False
deal,2024-Q3,Selection,,,,D-01597,VantageSystems B.V.,Mid-Market,PLG,42590.33,15.7,2024-07-01,Ben Sorensen,False,0,False
deal,2024-Q3,Selection,Commit,,,D-01598,LucidSystems GmbH,Mid-Market,Sales-led,93629.39,33.6,2024-07-01,Ingrid Johansson,False,0,
deal,2024-Q3,Commit,Onboarding,,,D-01598,LucidSystems GmbH,Mid-Market,Sales-led,93629.39,4.2,2024-08-03,Ingrid Johansson,False,0,
deal,2024-Q3,Onboarding,Adoption,,,D-01598,LucidSystems GmbH,Mid-Market,Sales-led,93629.39,26.5,2024-08-07,Ingrid Johansson,False,0,
deal,2024-Q3,Adoption,Renewal,,,D-01598,LucidSystems GmbH,Mid-Market,Sales-led,93629.39,60.1,2024-09-02,Ingrid Johansson,False,0,
deal,2024-Q3,Renewal,Expansion,,,D-01598,LucidSystems GmbH,Mid-Market,Sales-led,93629.39,18.1,2024-11-01,Ingrid Johansson,False,0,
deal,2024-Q3,Expansion,,,,D-01598,LucidSystems GmbH,Mid-Market,Sales-led,93629.39,31.1,2024-11-19,Ingrid Johansson,False,34122.37,
deal,2024-Q3,Selection,Commit,,,D-01599,BoldCommerce Group,Mid-Market,Sales-led,36764.09,20.2,2024-07-01,Liam Fitzgerald,False,0,
deal,2024-Q3,Commit,Onboarding,,,D-01599,BoldCommerce Group,Mid-Market,Sales-led,36764.09,5.7,2024-07-21,Liam Fitzgerald,False,0,
deal,2024-Q3,Onboarding,Adoption,,,D-01599,BoldCommerce Group,Mid-Market,Sales-led,36764.09,9.8,2024-07-26,Liam Fitzgerald,False,0,
deal,2024-Q3,Adoption,Renewal,,,D-01599,BoldCommerce Group,Mid-Market,Sales-led,36764.09,46.2,2024-08-04,Liam Fitzgerald,False,0,
deal,2024-Q3,Renewal,Expansion,,,D-01599,BoldCommerce Group,Mid-Market,Sales-led,36764.09,28.9,2024-09-19,Liam Fitzgerald,False,0,
deal,2024-Q3,Expansion,,,,D-01599,BoldCommerce Group,Mid-Market,Sales-led,36764.09,65.8,2024-10-17,Liam Fitzgerald,False,16277.63,
deal,2024-Q3,Selection,,,,D-01600,KestrelSolutions Group,Mid-Market,Sales-led,105693.15,31.6,2024-07-01,Elena Petrova,False,0,
deal,2024-Q3,Selection,Commit,,,D-01601,VantageStudio GmbH,Mid-Market,PLG,24087.7,16.2,2024-07-01,Marcus Webb,False,0,True
deal,2024-Q3,Commit,Onboarding,,,D-01601,VantageStudio GmbH,Mid-Market,PLG,24087.7,3.6,2024-07-17,Marcus Webb,False,0,True
deal,2024-Q3,Onboarding,Adoption,,,D-01601,VantageStudio GmbH,Mid-Market,PLG,24087.7,16.7,2024-07-20,Marcus Webb,False,0,True
deal,2024-Q3,Adoption,Renewal,,,D-01601,VantageStudio GmbH,Mid-Market,PLG,24087.7,66.1,2024-08-05,Marcus Webb,False,0,True
deal,2024-Q3,Renewal,Expansion,,,D-01601,VantageStudio GmbH,Mid-Market,PLG,24087.7,28.3,2024-10-10,Marcus Webb,False,0,True
deal,2024-Q3,Expansion,,,,D-01601,VantageStudio GmbH,Mid-Market,PLG,24087.7,48.7,2024-11-07,Marcus Webb,False,0.0,True
deal,2024-Q3,Selection,Commit,,,D-01602,BrightCloud & Co.,Mid-Market,PLG,20589.92,18.5,2024-07-01,Ben Sorensen,False,0,True
deal,2024-Q3,Commit,Onboarding,,,D-01602,BrightCloud & Co.,Mid-Market,PLG,20589.92,3.9,2024-07-19,Ben Sorensen,False,0,True
deal,2024-Q3,Onboarding,Adoption,,,D-01602,BrightCloud & Co.,Mid-Market,PLG,20589.92,11.4,2024-07-22,Ben Sorensen,False,0,True
deal,2024-Q3,Adoption,Renewal,,,D-01602,BrightCloud & Co.,Mid-Market,PLG,20589.92,47.4,2024-08-02,Ben Sorensen,False,0,True
deal,2024-Q3,Renewal,Expansion,,,D-01602,BrightCloud & Co.,Mid-Market,PLG,20589.92,13.6,2024-09-18,Ben Sorensen,False,0,True
deal,2024-Q3,Expansion,,,,D-01602,BrightCloud & Co.,Mid-Market,PLG,20589.92,35.4,2024-10-01,Ben Sorensen,False,8608.12,True
deal,2024-Q3,Selection,,,,D-01603,ClearRobotics Group,Mid-Market,Sales-led,43651.43,15.4,2024-07-01,Callum Reid,False,0,
deal,2024-Q3,Selection,Commit,,,D-01604,KestrelMetrics Ltd.,Mid-Market,PLG,23154.07,15.7,2024-07-01,Priya Natarajan,False,0,True
deal,2024-Q3,Commit,Onboarding,,,D-01604,KestrelMetrics Ltd.,Mid-Market,PLG,23154.07,2.9,2024-07-16,Priya Natarajan,False,0,True
deal,2024-Q3,Onboarding,Adoption,,,D-01604,KestrelMetrics Ltd.,Mid-Market,PLG,23154.07,23.3,2024-07-18,Priya Natarajan,False,0,True
deal,2024-Q3,Adoption,Renewal,,,D-01604,KestrelMetrics Ltd.,Mid-Market,PLG,23154.07,93.5,2024-08-10,Priya Natarajan,False,0,True
deal,2024-Q3,Renewal,Expansion,,,D-01604,KestrelMetrics Ltd.,Mid-Market,PLG,23154.07,42.1,2024-11-11,Priya Natarajan,False,0,True
deal,2024-Q3,Expansion,,,,D-01604,KestrelMetrics Ltd.,Mid-Market,PLG,23154.07,16.3,2024-12-23,Priya Natarajan,False,10350.61,True
deal,2024-Q3,Selection,,,,D-01605,BlueSignal & Co.,Mid-Market,Sales-led,46496.35,46.2,2024-07-01,Amara Okafor,False,0,
deal,2024-Q3,Selection,,,,D-01606,HarborHealth GmbH,Mid-Market,Sales-led,47133.74,26.9,2024-07-01,Elena Petrova,False,0,
deal,2024-Q3,Selection,Commit,,,D-01607,BrightSolutions Ltd.,Mid-Market,PLG,27213.48,17.9,2024-07-01,Ben Sorensen,False,0,True
deal,2024-Q3,Commit,Onboarding,,,D-01607,BrightSolutions Ltd.,Mid-Market,PLG,27213.48,3.7,2024-07-18,Ben Sorensen,False,0,True
deal,2024-Q3,Onboarding,Adoption,,,D-01607,BrightSolutions Ltd.,Mid-Market,PLG,27213.48,56.2,2024-07-21,Ben Sorensen,False,0,True
deal,2024-Q3,Adoption,Renewal,,,D-01607,BrightSolutions Ltd.,Mid-Market,PLG,27213.48,63.7,2024-09-15,Ben Sorensen,False,0,True
deal,2024-Q3,Renewal,Expansion,,,D-01607,BrightSolutions Ltd.,Mid-Market,PLG,27213.48,21.4,2024-11-17,Ben Sorensen,False,0,True
deal,2024-Q3,Expansion,,,,D-01607,BrightSolutions Ltd.,Mid-Market,PLG,27213.48,21.9,2024-12-08,Ben Sorensen,False,0.0,True
deal,2024-Q3,Selection,,,,D-01608,VantageStudio GmbH,Mid-Market,Sales-led,29709.9,21.6,2024-07-01,Amara Okafor,False,0,
deal,2024-Q3,Selection,,,,D-01609,MeridianSystems Inc.,Mid-Market,Sales-led,16510.25,11.8,2024-07-01,Ingrid Johansson,False,0,
deal,2024-Q3,Selection,,,,D-01610,SolsticeFinance & Co.,Mid-Market,Sales-led,41755.62,23.6,2024-07-01,Tariq Aziz,False,0,
deal,2024-Q3,Selection,,,,D-01611,HarborFinance Group,Mid-Market,PLG,14896.23,13.6,2024-07-01,Rian de Groot,False,0,True
deal,2024-Q3,Selection,,,,D-01612,VantageData Ltd.,Mid-Market,Sales-led,38313.24,35.6,2024-07-01,Ingrid Johansson,False,0,
deal,2024-Q3,Selection,Commit,,,D-01613,HarborCloud GmbH,Mid-Market,Sales-led,79343.04,21.4,2024-07-01,Ingrid Johansson,False,0,
deal,2024-Q3,Commit,Onboarding,,,D-01613,HarborCloud GmbH,Mid-Market,Sales-led,79343.04,3.0,2024-07-22,Ingrid Johansson,False,0,
deal,2024-Q3,Onboarding,Adoption,,,D-01613,HarborCloud GmbH,Mid-Market,Sales-led,79343.04,14.5,2024-07-25,Ingrid Johansson,False,0,
deal,2024-Q3,Adoption,Renewal,,,D-01613,HarborCloud GmbH,Mid-Market,Sales-led,79343.04,52.3,2024-08-08,Ingrid Johansson,False,0,
deal,2024-Q3,Renewal,Expansion,,,D-01613,HarborCloud GmbH,Mid-Market,Sales-led,79343.04,22.8,2024-09-29,Ingrid Johansson,False,0,
deal,2024-Q3,Expansion,,,,D-01613,HarborCloud GmbH,Mid-Market,Sales-led,79343.04,44.3,2024-10-21,Ingrid Johansson,False,28228.14,
deal,2024-Q3,Selection,,,,D-01614,LucidSystems B.V.,Mid-Market,Sales-led,53610.98,15.1,2024-07-01,Tariq Aziz,False,0,
deal,2024-Q3,Selection,,,,D-01615,NorthernFinance Group,Mid-Market,Sales-led,45760.43,27.4,2024-07-01,Sofia Marchetti,False,0,
deal,2024-Q3,Selection,,,,D-01616,SwiftHealth Inc.,Mid-Market,Sales-led,63122.75,35.4,2024-07-01,Sofia Marchetti,False,0,
deal,2024-Q3,Selection,,,,D-01617,CedarRobotics & Co.,Mid-Market,Sales-led,40821.57,16.6,2024-07-01,Yuki Tanaka,False,0,
deal,2024-Q3,Selection,,,,D-01618,VantageStudio Inc.,Mid-Market,Sales-led,42067.05,25.5,2024-07-01,Callum Reid,False,0,
deal,2024-Q3,Selection,Commit,,,D-01619,BoldSignal B.V.,Mid-Market,PLG,22899.5,17.3,2024-07-01,Sofia Marchetti,False,0,False
deal,2024-Q3,Commit,Onboarding,,,D-01619,BoldSignal B.V.,Mid-Market,PLG,22899.5,4.2,2024-07-18,Sofia Marchetti,False,0,False
deal,2024-Q3,Onboarding,Adoption,,,D-01619,BoldSignal B.V.,Mid-Market,PLG,22899.5,17.5,2024-07-22,Sofia Marchetti,False,0,False
deal,2024-Q3,Adoption,Renewal,,,D-01619,BoldSignal B.V.,Mid-Market,PLG,22899.5,48.9,2024-08-08,Sofia Marchetti,False,0,False
deal,2024-Q3,Renewal,Expansion,,,D-01619,BoldSignal B.V.,Mid-Market,PLG,22899.5,33.6,2024-09-25,Sofia Marchetti,False,0,False
deal,2024-Q3,Expansion,,,,D-01619,BoldSignal B.V.,Mid-Market,PLG,22899.5,37.0,2024-10-28,Sofia Marchetti,False,8256.72,False
deal,2024-Q3,Selection,Commit,,,D-01620,SwiftData Inc.,Mid-Market,Sales-led,34084.5,45.7,2024-07-01,Tariq Aziz,False,0,
deal,2024-Q3,Commit,Onboarding,,,D-01620,SwiftData Inc.,Mid-Market,Sales-led,34084.5,4.9,2024-08-15,Tariq Aziz,False,0,
deal,2024-Q3,Onboarding,Adoption,,,D-01620,SwiftData Inc.,Mid-Market,Sales-led,34084.5,15.5,2024-08-19,Tariq Aziz,False,0,
deal,2024-Q3,Adoption,Renewal,,,D-01620,SwiftData Inc.,Mid-Market,Sales-led,34084.5,96.1,2024-09-03,Tariq Aziz,False,0,
deal,2024-Q3,Renewal,Expansion,,,D-01620,SwiftData Inc.,Mid-Market,Sales-led,34084.5,27.5,2024-12-08,Tariq Aziz,False,0,
deal,2024-Q3,Expansion,,,,D-01620,SwiftData Inc.,Mid-Market,Sales-led,34084.5,45.0,2025-01-04,Tariq Aziz,False,0.0,
deal,2024-Q3,Selection,,,,D-01621,MeridianSystems B.V.,Mid-Market,Sales-led,71549.17,24.8,2024-07-01,Priya Natarajan,False,0,
deal,2024-Q3,Selection,Commit,,,D-01622,NorthernCommerce GmbH,Mid-Market,PLG,16524.15,18.2,2024-07-01,Ben Sorensen,False,0,False
deal,2024-Q3,Commit,Onboarding,,,D-01622,NorthernCommerce GmbH,Mid-Market,PLG,16524.15,5.4,2024-07-19,Ben Sorensen,False,0,False
deal,2024-Q3,Onboarding,Adoption,,,D-01622,NorthernCommerce GmbH,Mid-Market,PLG,16524.15,16.4,2024-07-24,Ben Sorensen,False,0,False
deal,2024-Q3,Adoption,Renewal,,,D-01622,NorthernCommerce GmbH,Mid-Market,PLG,16524.15,99.0,2024-08-09,Ben Sorensen,False,0,False
deal,2024-Q3,Renewal,Expansion,,,D-01622,NorthernCommerce GmbH,Mid-Market,PLG,16524.15,28.8,2024-11-16,Ben Sorensen,False,0,False
deal,2024-Q3,Expansion,,,,D-01622,NorthernCommerce GmbH,Mid-Market,PLG,16524.15,17.1,2024-12-14,Ben Sorensen,False,0.0,False
deal,2024-Q3,Selection,,,,D-01623,KestrelRobotics & Co.,Mid-Market,Sales-led,73530.62,19.8,2024-07-01,Declan Byrne,False,0,
deal,2024-Q3,Selection,Commit,,,D-01624,HarborSystems Ltd.,Mid-Market,PLG,16718.94,24.3,2024-07-01,Priya Natarajan,False,0,True
deal,2024-Q3,Commit,Onboarding,,,D-01624,HarborSystems Ltd.,Mid-Market,PLG,16718.94,4.3,2024-07-25,Priya Natarajan,False,0,True
deal,2024-Q3,Onboarding,Adoption,,,D-01624,HarborSystems Ltd.,Mid-Market,PLG,16718.94,16.4,2024-07-29,Priya Natarajan,False,0,True
deal,2024-Q3,Adoption,Renewal,,,D-01624,HarborSystems Ltd.,Mid-Market,PLG,16718.94,121.9,2024-08-14,Priya Natarajan,False,0,True
deal,2024-Q3,Renewal,Expansion,,,D-01624,HarborSystems Ltd.,Mid-Market,PLG,16718.94,8.6,2024-12-13,Priya Natarajan,False,0,True
deal,2024-Q3,Expansion,,,,D-01624,HarborSystems Ltd.,Mid-Market,PLG,16718.94,15.2,2024-12-21,Priya Natarajan,False,0.0,True
deal,2024-Q3,Selection,,,,D-01625,SolsticeCommerce B.V.,Mid-Market,Sales-led,35481.46,52.0,2024-07-01,Aisling Kelly,False,0,
deal,2024-Q3,Selection,,,,D-01626,LucidLogistics Ltd.,Mid-Market,Sales-led,58407.07,21.7,2024-07-01,Callum Reid,False,0,
deal,2024-Q3,Selection,,,,D-01627,CedarDynamics Ltd.,Mid-Market,Sales-led,78221.36,27.6,2024-07-01,Ben Sorensen,False,0,
deal,2024-Q3,Selection,,,,D-01628,VantageRobotics Inc.,Mid-Market,PLG,27138.92,7.9,2024-07-01,Ingrid Johansson,False,0,False
deal,2024-Q3,Selection,,,,D-01629,RapidLabs Group,Mid-Market,Sales-led,51803.71,21.5,2024-07-01,Ingrid Johansson,False,0,
deal,2024-Q3,Selection,,,,D-01630,CedarFinance Ltd.,Mid-Market,PLG,21426.16,6.9,2024-07-01,Noor Haddad,False,0,False
deal,2024-Q3,Selection,,,,D-01631,BrightLabs Ltd.,Mid-Market,Sales-led,94755.37,26.7,2024-07-01,Priya Natarajan,False,0,
deal,2024-Q3,Selection,,,,D-01632,SolsticeLogistics Ltd.,Mid-Market,Sales-led,43555.59,26.5,2024-07-01,Yuki Tanaka,False,0,
deal,2024-Q3,Selection,Commit,,,D-01633,SilverMetrics Group,Mid-Market,Sales-led,58448.77,16.5,2024-07-01,Ingrid Johansson,False,0,
deal,2024-Q3,Commit,Onboarding,,,D-01633,SilverMetrics Group,Mid-Market,Sales-led,58448.77,5.0,2024-07-17,Ingrid Johansson,False,0,
deal,2024-Q3,Onboarding,Adoption,,,D-01633,SilverMetrics Group,Mid-Market,Sales-led,58448.77,16.1,2024-07-22,Ingrid Johansson,False,0,
deal,2024-Q3,Adoption,Renewal,,,D-01633,SilverMetrics Group,Mid-Market,Sales-led,58448.77,89.5,2024-08-07,Ingrid Johansson,False,0,
deal,2024-Q3,Renewal,Expansion,,,D-01633,SilverMetrics Group,Mid-Market,Sales-led,58448.77,25.4,2024-11-04,Ingrid Johansson,False,0,
deal,2024-Q3,Expansion,,,,D-01633,SilverMetrics Group,Mid-Market,Sales-led,58448.77,37.9,2024-11-29,Ingrid Johansson,False,0.0,
deal,2024-Q3,Selection,Commit,,,D-01634,AmberRobotics GmbH,Mid-Market,Sales-led,56696.11,35.3,2024-07-01,Noor Haddad,False,0,
deal,2024-Q3,Commit,Onboarding,,,D-01634,AmberRobotics GmbH,Mid-Market,Sales-led,56696.11,4.2,2024-08-05,Noor Haddad,False,0,
deal,2024-Q3,Onboarding,Adoption,,,D-01634,AmberRobotics GmbH,Mid-Market,Sales-led,56696.11,13.0,2024-08-09,Noor Haddad,False,0,
deal,2024-Q3,Adoption,Renewal,,,D-01634,AmberRobotics GmbH,Mid-Market,Sales-led,56696.11,64.5,2024-08-22,Noor Haddad,False,0,
deal,2024-Q3,Renewal,Expansion,,,D-01634,AmberRobotics GmbH,Mid-Market,Sales-led,56696.11,8.8,2024-10-25,Noor Haddad,False,0,
deal,2024-Q3,Expansion,,,,D-01634,AmberRobotics GmbH,Mid-Market,Sales-led,56696.11,51.9,2024-11-02,Noor Haddad,False,24063.17,
deal,2024-Q3,Selection,,,,D-01635,PrimeRobotics Ltd.,Mid-Market,Sales-led,56060.42,16.9,2024-07-01,Yuki Tanaka,False,0,
deal,2024-Q3,Selection,,,,D-01636,BlueSolutions B.V.,Mid-Market,Sales-led,91684.03,20.6,2024-07-01,Yuki Tanaka,False,0,
deal,2024-Q4,Selection,,,,D-01637,BoldSolutions Ltd.,Mid-Market,PLG,22380.94,28.2,2024-10-01,Aisling Kelly,False,0,True
deal,2024-Q4,Selection,,,,D-01638,SolsticeSignal B.V.,Mid-Market,PLG,21548.07,9.1,2024-10-01,Liam Fitzgerald,False,0,False
deal,2024-Q4,Selection,Commit,,,D-01639,LucidSolutions Ltd.,Mid-Market,PLG,62732.13,16.7,2024-10-01,Ben Sorensen,False,0,True
deal,2024-Q4,Commit,Onboarding,,,D-01639,LucidSolutions Ltd.,Mid-Market,PLG,62732.13,3.7,2024-10-17,Ben Sorensen,False,0,True
deal,2024-Q4,Onboarding,Adoption,,,D-01639,LucidSolutions Ltd.,Mid-Market,PLG,62732.13,38.3,2024-10-20,Ben Sorensen,False,0,True
deal,2024-Q4,Adoption,,,,D-01639,LucidSolutions Ltd.,Mid-Market,PLG,62732.13,90.6,2024-11-27,Ben Sorensen,True,0,True
deal,2024-Q4,Selection,,,,D-01640,BrightSolutions B.V.,Mid-Market,PLG,24903.3,11.9,2024-10-01,Sofia Marchetti,False,0,True
deal,2024-Q4,Selection,,,,D-01641,AmberCommerce Inc.,Mid-Market,Sales-led,77343.69,25.8,2024-10-01,Marcus Webb,False,0,
deal,2024-Q4,Selection,,,,D-01642,MeridianData Group,Mid-Market,Sales-led,22269.45,53.2,2024-10-01,Priya Natarajan,False,0,
deal,2024-Q4,Selection,,,,D-01643,AmberSolutions B.V.,Mid-Market,PLG,34793.97,12.3,2024-10-01,Sofia Marchetti,False,0,True
deal,2024-Q4,Selection,,,,D-01644,CedarSolutions GmbH,Mid-Market,Sales-led,14772.49,15.3,2024-10-01,Noor Haddad,False,0,
deal,2024-Q4,Selection,Commit,,,D-01645,BoldDynamics GmbH,Mid-Market,Sales-led,33389.69,19.2,2024-10-01,Marcus Webb,False,0,
deal,2024-Q4,Commit,Onboarding,,,D-01645,BoldDynamics GmbH,Mid-Market,Sales-led,33389.69,7.7,2024-10-20,Marcus Webb,False,0,
deal,2024-Q4,Onboarding,Adoption,,,D-01645,BoldDynamics GmbH,Mid-Market,Sales-led,33389.69,22.8,2024-10-27,Marcus Webb,False,0,
deal,2024-Q4,Adoption,Renewal,,,D-01645,BoldDynamics GmbH,Mid-Market,Sales-led,33389.69,47.3,2024-11-18,Marcus Webb,False,0,
deal,2024-Q4,Renewal,Expansion,,,D-01645,BoldDynamics GmbH,Mid-Market,Sales-led,33389.69,31.6,2025-01-04,Marcus Webb,False,0,
deal,2024-Q4,Expansion,,,,D-01645,BoldDynamics GmbH,Mid-Market,Sales-led,33389.69,30.4,2025-02-04,Marcus Webb,False,7665.26,
deal,2024-Q4,Selection,Commit,,,D-01646,LucidLabs Ltd.,Mid-Market,PLG,23425.53,12.1,2024-10-01,Declan Byrne,False,0,True
deal,2024-Q4,Commit,Onboarding,,,D-01646,LucidLabs Ltd.,Mid-Market,PLG,23425.53,2.1,2024-10-13,Declan Byrne,False,0,True
deal,2024-Q4,Onboarding,Adoption,,,D-01646,LucidLabs Ltd.,Mid-Market,PLG,23425.53,18.8,2024-10-15,Declan Byrne,False,0,True
deal,2024-Q4,Adoption,Renewal,,,D-01646,LucidLabs Ltd.,Mid-Market,PLG,23425.53,147.7,2024-11-02,Declan Byrne,False,0,True
deal,2024-Q4,Renewal,Expansion,,,D-01646,LucidLabs Ltd.,Mid-Market,PLG,23425.53,41.1,2025-03-29,Declan Byrne,False,0,True
deal,2024-Q4,Expansion,,,,D-01646,LucidLabs Ltd.,Mid-Market,PLG,23425.53,32.5,2025-05-09,Declan Byrne,False,0.0,True
deal,2024-Q4,Selection,,,,D-01647,VantageStudio GmbH,Mid-Market,Sales-led,32338.04,36.2,2024-10-01,Ingrid Johansson,False,0,
deal,2024-Q4,Selection,,,,D-01648,ClearCloud Ltd.,Mid-Market,PLG,18930.62,11.3,2024-10-01,Ingrid Johansson,False,0,False
deal,2024-Q4,Selection,,,,D-01649,SolsticeCloud Ltd.,Mid-Market,PLG,15987.42,8.7,2024-10-01,Rian de Groot,False,0,False
deal,2024-Q4,Selection,Commit,,,D-01650,BoldSignal Group,Mid-Market,PLG,21731.52,11.7,2024-10-01,Tariq Aziz,False,0,True
deal,2024-Q4,Commit,Onboarding,,,D-01650,BoldSignal Group,Mid-Market,PLG,21731.52,2.7,2024-10-12,Tariq Aziz,False,0,True
deal,2024-Q4,Onboarding,Adoption,,,D-01650,BoldSignal Group,Mid-Market,PLG,21731.52,29.3,2024-10-14,Tariq Aziz,False,0,True
deal,2024-Q4,Adoption,Renewal,,,D-01650,BoldSignal Group,Mid-Market,PLG,21731.52,81.4,2024-11-12,Tariq Aziz,False,0,True
deal,2024-Q4,Renewal,Expansion,,,D-01650,BoldSignal Group,Mid-Market,PLG,21731.52,22.9,2025-02-01,Tariq Aziz,False,0,True
deal,2024-Q4,Expansion,,,,D-01650,BoldSignal Group,Mid-Market,PLG,21731.52,65.4,2025-02-23,Tariq Aziz,False,0.0,True
deal,2024-Q4,Selection,,,,D-01651,BrightCommerce & Co.,Mid-Market,PLG,29364.43,31.9,2024-10-01,Aisling Kelly,False,0,True
deal,2024-Q4,Selection,,,,D-01652,VantageCommerce & Co.,Mid-Market,Sales-led,27966.9,40.7,2024-10-01,Ben Sorensen,False,0,
deal,2024-Q4,Selection,,,,D-01653,HarborCloud & Co.,Mid-Market,Sales-led,45429.25,36.8,2024-10-01,Sofia Marchetti,False,0,
deal,2024-Q4,Selection,,,,D-01654,NovaMetrics Inc.,Mid-Market,Sales-led,32512.6,45.7,2024-10-01,Fatima Zahra,False,0,
deal,2024-Q4,Selection,Commit,,,D-01655,KestrelWorks Inc.,Mid-Market,Sales-led,27070.17,15.1,2024-10-01,Elena Petrova,False,0,
deal,2024-Q4,Commit,Onboarding,,,D-01655,KestrelWorks Inc.,Mid-Market,Sales-led,27070.17,8.3,2024-10-16,Elena Petrova,False,0,
deal,2024-Q4,Onboarding,Adoption,,,D-01655,KestrelWorks Inc.,Mid-Market,Sales-led,27070.17,21.9,2024-10-24,Elena Petrova,False,0,
deal,2024-Q4,Adoption,Renewal,,,D-01655,KestrelWorks Inc.,Mid-Market,Sales-led,27070.17,53.4,2024-11-14,Elena Petrova,False,0,
deal,2024-Q4,Renewal,Expansion,,,D-01655,KestrelWorks Inc.,Mid-Market,Sales-led,27070.17,24.5,2025-01-06,Elena Petrova,False,0,
deal,2024-Q4,Expansion,,,,D-01655,KestrelWorks Inc.,Mid-Market,Sales-led,27070.17,41.1,2025-01-30,Elena Petrova,False,0.0,
deal,2024-Q4,Selection,,,,D-01656,HarborSolutions GmbH,Mid-Market,Sales-led,77142.99,27.8,2024-10-01,Tariq Aziz,False,0,
deal,2024-Q4,Selection,,,,D-01657,SilverLogistics Inc.,Mid-Market,Sales-led,59585.77,33.3,2024-10-01,Priya Natarajan,False,0,
deal,2024-Q4,Selection,,,,D-01658,SwiftRobotics B.V.,Mid-Market,PLG,25175.41,17.3,2024-10-01,Marcus Webb,False,0,True
deal,2024-Q4,Selection,,,,D-01659,NovaHealth GmbH,Mid-Market,Sales-led,48228.62,20.9,2024-10-01,Aisling Kelly,False,0,
deal,2024-Q4,Selection,,,,D-01660,AmberData Group,Mid-Market,Sales-led,43221.63,25.4,2024-10-01,Noor Haddad,False,0,
deal,2024-Q4,Selection,Commit,,,D-01661,MeridianSystems Group,Mid-Market,PLG,27445.85,11.8,2024-10-01,Marcus Webb,False,0,True
deal,2024-Q4,Commit,Onboarding,,,D-01661,MeridianSystems Group,Mid-Market,PLG,27445.85,3.4,2024-10-12,Marcus Webb,False,0,True
deal,2024-Q4,Onboarding,Adoption,,,D-01661,MeridianSystems Group,Mid-Market,PLG,27445.85,14.5,2024-10-15,Marcus Webb,False,0,True
deal,2024-Q4,Adoption,Renewal,,,D-01661,MeridianSystems Group,Mid-Market,PLG,27445.85,56.6,2024-10-29,Marcus Webb,False,0,True
deal,2024-Q4,Renewal,Expansion,,,D-01661,MeridianSystems Group,Mid-Market,PLG,27445.85,15.0,2024-12-24,Marcus Webb,False,0,True
deal,2024-Q4,Expansion,,,,D-01661,MeridianSystems Group,Mid-Market,PLG,27445.85,16.2,2025-01-08,Marcus Webb,False,6123.65,True
deal,2024-Q4,Selection,,,,D-01662,SilverLogistics Inc.,Mid-Market,Sales-led,45544.5,26.9,2024-10-01,Sofia Marchetti,False,0,
deal,2024-Q4,Selection,,,,D-01663,BrightData Ltd.,Mid-Market,PLG,15812.35,16.5,2024-10-01,Yuki Tanaka,False,0,False
deal,2024-Q4,Selection,,,,D-01664,KestrelRobotics Group,Mid-Market,Sales-led,51734.54,24.0,2024-10-01,Declan Byrne,False,0,
deal,2024-Q4,Selection,,,,D-01665,PrimeData Group,Mid-Market,Sales-led,84838.05,46.8,2024-10-01,Liam Fitzgerald,False,0,
deal,2024-Q4,Selection,,,,D-01666,AmberStudio B.V.,Mid-Market,Sales-led,32229.33,23.5,2024-10-01,Sofia Marchetti,False,0,
deal,2024-Q4,Selection,Commit,,,D-01667,NorthernDynamics B.V.,Mid-Market,Sales-led,76167.15,32.7,2024-10-01,Sofia Marchetti,False,0,
deal,2024-Q4,Commit,Onboarding,,,D-01667,NorthernDynamics B.V.,Mid-Market,Sales-led,76167.15,4.1,2024-11-02,Sofia Marchetti,False,0,
deal,2024-Q4,Onboarding,Adoption,,,D-01667,NorthernDynamics B.V.,Mid-Market,Sales-led,76167.15,11.8,2024-11-06,Sofia Marchetti,False,0,
deal,2024-Q4,Adoption,Renewal,,,D-01667,NorthernDynamics B.V.,Mid-Market,Sales-led,76167.15,54.6,2024-11-17,Sofia Marchetti,False,0,
deal,2024-Q4,Renewal,Expansion,,,D-01667,NorthernDynamics B.V.,Mid-Market,Sales-led,76167.15,17.3,2025-01-10,Sofia Marchetti,False,0,
deal,2024-Q4,Expansion,,,,D-01667,NorthernDynamics B.V.,Mid-Market,Sales-led,76167.15,35.0,2025-01-27,Sofia Marchetti,False,0.0,
deal,2024-Q4,Selection,,,,D-01668,SolsticeCommerce Group,Mid-Market,Sales-led,32886.21,23.1,2024-10-01,Noor Haddad,False,0,
deal,2024-Q4,Selection,Commit,,,D-01669,RapidLogistics Ltd.,Mid-Market,PLG,32536.91,21.7,2024-10-01,Elena Petrova,False,0,False
deal,2024-Q4,Commit,Onboarding,,,D-01669,RapidLogistics Ltd.,Mid-Market,PLG,32536.91,3.5,2024-10-22,Elena Petrova,False,0,False
deal,2024-Q4,Onboarding,Adoption,,,D-01669,RapidLogistics Ltd.,Mid-Market,PLG,32536.91,24.9,2024-10-25,Elena Petrova,False,0,False
deal,2024-Q4,Adoption,Renewal,,,D-01669,RapidLogistics Ltd.,Mid-Market,PLG,32536.91,53.5,2024-11-18,Elena Petrova,False,0,False
deal,2024-Q4,Renewal,Expansion,,,D-01669,RapidLogistics Ltd.,Mid-Market,PLG,32536.91,16.1,2025-01-10,Elena Petrova,False,0,False
deal,2024-Q4,Expansion,,,,D-01669,RapidLogistics Ltd.,Mid-Market,PLG,32536.91,20.7,2025-01-26,Elena Petrova,False,0.0,False
deal,2024-Q4,Selection,Commit,,,D-01670,PrimeLabs Ltd.,Mid-Market,Sales-led,55363.11,16.6,2024-10-01,Marcus Webb,False,0,
deal,2024-Q4,Commit,Onboarding,,,D-01670,PrimeLabs Ltd.,Mid-Market,Sales-led,55363.11,4.6,2024-10-17,Marcus Webb,False,0,
deal,2024-Q4,Onboarding,Adoption,,,D-01670,PrimeLabs Ltd.,Mid-Market,Sales-led,55363.11,18.5,2024-10-21,Marcus Webb,False,0,
deal,2024-Q4,Adoption,Renewal,,,D-01670,PrimeLabs Ltd.,Mid-Market,Sales-led,55363.11,91.4,2024-11-08,Marcus Webb,False,0,
deal,2024-Q4,Renewal,Expansion,,,D-01670,PrimeLabs Ltd.,Mid-Market,Sales-led,55363.11,20.7,2025-02-07,Marcus Webb,False,0,
deal,2024-Q4,Expansion,,,,D-01670,PrimeLabs Ltd.,Mid-Market,Sales-led,55363.11,33.8,2025-02-27,Marcus Webb,False,0.0,
deal,2024-Q4,Selection,,,,D-01671,BrightLabs & Co.,Mid-Market,PLG,14520.39,24.1,2024-10-01,Noor Haddad,False,0,False
deal,2024-Q4,Selection,,,,D-01672,BrightAnalytics Inc.,Mid-Market,PLG,19448.04,12.5,2024-10-01,Marcus Webb,False,0,False
deal,2024-Q4,Selection,,,,D-01673,CedarSystems Group,Mid-Market,Sales-led,24258.03,23.8,2024-10-01,Marcus Webb,False,0,
deal,2024-Q4,Selection,Commit,,,D-01674,HarborData Inc.,Mid-Market,PLG,9339.68,11.3,2024-10-01,Aisling Kelly,False,0,False
deal,2024-Q4,Commit,Onboarding,,,D-01674,HarborData Inc.,Mid-Market,PLG,9339.68,2.4,2024-10-12,Aisling Kelly,False,0,False
deal,2024-Q4,Onboarding,Adoption,,,D-01674,HarborData Inc.,Mid-Market,PLG,9339.68,22.0,2024-10-14,Aisling Kelly,False,0,False
deal,2024-Q4,Adoption,Renewal,,,D-01674,HarborData Inc.,Mid-Market,PLG,9339.68,50.4,2024-11-05,Aisling Kelly,False,0,False
deal,2024-Q4,Renewal,Expansion,,,D-01674,HarborData Inc.,Mid-Market,PLG,9339.68,11.0,2024-12-25,Aisling Kelly,False,0,False
deal,2024-Q4,Expansion,,,,D-01674,HarborData Inc.,Mid-Market,PLG,9339.68,49.3,2025-01-05,Aisling Kelly,False,2708.87,False
deal,2024-Q4,Selection,,,,D-01675,PrimeData Group,Mid-Market,Sales-led,33828.86,25.4,2024-10-01,Marcus Webb,False,0,
deal,2024-Q4,Selection,,,,D-01676,SolsticeCloud B.V.,Mid-Market,Sales-led,55030.42,28.2,2024-10-01,Tariq Aziz,False,0,
deal,2024-Q4,Selection,,,,D-01677,MeridianLogistics Ltd.,Mid-Market,Sales-led,61598.96,52.9,2024-10-01,Priya Natarajan,False,0,
deal,2024-Q4,Selection,,,,D-01678,LucidHealth & Co.,Mid-Market,Sales-led,37123.6,28.6,2024-10-01,Ben Sorensen,False,0,
deal,2024-Q4,Selection,Commit,,,D-01679,NovaHealth B.V.,Mid-Market,Sales-led,46458.68,26.7,2024-10-01,Noor Haddad,False,0,
deal,2024-Q4,Commit,Onboarding,,,D-01679,NovaHealth B.V.,Mid-Market,Sales-led,46458.68,3.4,2024-10-27,Noor Haddad,False,0,
deal,2024-Q4,Onboarding,Adoption,,,D-01679,NovaHealth B.V.,Mid-Market,Sales-led,46458.68,22.6,2024-10-30,Noor Haddad,False,0,
deal,2024-Q4,Adoption,Renewal,,,D-01679,NovaHealth B.V.,Mid-Market,Sales-led,46458.68,97.4,2024-11-21,Noor Haddad,False,0,
deal,2024-Q4,Renewal,Expansion,,,D-01679,NovaHealth B.V.,Mid-Market,Sales-led,46458.68,22.0,2025-02-26,Noor Haddad,False,0,
deal,2024-Q4,Expansion,,,,D-01679,NovaHealth B.V.,Mid-Market,Sales-led,46458.68,26.1,2025-03-20,Noor Haddad,False,19766.79,
deal,2024-Q4,Selection,,,,D-01680,LucidFinance & Co.,Mid-Market,Sales-led,31130.94,25.9,2024-10-01,Priya Natarajan,False,0,
deal,2024-Q4,Selection,,,,D-01681,HarborSolutions Ltd.,Mid-Market,Sales-led,31030.45,32.3,2024-10-01,Tariq Aziz,False,0,
deal,2024-Q4,Selection,,,,D-01682,NorthernRobotics GmbH,Mid-Market,Sales-led,35781.39,38.9,2024-10-01,Ingrid Johansson,False,0,
deal,2024-Q4,Selection,,,,D-01683,KestrelCommerce & Co.,Mid-Market,Sales-led,43688.01,37.0,2024-10-01,Amara Okafor,False,0,
deal,2024-Q4,Selection,,,,D-01684,SolsticeDynamics GmbH,Mid-Market,Sales-led,35634.48,30.2,2024-10-01,Rian de Groot,False,0,
deal,2024-Q4,Selection,,,,D-01685,KestrelDynamics GmbH,Mid-Market,PLG,17445.41,15.1,2024-10-01,Priya Natarajan,False,0,False
deal,2024-Q4,Selection,Commit,,,D-01686,AmberStudio Group,Mid-Market,Sales-led,43587.54,49.9,2024-10-01,Ben Sorensen,False,0,
deal,2024-Q4,Commit,Onboarding,,,D-01686,AmberStudio Group,Mid-Market,Sales-led,43587.54,6.0,2024-11-19,Ben Sorensen,False,0,
deal,2024-Q4,Onboarding,Adoption,,,D-01686,AmberStudio Group,Mid-Market,Sales-led,43587.54,16.3,2024-11-25,Ben Sorensen,False,0,
deal,2024-Q4,Adoption,Renewal,,,D-01686,AmberStudio Group,Mid-Market,Sales-led,43587.54,46.3,2024-12-11,Ben Sorensen,False,0,
deal,2024-Q4,Renewal,,,,D-01686,AmberStudio Group,Mid-Market,Sales-led,43587.54,24.6,2025-01-26,Ben Sorensen,True,0,
deal,2024-Q4,Selection,,,,D-01687,KestrelLogistics & Co.,Mid-Market,Sales-led,56060.86,36.6,2024-10-01,Aisling Kelly,False,0,
deal,2024-Q4,Selection,Commit,,,D-01688,HarborSolutions & Co.,Mid-Market,Sales-led,38921.43,28.5,2024-10-01,Liam Fitzgerald,False,0,
deal,2024-Q4,Commit,Onboarding,,,D-01688,HarborSolutions & Co.,Mid-Market,Sales-led,38921.43,10.3,2024-10-29,Liam Fitzgerald,False,0,
deal,2024-Q4,Onboarding,Adoption,,,D-01688,HarborSolutions & Co.,Mid-Market,Sales-led,38921.43,16.4,2024-11-08,Liam Fitzgerald,False,0,
deal,2024-Q4,Adoption,Renewal,,,D-01688,HarborSolutions & Co.,Mid-Market,Sales-led,38921.43,42.1,2024-11-24,Liam Fitzgerald,False,0,
deal,2024-Q4,Renewal,Expansion,,,D-01688,HarborSolutions & Co.,Mid-Market,Sales-led,38921.43,27.2,2025-01-05,Liam Fitzgerald,False,0,
deal,2024-Q4,Expansion,,,,D-01688,HarborSolutions & Co.,Mid-Market,Sales-led,38921.43,51.6,2025-02-01,Liam Fitzgerald,False,8756.19,
deal,2024-Q4,Selection,Commit,,,D-01689,SwiftRobotics Ltd.,Mid-Market,PLG,20030.46,10.4,2024-10-01,Sofia Marchetti,False,0,False
deal,2024-Q4,Commit,Onboarding,,,D-01689,SwiftRobotics Ltd.,Mid-Market,PLG,20030.46,7.2,2024-10-11,Sofia Marchetti,False,0,False
deal,2024-Q4,Onboarding,Adoption,,,D-01689,SwiftRobotics Ltd.,Mid-Market,PLG,20030.46,8.2,2024-10-18,Sofia Marchetti,False,0,False
deal,2024-Q4,Adoption,Renewal,,,D-01689,SwiftRobotics Ltd.,Mid-Market,PLG,20030.46,69.3,2024-10-26,Sofia Marchetti,False,0,False
deal,2024-Q4,Renewal,Expansion,,,D-01689,SwiftRobotics Ltd.,Mid-Market,PLG,20030.46,14.8,2025-01-03,Sofia Marchetti,False,0,False
deal,2024-Q4,Expansion,,,,D-01689,SwiftRobotics Ltd.,Mid-Market,PLG,20030.46,37.8,2025-01-17,Sofia Marchetti,False,7741.64,False
deal,2024-Q4,Selection,,,,D-01690,NovaMetrics Inc.,Mid-Market,PLG,18317.0,23.2,2024-10-01,Declan Byrne,False,0,True
deal,2024-Q4,Selection,,,,D-01691,PrimeSystems B.V.,Mid-Market,Sales-led,25528.52,31.8,2024-10-01,Callum Reid,False,0,
deal,2024-Q4,Selection,,,,D-01692,BrightStudio Ltd.,Mid-Market,Sales-led,43315.66,26.4,2024-10-01,Sofia Marchetti,False,0,
deal,2024-Q4,Selection,,,,D-01693,MeridianCommerce GmbH,Mid-Market,Sales-led,50047.87,32.9,2024-10-01,Sofia Marchetti,False,0,
deal,2024-Q4,Selection,Commit,,,D-01694,MeridianCommerce Group,Mid-Market,Sales-led,46522.84,25.7,2024-10-01,Rian de Groot,False,0,
deal,2024-Q4,Commit,Onboarding,,,D-01694,MeridianCommerce Group,Mid-Market,Sales-led,46522.84,3.9,2024-10-26,Rian de Groot,False,0,
deal,2024-Q4,Onboarding,Adoption,,,D-01694,MeridianCommerce Group,Mid-Market,Sales-led,46522.84,11.7,2024-10-29,Rian de Groot,False,0,
deal,2024-Q4,Adoption,Renewal,,,D-01694,MeridianCommerce Group,Mid-Market,Sales-led,46522.84,76.0,2024-11-09,Rian de Groot,False,0,
deal,2024-Q4,Renewal,Expansion,,,D-01694,MeridianCommerce Group,Mid-Market,Sales-led,46522.84,19.4,2025-01-24,Rian de Groot,False,0,
deal,2024-Q4,Expansion,,,,D-01694,MeridianCommerce Group,Mid-Market,Sales-led,46522.84,27.0,2025-02-12,Rian de Groot,False,12761.44,
deal,2024-Q4,Selection,,,,D-01695,NovaHealth Inc.,Mid-Market,Sales-led,35097.58,25.5,2024-10-01,Rian de Groot,False,0,
deal,2024-Q4,Selection,,,,D-01696,NorthernSignal & Co.,Mid-Market,Sales-led,32006.33,38.5,2024-10-01,Marcus Webb,False,0,
deal,2024-Q4,Selection,,,,D-01697,CedarMetrics Ltd.,Mid-Market,PLG,29392.8,24.5,2024-10-01,Priya Natarajan,False,0,False
deal,2024-Q4,Selection,,,,D-01698,MeridianData Ltd.,Mid-Market,Sales-led,87898.9,21.3,2024-10-01,Declan Byrne,False,0,
deal,2024-Q4,Selection,,,,D-01699,SolsticeMetrics Ltd.,Mid-Market,Sales-led,38787.52,10.9,2024-10-01,Declan Byrne,False,0,
deal,2024-Q4,Selection,,,,D-01700,BoldFinance Ltd.,Mid-Market,Sales-led,46806.9,34.5,2024-10-01,Liam Fitzgerald,False,0,
deal,2024-Q4,Selection,,,,D-01701,VantageLogistics Ltd.,Mid-Market,Sales-led,38405.4,24.3,2024-10-01,Sofia Marchetti,False,0,
deal,2024-Q4,Selection,,,,D-01702,SolsticeAnalytics Inc.,Mid-Market,PLG,15850.54,24.4,2024-10-01,Tariq Aziz,False,0,True
deal,2024-Q4,Selection,Commit,,,D-01703,AmberAnalytics Ltd.,Mid-Market,Sales-led,57700.67,23.2,2024-10-01,Noor Haddad,False,0,
deal,2024-Q4,Commit,Onboarding,,,D-01703,AmberAnalytics Ltd.,Mid-Market,Sales-led,57700.67,3.6,2024-10-24,Noor Haddad,False,0,
deal,2024-Q4,Onboarding,Adoption,,,D-01703,AmberAnalytics Ltd.,Mid-Market,Sales-led,57700.67,23.5,2024-10-27,Noor Haddad,False,0,
deal,2024-Q4,Adoption,Renewal,,,D-01703,AmberAnalytics Ltd.,Mid-Market,Sales-led,57700.67,82.4,2024-11-19,Noor Haddad,False,0,
deal,2024-Q4,Renewal,Expansion,,,D-01703,AmberAnalytics Ltd.,Mid-Market,Sales-led,57700.67,24.3,2025-02-09,Noor Haddad,False,0,
deal,2024-Q4,Expansion,,,,D-01703,AmberAnalytics Ltd.,Mid-Market,Sales-led,57700.67,51.2,2025-03-05,Noor Haddad,False,0.0,
deal,2024-Q4,Selection,,,,D-01704,RapidCommerce Inc.,Mid-Market,Sales-led,43744.45,11.9,2024-10-01,Callum Reid,False,0,
deal,2024-Q4,Selection,Commit,,,D-01705,VantageStudio B.V.,Mid-Market,PLG,41787.66,16.6,2024-10-01,Sofia Marchetti,False,0,True
deal,2024-Q4,Commit,Onboarding,,,D-01705,VantageStudio B.V.,Mid-Market,PLG,41787.66,4.2,2024-10-17,Sofia Marchetti,False,0,True
deal,2024-Q4,Onboarding,Adoption,,,D-01705,VantageStudio B.V.,Mid-Market,PLG,41787.66,21.3,2024-10-21,Sofia Marchetti,False,0,True
deal,2024-Q4,Adoption,Renewal,,,D-01705,VantageStudio B.V.,Mid-Market,PLG,41787.66,60.9,2024-11-11,Sofia Marchetti,False,0,True
deal,2024-Q4,Renewal,Expansion,,,D-01705,VantageStudio B.V.,Mid-Market,PLG,41787.66,30.7,2025-01-10,Sofia Marchetti,False,0,True
deal,2024-Q4,Expansion,,,,D-01705,VantageStudio B.V.,Mid-Market,PLG,41787.66,26.8,2025-02-09,Sofia Marchetti,False,0.0,True
deal,2024-Q4,Selection,,,,D-01706,SolsticeData GmbH,Mid-Market,Sales-led,26879.41,16.9,2024-10-01,Sofia Marchetti,False,0,
deal,2024-Q4,Selection,,,,D-01707,LucidCommerce GmbH,Mid-Market,PLG,33749.08,19.5,2024-10-01,Amara Okafor,False,0,False
deal,2024-Q4,Selection,,,,D-01708,SwiftCloud B.V.,Mid-Market,Sales-led,40363.94,29.1,2024-10-01,Declan Byrne,False,0,
deal,2024-Q4,Selection,,,,D-01709,SolsticeLogistics GmbH,Mid-Market,Sales-led,49527.23,18.3,2024-10-01,Fatima Zahra,False,0,
deal,2024-Q4,Selection,Commit,,,D-01710,CedarMetrics Ltd.,Mid-Market,PLG,28173.78,11.9,2024-10-01,Callum Reid,False,0,True
deal,2024-Q4,Commit,Onboarding,,,D-01710,CedarMetrics Ltd.,Mid-Market,PLG,28173.78,4.9,2024-10-12,Callum Reid,False,0,True
deal,2024-Q4,Onboarding,Adoption,,,D-01710,CedarMetrics Ltd.,Mid-Market,PLG,28173.78,19.7,2024-10-16,Callum Reid,False,0,True
deal,2024-Q4,Adoption,Renewal,,,D-01710,CedarMetrics Ltd.,Mid-Market,PLG,28173.78,61.1,2024-11-04,Callum Reid,False,0,True
deal,2024-Q4,Renewal,Expansion,,,D-01710,CedarMetrics Ltd.,Mid-Market,PLG,28173.78,28.1,2025-01-04,Callum Reid,False,0,True
deal,2024-Q4,Expansion,,,,D-01710,CedarMetrics Ltd.,Mid-Market,PLG,28173.78,45.9,2025-02-01,Callum Reid,False,11024.8,True
deal,2024-Q4,Selection,,,,D-01711,BlueCommerce Ltd.,Mid-Market,Sales-led,68733.53,21.3,2024-10-01,Amara Okafor,False,0,
deal,2024-Q4,Selection,,,,D-01712,AmberWorks Inc.,Mid-Market,Sales-led,73643.39,27.0,2024-10-01,Declan Byrne,False,0,
deal,2024-Q4,Selection,Commit,,,D-01713,SolsticeLabs GmbH,Mid-Market,PLG,11326.14,21.1,2024-10-01,Sofia Marchetti,False,0,True
deal,2024-Q4,Commit,Onboarding,,,D-01713,SolsticeLabs GmbH,Mid-Market,PLG,11326.14,1.1,2024-10-22,Sofia Marchetti,False,0,True
deal,2024-Q4,Onboarding,Adoption,,,D-01713,SolsticeLabs GmbH,Mid-Market,PLG,11326.14,19.0,2024-10-23,Sofia Marchetti,False,0,True
deal,2024-Q4,Adoption,Renewal,,,D-01713,SolsticeLabs GmbH,Mid-Market,PLG,11326.14,21.2,2024-11-11,Sofia Marchetti,False,0,True
deal,2024-Q4,Renewal,Expansion,,,D-01713,SolsticeLabs GmbH,Mid-Market,PLG,11326.14,15.6,2024-12-02,Sofia Marchetti,False,0,True
deal,2024-Q4,Expansion,,,,D-01713,SolsticeLabs GmbH,Mid-Market,PLG,11326.14,25.2,2024-12-17,Sofia Marchetti,False,4202.88,True
deal,2024-Q4,Selection,,,,D-01714,MeridianMetrics & Co.,Mid-Market,PLG,11702.79,15.4,2024-10-01,Aisling Kelly,False,0,False
deal,2024-Q4,Selection,,,,D-01715,SwiftStudio GmbH,Mid-Market,Sales-led,51751.12,25.0,2024-10-01,Marcus Webb,False,0,
deal,2024-Q4,Selection,,,,D-01716,AmberDynamics B.V.,Mid-Market,Sales-led,31312.56,37.6,2024-10-01,Ingrid Johansson,False,0,
deal,2024-Q4,Selection,,,,D-01717,AmberCloud Ltd.,Mid-Market,Sales-led,84866.65,28.4,2024-10-01,Ben Sorensen,False,0,
deal,2024-Q4,Selection,,,,D-01718,LucidCloud Group,Mid-Market,Sales-led,36748.41,17.3,2024-10-01,Fatima Zahra,False,0,
deal,2024-Q4,Selection,,,,D-01719,NovaWorks Inc.,Mid-Market,PLG,16879.36,25.9,2024-10-01,Marcus Webb,False,0,False
deal,2024-Q4,Selection,,,,D-01720,SwiftCommerce B.V.,Mid-Market,PLG,11882.35,24.5,2024-10-01,Rian de Groot,False,0,False
deal,2024-Q4,Selection,Commit,,,D-01721,RapidData Group,Mid-Market,Sales-led,65737.18,9.8,2024-10-01,Liam Fitzgerald,False,0,
deal,2024-Q4,Commit,Onboarding,,,D-01721,RapidData Group,Mid-Market,Sales-led,65737.18,7.9,2024-10-10,Liam Fitzgerald,False,0,
deal,2024-Q4,Onboarding,,,,D-01721,RapidData Group,Mid-Market,Sales-led,65737.18,8.8,2024-10-17,Liam Fitzgerald,True,0,
deal,2024-Q4,Selection,Commit,,,D-01722,AmberWorks GmbH,Mid-Market,PLG,22135.66,8.7,2024-10-01,Liam Fitzgerald,False,0,True
deal,2024-Q4,Commit,Onboarding,,,D-01722,AmberWorks GmbH,Mid-Market,PLG,22135.66,1.8,2024-10-09,Liam Fitzgerald,False,0,True
deal,2024-Q4,Onboarding,Adoption,,,D-01722,AmberWorks GmbH,Mid-Market,PLG,22135.66,39.3,2024-10-10,Liam Fitzgerald,False,0,True
deal,2024-Q4,Adoption,Renewal,,,D-01722,AmberWorks GmbH,Mid-Market,PLG,22135.66,36.4,2024-11-18,Liam Fitzgerald,False,0,True
deal,2024-Q4,Renewal,Expansion,,,D-01722,AmberWorks GmbH,Mid-Market,PLG,22135.66,26.2,2024-12-24,Liam Fitzgerald,False,0,True
deal,2024-Q4,Expansion,,,,D-01722,AmberWorks GmbH,Mid-Market,PLG,22135.66,12.5,2025-01-19,Liam Fitzgerald,False,0.0,True
deal,2024-Q4,Selection,,,,D-01723,VantageWorks Group,Mid-Market,PLG,10211.71,11.2,2024-10-01,Declan Byrne,False,0,False
deal,2024-Q4,Selection,,,,D-01724,AmberCommerce Inc.,Mid-Market,Sales-led,58067.54,21.3,2024-10-01,Callum Reid,False,0,
deal,2024-Q4,Selection,,,,D-01725,RapidSystems Group,Mid-Market,Sales-led,52599.67,26.9,2024-10-01,Sofia Marchetti,False,0,
deal,2024-Q4,Selection,,,,D-01726,SolsticeData GmbH,Mid-Market,Sales-led,67738.33,47.6,2024-10-01,Noor Haddad,False,0,
deal,2024-Q4,Selection,Commit,,,D-01727,KestrelCommerce B.V.,Mid-Market,PLG,24281.84,26.8,2024-10-01,Fatima Zahra,False,0,True
deal,2024-Q4,Commit,Onboarding,,,D-01727,KestrelCommerce B.V.,Mid-Market,PLG,24281.84,1.6,2024-10-27,Fatima Zahra,False,0,True
deal,2024-Q4,Onboarding,Adoption,,,D-01727,KestrelCommerce B.V.,Mid-Market,PLG,24281.84,25.3,2024-10-28,Fatima Zahra,False,0,True
deal,2024-Q4,Adoption,Renewal,,,D-01727,KestrelCommerce B.V.,Mid-Market,PLG,24281.84,46.6,2024-11-22,Fatima Zahra,False,0,True
deal,2024-Q4,Renewal,Expansion,,,D-01727,KestrelCommerce B.V.,Mid-Market,PLG,24281.84,38.4,2025-01-07,Fatima Zahra,False,0,True
deal,2024-Q4,Expansion,,,,D-01727,KestrelCommerce B.V.,Mid-Market,PLG,24281.84,33.3,2025-02-14,Fatima Zahra,False,0.0,True
deal,2024-Q4,Selection,,,,D-01728,SolsticeHealth Inc.,Mid-Market,Sales-led,61021.04,24.4,2024-10-01,Aisling Kelly,False,0,
deal,2024-Q4,Selection,,,,D-01729,SilverFinance GmbH,Mid-Market,Sales-led,35662.63,15.5,2024-10-01,Liam Fitzgerald,False,0,
deal,2024-Q4,Selection,,,,D-01730,NorthernSystems Group,Mid-Market,PLG,20595.04,26.4,2024-10-01,Fatima Zahra,False,0,False
deal,2024-Q4,Selection,Commit,,,D-01731,ClearData GmbH,Mid-Market,Sales-led,53740.96,25.1,2024-10-01,Fatima Zahra,False,0,
deal,2024-Q4,Commit,Onboarding,,,D-01731,ClearData GmbH,Mid-Market,Sales-led,53740.96,6.1,2024-10-26,Fatima Zahra,False,0,
deal,2024-Q4,Onboarding,Adoption,,,D-01731,ClearData GmbH,Mid-Market,Sales-led,53740.96,7.6,2024-11-01,Fatima Zahra,False,0,
deal,2024-Q4,Adoption,Renewal,,,D-01731,ClearData GmbH,Mid-Market,Sales-led,53740.96,42.8,2024-11-08,Fatima Zahra,False,0,
deal,2024-Q4,Renewal,,,,D-01731,ClearData GmbH,Mid-Market,Sales-led,53740.96,8.1,2024-12-20,Fatima Zahra,True,0,
deal,2024-Q4,Selection,,,,D-01732,NorthernMetrics GmbH,Mid-Market,PLG,17790.58,14.5,2024-10-01,Priya Natarajan,False,0,False
deal,2024-Q4,Selection,,,,D-01733,PrimeMetrics B.V.,Mid-Market,Sales-led,37242.15,23.2,2024-10-01,Callum Reid,False,0,
deal,2024-Q4,Selection,,,,D-01734,PrimeStudio & Co.,Mid-Market,PLG,13948.07,20.1,2024-10-01,Tariq Aziz,False,0,False
deal,2025-Q1,Selection,,,,D-01735,HarborSystems B.V.,Mid-Market,PLG,30004.06,29.5,2025-01-01,Yuki Tanaka,False,0,False
deal,2025-Q1,Selection,,,,D-01736,AmberRobotics Inc.,Mid-Market,Sales-led,55346.41,26.0,2025-01-01,Declan Byrne,False,0,
deal,2025-Q1,Selection,,,,D-01737,BoldDynamics & Co.,Mid-Market,Sales-led,49919.15,17.3,2025-01-01,Tariq Aziz,False,0,
deal,2025-Q1,Selection,,,,D-01738,MeridianDynamics GmbH,Mid-Market,Sales-led,48356.12,20.0,2025-01-01,Amara Okafor,False,0,
deal,2025-Q1,Selection,,,,D-01739,RapidSystems GmbH,Mid-Market,Sales-led,51700.24,17.0,2025-01-01,Sofia Marchetti,False,0,
deal,2025-Q1,Selection,,,,D-01740,CedarSignal B.V.,Mid-Market,PLG,31369.6,20.7,2025-01-01,Ben Sorensen,False,0,False
deal,2025-Q1,Selection,Commit,,,D-01741,CedarRobotics Ltd.,Mid-Market,PLG,54502.01,13.5,2025-01-01,Tariq Aziz,False,0,True
deal,2025-Q1,Commit,Onboarding,,,D-01741,CedarRobotics Ltd.,Mid-Market,PLG,54502.01,3.7,2025-01-14,Tariq Aziz,False,0,True
deal,2025-Q1,Onboarding,Adoption,,,D-01741,CedarRobotics Ltd.,Mid-Market,PLG,54502.01,17.0,2025-01-17,Tariq Aziz,False,0,True
deal,2025-Q1,Adoption,Renewal,,,D-01741,CedarRobotics Ltd.,Mid-Market,PLG,54502.01,40.4,2025-02-03,Tariq Aziz,False,0,True
deal,2025-Q1,Renewal,Expansion,,,D-01741,CedarRobotics Ltd.,Mid-Market,PLG,54502.01,18.2,2025-03-15,Tariq Aziz,False,0,True
deal,2025-Q1,Expansion,,,,D-01741,CedarRobotics Ltd.,Mid-Market,PLG,54502.01,29.8,2025-04-02,Tariq Aziz,False,18837.71,True
deal,2025-Q1,Selection,Commit,,,D-01742,BrightData GmbH,Mid-Market,Sales-led,41024.74,38.7,2025-01-01,Sofia Marchetti,False,0,
deal,2025-Q1,Commit,Onboarding,,,D-01742,BrightData GmbH,Mid-Market,Sales-led,41024.74,7.0,2025-02-08,Sofia Marchetti,False,0,
deal,2025-Q1,Onboarding,Adoption,,,D-01742,BrightData GmbH,Mid-Market,Sales-led,41024.74,18.7,2025-02-15,Sofia Marchetti,False,0,
deal,2025-Q1,Adoption,Renewal,,,D-01742,BrightData GmbH,Mid-Market,Sales-led,41024.74,41.9,2025-03-05,Sofia Marchetti,False,0,
deal,2025-Q1,Renewal,Expansion,,,D-01742,BrightData GmbH,Mid-Market,Sales-led,41024.74,17.0,2025-04-15,Sofia Marchetti,False,0,
deal,2025-Q1,Expansion,,,,D-01742,BrightData GmbH,Mid-Market,Sales-led,41024.74,35.4,2025-05-02,Sofia Marchetti,False,0.0,
deal,2025-Q1,Selection,,,,D-01743,NovaSystems B.V.,Mid-Market,Sales-led,45815.46,45.1,2025-01-01,Fatima Zahra,False,0,
deal,2025-Q1,Selection,,,,D-01744,BoldWorks GmbH,Mid-Market,Sales-led,53351.87,18.6,2025-01-01,Marcus Webb,False,0,
deal,2025-Q1,Selection,Commit,,,D-01745,AmberCloud GmbH,Mid-Market,PLG,20835.52,13.0,2025-01-01,Liam Fitzgerald,False,0,True
deal,2025-Q1,Commit,Onboarding,,,D-01745,AmberCloud GmbH,Mid-Market,PLG,20835.52,3.5,2025-01-14,Liam Fitzgerald,False,0,True
deal,2025-Q1,Onboarding,Adoption,,,D-01745,AmberCloud GmbH,Mid-Market,PLG,20835.52,30.1,2025-01-17,Liam Fitzgerald,False,0,True
deal,2025-Q1,Adoption,Renewal,,,D-01745,AmberCloud GmbH,Mid-Market,PLG,20835.52,76.5,2025-02-16,Liam Fitzgerald,False,0,True
deal,2025-Q1,Renewal,Expansion,,,D-01745,AmberCloud GmbH,Mid-Market,PLG,20835.52,15.1,2025-05-03,Liam Fitzgerald,False,0,True
deal,2025-Q1,Expansion,,,,D-01745,AmberCloud GmbH,Mid-Market,PLG,20835.52,84.4,2025-05-18,Liam Fitzgerald,False,0.0,True
deal,2025-Q1,Selection,,,,D-01746,AmberCommerce Group,Mid-Market,PLG,13971.75,13.4,2025-01-01,Declan Byrne,False,0,False
deal,2025-Q1,Selection,,,,D-01747,ClearRobotics Inc.,Mid-Market,PLG,35152.09,12.1,2025-01-01,Elena Petrova,False,0,True
deal,2025-Q1,Selection,Commit,,,D-01748,SolsticeCommerce & Co.,Mid-Market,PLG,23234.68,12.5,2025-01-01,Rian de Groot,False,0,False
deal,2025-Q1,Commit,Onboarding,,,D-01748,SolsticeCommerce & Co.,Mid-Market,PLG,23234.68,2.1,2025-01-13,Rian de Groot,False,0,False
deal,2025-Q1,Onboarding,Adoption,,,D-01748,SolsticeCommerce & Co.,Mid-Market,PLG,23234.68,17.8,2025-01-15,Rian de Groot,False,0,False
deal,2025-Q1,Adoption,Renewal,,,D-01748,SolsticeCommerce & Co.,Mid-Market,PLG,23234.68,43.6,2025-02-01,Rian de Groot,False,0,False
deal,2025-Q1,Renewal,Expansion,,,D-01748,SolsticeCommerce & Co.,Mid-Market,PLG,23234.68,10.6,2025-03-16,Rian de Groot,False,0,False
deal,2025-Q1,Expansion,,,,D-01748,SolsticeCommerce & Co.,Mid-Market,PLG,23234.68,50.6,2025-03-26,Rian de Groot,False,5842.95,False
deal,2025-Q1,Selection,,,,D-01749,CedarFinance GmbH,Mid-Market,PLG,21311.04,17.6,2025-01-01,Rian de Groot,False,0,False
deal,2025-Q1,Selection,,,,D-01750,BoldRobotics GmbH,Mid-Market,Sales-led,35138.45,14.9,2025-01-01,Amara Okafor,False,0,
deal,2025-Q1,Selection,,,,D-01751,SilverData Ltd.,Mid-Market,PLG,21954.8,19.2,2025-01-01,Priya Natarajan,False,0,False
deal,2025-Q1,Selection,Commit,,,D-01752,KestrelSolutions B.V.,Mid-Market,PLG,22719.86,12.3,2025-01-01,Yuki Tanaka,False,0,True
deal,2025-Q1,Commit,Onboarding,,,D-01752,KestrelSolutions B.V.,Mid-Market,PLG,22719.86,2.1,2025-01-13,Yuki Tanaka,False,0,True
deal,2025-Q1,Onboarding,Adoption,,,D-01752,KestrelSolutions B.V.,Mid-Market,PLG,22719.86,20.6,2025-01-15,Yuki Tanaka,False,0,True
deal,2025-Q1,Adoption,Renewal,,,D-01752,KestrelSolutions B.V.,Mid-Market,PLG,22719.86,35.9,2025-02-04,Yuki Tanaka,False,0,True
deal,2025-Q1,Renewal,,,,D-01752,KestrelSolutions B.V.,Mid-Market,PLG,22719.86,13.5,2025-03-11,Yuki Tanaka,True,0,True
deal,2025-Q1,Selection,,,,D-01753,NorthernCloud Group,Mid-Market,PLG,20077.36,27.1,2025-01-01,Elena Petrova,False,0,True
deal,2025-Q1,Selection,,,,D-01754,BrightFinance & Co.,Mid-Market,PLG,21260.97,17.0,2025-01-01,Priya Natarajan,False,0,True
deal,2025-Q1,Selection,,,,D-01755,LucidLogistics & Co.,Mid-Market,PLG,30694.14,22.8,2025-01-01,Fatima Zahra,False,0,True
deal,2025-Q1,Selection,,,,D-01756,RapidMetrics B.V.,Mid-Market,Sales-led,60662.17,18.2,2025-01-01,Marcus Webb,False,0,
deal,2025-Q1,Selection,,,,D-01757,KestrelAnalytics & Co.,Mid-Market,Sales-led,60144.29,19.1,2025-01-01,Ingrid Johansson,False,0,
deal,2025-Q1,Selection,,,,D-01758,PrimeFinance & Co.,Mid-Market,Sales-led,58905.35,20.3,2025-01-01,Liam Fitzgerald,False,0,
deal,2025-Q1,Selection,,,,D-01759,CedarHealth Group,Mid-Market,Sales-led,59504.85,28.5,2025-01-01,Liam Fitzgerald,False,0,
deal,2025-Q1,Selection,Commit,,,D-01760,BrightSystems & Co.,Mid-Market,Sales-led,54955.17,25.8,2025-01-01,Ingrid Johansson,False,0,
deal,2025-Q1,Commit,Onboarding,,,D-01760,BrightSystems & Co.,Mid-Market,Sales-led,54955.17,6.8,2025-01-26,Ingrid Johansson,False,0,
deal,2025-Q1,Onboarding,Adoption,,,D-01760,BrightSystems & Co.,Mid-Market,Sales-led,54955.17,24.1,2025-02-01,Ingrid Johansson,False,0,
deal,2025-Q1,Adoption,Renewal,,,D-01760,BrightSystems & Co.,Mid-Market,Sales-led,54955.17,66.9,2025-02-25,Ingrid Johansson,False,0,
deal,2025-Q1,Renewal,Expansion,,,D-01760,BrightSystems & Co.,Mid-Market,Sales-led,54955.17,24.2,2025-05-02,Ingrid Johansson,False,0,
deal,2025-Q1,Expansion,,,,D-01760,BrightSystems & Co.,Mid-Market,Sales-led,54955.17,26.9,2025-05-26,Ingrid Johansson,False,0.0,
deal,2025-Q1,Selection,,,,D-01761,MeridianData GmbH,Mid-Market,Sales-led,63941.36,39.2,2025-01-01,Liam Fitzgerald,False,0,
deal,2025-Q1,Selection,Commit,,,D-01762,BrightDynamics & Co.,Mid-Market,Sales-led,110768.58,22.2,2025-01-01,Liam Fitzgerald,False,0,
deal,2025-Q1,Commit,Onboarding,,,D-01762,BrightDynamics & Co.,Mid-Market,Sales-led,110768.58,9.1,2025-01-23,Liam Fitzgerald,False,0,
deal,2025-Q1,Onboarding,Adoption,,,D-01762,BrightDynamics & Co.,Mid-Market,Sales-led,110768.58,24.1,2025-02-01,Liam Fitzgerald,False,0,
deal,2025-Q1,Adoption,Renewal,,,D-01762,BrightDynamics & Co.,Mid-Market,Sales-led,110768.58,53.3,2025-02-25,Liam Fitzgerald,False,0,
deal,2025-Q1,Renewal,Expansion,,,D-01762,BrightDynamics & Co.,Mid-Market,Sales-led,110768.58,46.4,2025-04-19,Liam Fitzgerald,False,0,
deal,2025-Q1,Expansion,,,,D-01762,BrightDynamics & Co.,Mid-Market,Sales-led,110768.58,33.1,2025-06-04,Liam Fitzgerald,False,47722.9,
deal,2025-Q1,Selection,Commit,,,D-01763,NovaStudio & Co.,Mid-Market,PLG,25938.9,8.0,2025-01-01,Elena Petrova,False,0,False
deal,2025-Q1,Commit,,,,D-01763,NovaStudio & Co.,Mid-Market,PLG,25938.9,1.5,2025-01-09,Elena Petrova,True,0,False
deal,2025-Q1,Selection,Commit,,,D-01764,NorthernHealth B.V.,Mid-Market,Sales-led,38056.85,49.5,2025-01-01,Yuki Tanaka,False,0,
deal,2025-Q1,Commit,Onboarding,,,D-01764,NorthernHealth B.V.,Mid-Market,Sales-led,38056.85,3.3,2025-02-19,Yuki Tanaka,False,0,
deal,2025-Q1,Onboarding,Adoption,,,D-01764,NorthernHealth B.V.,Mid-Market,Sales-led,38056.85,29.3,2025-02-22,Yuki Tanaka,False,0,
deal,2025-Q1,Adoption,Renewal,,,D-01764,NorthernHealth B.V.,Mid-Market,Sales-led,38056.85,72.9,2025-03-23,Yuki Tanaka,False,0,
deal,2025-Q1,Renewal,Expansion,,,D-01764,NorthernHealth B.V.,Mid-Market,Sales-led,38056.85,22.4,2025-06-03,Yuki Tanaka,False,0,
deal,2025-Q1,Expansion,,,,D-01764,NorthernHealth B.V.,Mid-Market,Sales-led,38056.85,61.0,2025-06-25,Yuki Tanaka,False,0.0,
deal,2025-Q1,Selection,,,,D-01765,HarborCommerce & Co.,Mid-Market,PLG,21235.14,17.1,2025-01-01,Ingrid Johansson,False,0,False
deal,2025-Q1,Selection,,,,D-01766,SolsticeCommerce Inc.,Mid-Market,PLG,22389.41,9.5,2025-01-01,Elena Petrova,False,0,True
deal,2025-Q1,Selection,,,,D-01767,BoldFinance Inc.,Mid-Market,Sales-led,56083.6,22.4,2025-01-01,Sofia Marchetti,False,0,
deal,2025-Q1,Selection,,,,D-01768,SilverDynamics & Co.,Mid-Market,Sales-led,48734.29,31.8,2025-01-01,Noor Haddad,False,0,
deal,2025-Q1,Selection,,,,D-01769,LucidAnalytics B.V.,Mid-Market,PLG,24528.38,20.7,2025-01-01,Liam Fitzgerald,False,0,False
deal,2025-Q1,Selection,,,,D-01770,BlueData & Co.,Mid-Market,PLG,31933.06,18.3,2025-01-01,Noor Haddad,False,0,False
deal,2025-Q1,Selection,Commit,,,D-01771,MeridianCommerce Ltd.,Mid-Market,PLG,21769.87,15.3,2025-01-01,Priya Natarajan,False,0,True
deal,2025-Q1,Commit,Onboarding,,,D-01771,MeridianCommerce Ltd.,Mid-Market,PLG,21769.87,2.4,2025-01-16,Priya Natarajan,False,0,True
deal,2025-Q1,Onboarding,Adoption,,,D-01771,MeridianCommerce Ltd.,Mid-Market,PLG,21769.87,23.0,2025-01-18,Priya Natarajan,False,0,True
deal,2025-Q1,Adoption,Renewal,,,D-01771,MeridianCommerce Ltd.,Mid-Market,PLG,21769.87,48.0,2025-02-10,Priya Natarajan,False,0,True
deal,2025-Q1,Renewal,,,,D-01771,MeridianCommerce Ltd.,Mid-Market,PLG,21769.87,32.8,2025-03-30,Priya Natarajan,True,0,True
deal,2025-Q1,Selection,,,,D-01772,BoldLabs GmbH,Mid-Market,PLG,17237.84,19.5,2025-01-01,Yuki Tanaka,False,0,False
deal,2025-Q1,Selection,,,,D-01773,MeridianFinance & Co.,Mid-Market,Sales-led,77665.18,35.3,2025-01-01,Priya Natarajan,False,0,
deal,2025-Q1,Selection,,,,D-01774,SilverLabs B.V.,Mid-Market,Sales-led,54914.06,26.4,2025-01-01,Ben Sorensen,False,0,
deal,2025-Q1,Selection,Commit,,,D-01775,VantageLabs & Co.,Mid-Market,PLG,19651.47,4.7,2025-01-01,Amara Okafor,False,0,False
deal,2025-Q1,Commit,Onboarding,,,D-01775,VantageLabs & Co.,Mid-Market,PLG,19651.47,1.9,2025-01-05,Amara Okafor,False,0,False
deal,2025-Q1,Onboarding,Adoption,,,D-01775,VantageLabs & Co.,Mid-Market,PLG,19651.47,15.5,2025-01-06,Amara Okafor,False,0,False
deal,2025-Q1,Adoption,Renewal,,,D-01775,VantageLabs & Co.,Mid-Market,PLG,19651.47,31.8,2025-01-21,Amara Okafor,False,0,False
deal,2025-Q1,Renewal,Expansion,,,D-01775,VantageLabs & Co.,Mid-Market,PLG,19651.47,27.9,2025-02-21,Amara Okafor,False,0,False
deal,2025-Q1,Expansion,,,,D-01775,VantageLabs & Co.,Mid-Market,PLG,19651.47,40.1,2025-03-20,Amara Okafor,False,4469.75,False
deal,2025-Q1,Selection,,,,D-01776,AmberSignal Ltd.,Mid-Market,PLG,45156.53,15.7,2025-01-01,Amara Okafor,False,0,True
deal,2025-Q1,Selection,,,,D-01777,VantageLabs & Co.,Mid-Market,Sales-led,61679.01,24.6,2025-01-01,Sofia Marchetti,False,0,
deal,2025-Q1,Selection,,,,D-01778,BrightCloud Group,Mid-Market,PLG,40814.53,32.8,2025-01-01,Ben Sorensen,False,0,False
deal,2025-Q1,Selection,,,,D-01779,BoldStudio & Co.,Mid-Market,PLG,16988.2,12.3,2025-01-01,Callum Reid,False,0,False
deal,2025-Q1,Selection,,,,D-01780,KestrelLogistics B.V.,Mid-Market,Sales-led,42776.23,19.5,2025-01-01,Yuki Tanaka,False,0,
deal,2025-Q1,Selection,Commit,,,D-01781,SilverWorks B.V.,Mid-Market,Sales-led,77920.65,14.4,2025-01-01,Liam Fitzgerald,False,0,
deal,2025-Q1,Commit,Onboarding,,,D-01781,SilverWorks B.V.,Mid-Market,Sales-led,77920.65,4.6,2025-01-15,Liam Fitzgerald,False,0,
deal,2025-Q1,Onboarding,Adoption,,,D-01781,SilverWorks B.V.,Mid-Market,Sales-led,77920.65,44.6,2025-01-19,Liam Fitzgerald,False,0,
deal,2025-Q1,Adoption,Renewal,,,D-01781,SilverWorks B.V.,Mid-Market,Sales-led,77920.65,45.0,2025-03-04,Liam Fitzgerald,False,0,
deal,2025-Q1,Renewal,Expansion,,,D-01781,SilverWorks B.V.,Mid-Market,Sales-led,77920.65,11.9,2025-04-18,Liam Fitzgerald,False,0,
deal,2025-Q1,Expansion,,,,D-01781,SilverWorks B.V.,Mid-Market,Sales-led,77920.65,34.1,2025-04-29,Liam Fitzgerald,False,27108.84,
deal,2025-Q1,Selection,,,,D-01782,BrightAnalytics & Co.,Mid-Market,PLG,17509.26,25.2,2025-01-01,Ingrid Johansson,False,0,True
deal,2025-Q1,Selection,,,,D-01783,LucidCommerce Inc.,Mid-Market,Sales-led,31678.85,30.3,2025-01-01,Declan Byrne,False,0,
deal,2025-Q1,Selection,Commit,,,D-01784,NorthernSystems Ltd.,Mid-Market,Sales-led,20592.7,17.6,2025-01-01,Rian de Groot,False,0,
deal,2025-Q1,Commit,Onboarding,,,D-01784,NorthernSystems Ltd.,Mid-Market,Sales-led,20592.7,10.2,2025-01-18,Rian de Groot,False,0,
deal,2025-Q1,Onboarding,Adoption,,,D-01784,NorthernSystems Ltd.,Mid-Market,Sales-led,20592.7,11.4,2025-01-28,Rian de Groot,False,0,
deal,2025-Q1,Adoption,Renewal,,,D-01784,NorthernSystems Ltd.,Mid-Market,Sales-led,20592.7,58.8,2025-02-08,Rian de Groot,False,0,
deal,2025-Q1,Renewal,Expansion,,,D-01784,NorthernSystems Ltd.,Mid-Market,Sales-led,20592.7,28.0,2025-04-07,Rian de Groot,False,0,
deal,2025-Q1,Expansion,,,,D-01784,NorthernSystems Ltd.,Mid-Market,Sales-led,20592.7,13.8,2025-05-05,Rian de Groot,False,7008.16,
deal,2025-Q1,Selection,,,,D-01785,HarborAnalytics & Co.,Mid-Market,PLG,17617.6,12.0,2025-01-01,Callum Reid,False,0,False
deal,2025-Q1,Selection,,,,D-01786,SilverLabs Ltd.,Mid-Market,Sales-led,29794.33,36.6,2025-01-01,Noor Haddad,False,0,
deal,2025-Q1,Selection,,,,D-01787,KestrelMetrics Group,Mid-Market,Sales-led,33861.89,21.8,2025-01-01,Liam Fitzgerald,False,0,
deal,2025-Q1,Selection,,,,D-01788,ClearCommerce B.V.,Mid-Market,Sales-led,41452.69,37.2,2025-01-01,Priya Natarajan,False,0,
deal,2025-Q1,Selection,,,,D-01789,HarborAnalytics GmbH,Mid-Market,PLG,28527.26,18.0,2025-01-01,Noor Haddad,False,0,False
deal,2025-Q1,Selection,,,,D-01790,CedarStudio B.V.,Mid-Market,PLG,12807.86,11.1,2025-01-01,Yuki Tanaka,False,0,True
deal,2025-Q1,Selection,Commit,,,D-01791,ClearDynamics Ltd.,Mid-Market,PLG,40614.71,19.3,2025-01-01,Ingrid Johansson,False,0,True
deal,2025-Q1,Commit,Onboarding,,,D-01791,ClearDynamics Ltd.,Mid-Market,PLG,40614.71,2.6,2025-01-20,Ingrid Johansson,False,0,True
deal,2025-Q1,Onboarding,Adoption,,,D-01791,ClearDynamics Ltd.,Mid-Market,PLG,40614.71,20.5,2025-01-22,Ingrid Johansson,False,0,True
deal,2025-Q1,Adoption,Renewal,,,D-01791,ClearDynamics Ltd.,Mid-Market,PLG,40614.71,128.0,2025-02-11,Ingrid Johansson,False,0,True
deal,2025-Q1,Renewal,Expansion,,,D-01791,ClearDynamics Ltd.,Mid-Market,PLG,40614.71,21.9,2025-06-19,Ingrid Johansson,False,0,True
deal,2025-Q1,Expansion,,,,D-01791,ClearDynamics Ltd.,Mid-Market,PLG,40614.71,57.8,2025-07-10,Ingrid Johansson,False,0.0,True
deal,2025-Q1,Selection,,,,D-01792,HarborWorks Ltd.,Mid-Market,Sales-led,28968.21,20.4,2025-01-01,Sofia Marchetti,False,0,
deal,2025-Q1,Selection,,,,D-01793,AmberHealth GmbH,Mid-Market,PLG,30009.85,15.7,2025-01-01,Aisling Kelly,False,0,False
deal,2025-Q1,Selection,,,,D-01794,CedarSignal Inc.,Mid-Market,Sales-led,49501.92,33.5,2025-01-01,Priya Natarajan,False,0,
deal,2025-Q1,Selection,Commit,,,D-01795,RapidData & Co.,Mid-Market,Sales-led,30015.46,22.8,2025-01-01,Marcus Webb,False,0,
deal,2025-Q1,Commit,Onboarding,,,D-01795,RapidData & Co.,Mid-Market,Sales-led,30015.46,5.0,2025-01-23,Marcus Webb,False,0,
deal,2025-Q1,Onboarding,Adoption,,,D-01795,RapidData & Co.,Mid-Market,Sales-led,30015.46,23.7,2025-01-28,Marcus Webb,False,0,
deal,2025-Q1,Adoption,Renewal,,,D-01795,RapidData & Co.,Mid-Market,Sales-led,30015.46,57.7,2025-02-20,Marcus Webb,False,0,
deal,2025-Q1,Renewal,Expansion,,,D-01795,RapidData & Co.,Mid-Market,Sales-led,30015.46,25.0,2025-04-18,Marcus Webb,False,0,
deal,2025-Q1,Expansion,,,,D-01795,RapidData & Co.,Mid-Market,Sales-led,30015.46,33.5,2025-05-13,Marcus Webb,False,13232.29,
deal,2025-Q1,Selection,Commit,,,D-01796,MeridianAnalytics Inc.,Mid-Market,PLG,24240.87,12.4,2025-01-01,Liam Fitzgerald,False,0,False
deal,2025-Q1,Commit,Onboarding,,,D-01796,MeridianAnalytics Inc.,Mid-Market,PLG,24240.87,3.3,2025-01-13,Liam Fitzgerald,False,0,False
deal,2025-Q1,Onboarding,Adoption,,,D-01796,MeridianAnalytics Inc.,Mid-Market,PLG,24240.87,14.4,2025-01-16,Liam Fitzgerald,False,0,False
deal,2025-Q1,Adoption,Renewal,,,D-01796,MeridianAnalytics Inc.,Mid-Market,PLG,24240.87,50.4,2025-01-30,Liam Fitzgerald,False,0,False
deal,2025-Q1,Renewal,Expansion,,,D-01796,MeridianAnalytics Inc.,Mid-Market,PLG,24240.87,20.1,2025-03-21,Liam Fitzgerald,False,0,False
deal,2025-Q1,Expansion,,,,D-01796,MeridianAnalytics Inc.,Mid-Market,PLG,24240.87,34.6,2025-04-10,Liam Fitzgerald,False,0.0,False
deal,2025-Q1,Selection,,,,D-01797,RapidLogistics Ltd.,Mid-Market,Sales-led,53824.86,41.6,2025-01-01,Priya Natarajan,False,0,
deal,2025-Q1,Selection,,,,D-01798,MeridianCloud & Co.,Mid-Market,PLG,18228.26,11.7,2025-01-01,Priya Natarajan,False,0,False
deal,2025-Q1,Selection,,,,D-01799,ClearSystems Group,Mid-Market,Sales-led,49434.62,24.8,2025-01-01,Yuki Tanaka,False,0,
deal,2025-Q1,Selection,Commit,,,D-01800,BoldAnalytics Inc.,Mid-Market,PLG,30455.81,18.1,2025-01-01,Callum Reid,False,0,True
deal,2025-Q1,Commit,Onboarding,,,D-01800,BoldAnalytics Inc.,Mid-Market,PLG,30455.81,3.5,2025-01-19,Callum Reid,False,0,True
deal,2025-Q1,Onboarding,Adoption,,,D-01800,BoldAnalytics Inc.,Mid-Market,PLG,30455.81,23.2,2025-01-22,Callum Reid,False,0,True
deal,2025-Q1,Adoption,Renewal,,,D-01800,BoldAnalytics Inc.,Mid-Market,PLG,30455.81,61.1,2025-02-14,Callum Reid,False,0,True
deal,2025-Q1,Renewal,Expansion,,,D-01800,BoldAnalytics Inc.,Mid-Market,PLG,30455.81,38.1,2025-04-16,Callum Reid,False,0,True
deal,2025-Q1,Expansion,,,,D-01800,BoldAnalytics Inc.,Mid-Market,PLG,30455.81,35.9,2025-05-24,Callum Reid,False,0.0,True
deal,2025-Q1,Selection,,,,D-01801,SwiftAnalytics Inc.,Mid-Market,Sales-led,45345.56,24.2,2025-01-01,Declan Byrne,False,0,
deal,2025-Q1,Selection,Commit,,,D-01802,RapidRobotics Inc.,Mid-Market,Sales-led,58274.84,11.2,2025-01-01,Rian de Groot,False,0,
deal,2025-Q1,Commit,Onboarding,,,D-01802,RapidRobotics Inc.,Mid-Market,Sales-led,58274.84,11.3,2025-01-12,Rian de Groot,False,0,
deal,2025-Q1,Onboarding,Adoption,,,D-01802,RapidRobotics Inc.,Mid-Market,Sales-led,58274.84,24.3,2025-01-23,Rian de Groot,False,0,
deal,2025-Q1,Adoption,Renewal,,,D-01802,RapidRobotics Inc.,Mid-Market,Sales-led,58274.84,31.7,2025-02-16,Rian de Groot,False,0,
deal,2025-Q1,Renewal,Expansion,,,D-01802,RapidRobotics Inc.,Mid-Market,Sales-led,58274.84,19.1,2025-03-19,Rian de Groot,False,0,
deal,2025-Q1,Expansion,,,,D-01802,RapidRobotics Inc.,Mid-Market,Sales-led,58274.84,21.3,2025-04-07,Rian de Groot,False,0.0,
deal,2025-Q1,Selection,Commit,,,D-01803,NovaLogistics GmbH,Mid-Market,Sales-led,40799.69,43.3,2025-01-01,Tariq Aziz,False,0,
deal,2025-Q1,Commit,Onboarding,,,D-01803,NovaLogistics GmbH,Mid-Market,Sales-led,40799.69,3.0,2025-02-13,Tariq Aziz,False,0,
deal,2025-Q1,Onboarding,Adoption,,,D-01803,NovaLogistics GmbH,Mid-Market,Sales-led,40799.69,11.9,2025-02-16,Tariq Aziz,False,0,
deal,2025-Q1,Adoption,Renewal,,,D-01803,NovaLogistics GmbH,Mid-Market,Sales-led,40799.69,67.8,2025-02-27,Tariq Aziz,False,0,
deal,2025-Q1,Renewal,Expansion,,,D-01803,NovaLogistics GmbH,Mid-Market,Sales-led,40799.69,28.0,2025-05-05,Tariq Aziz,False,0,
deal,2025-Q1,Expansion,,,,D-01803,NovaLogistics GmbH,Mid-Market,Sales-led,40799.69,29.9,2025-06-02,Tariq Aziz,False,0.0,
deal,2025-Q1,Selection,,,,D-01804,RapidMetrics Group,Mid-Market,PLG,16597.49,13.3,2025-01-01,Amara Okafor,False,0,False
deal,2025-Q1,Selection,,,,D-01805,KestrelCloud Ltd.,Mid-Market,Sales-led,68360.26,20.2,2025-01-01,Sofia Marchetti,False,0,
deal,2025-Q1,Selection,,,,D-01806,SilverRobotics Group,Mid-Market,Sales-led,39698.47,14.6,2025-01-01,Marcus Webb,False,0,
deal,2025-Q1,Selection,,,,D-01807,ClearAnalytics Group,Mid-Market,PLG,24265.02,25.5,2025-01-01,Aisling Kelly,False,0,True
deal,2025-Q1,Selection,,,,D-01808,BrightData B.V.,Mid-Market,PLG,29801.03,23.0,2025-01-01,Ben Sorensen,False,0,False
deal,2025-Q1,Selection,,,,D-01809,PrimeSolutions Ltd.,Mid-Market,Sales-led,50707.39,20.4,2025-01-01,Ingrid Johansson,False,0,
deal,2025-Q1,Selection,Commit,,,D-01810,NovaData GmbH,Mid-Market,PLG,20095.91,11.0,2025-01-01,Fatima Zahra,False,0,False
deal,2025-Q1,Commit,,,,D-01810,NovaData GmbH,Mid-Market,PLG,20095.91,3.2,2025-01-12,Fatima Zahra,True,0,False
deal,2025-Q1,Selection,,,,D-01811,BlueData Inc.,Mid-Market,PLG,19245.96,22.7,2025-01-01,Elena Petrova,False,0,True
deal,2025-Q1,Selection,Commit,,,D-01812,LucidSolutions GmbH,Mid-Market,Sales-led,52534.98,19.4,2025-01-01,Liam Fitzgerald,False,0,
deal,2025-Q1,Commit,Onboarding,,,D-01812,LucidSolutions GmbH,Mid-Market,Sales-led,52534.98,5.1,2025-01-20,Liam Fitzgerald,False,0,
deal,2025-Q1,Onboarding,Adoption,,,D-01812,LucidSolutions GmbH,Mid-Market,Sales-led,52534.98,11.8,2025-01-25,Liam Fitzgerald,False,0,
deal,2025-Q1,Adoption,Renewal,,,D-01812,LucidSolutions GmbH,Mid-Market,Sales-led,52534.98,107.1,2025-02-05,Liam Fitzgerald,False,0,
deal,2025-Q1,Renewal,Expansion,,,D-01812,LucidSolutions GmbH,Mid-Market,Sales-led,52534.98,30.5,2025-05-23,Liam Fitzgerald,False,0,
deal,2025-Q1,Expansion,,,,D-01812,LucidSolutions GmbH,Mid-Market,Sales-led,52534.98,56.8,2025-06-22,Liam Fitzgerald,False,12981.61,
deal,2025-Q1,Selection,Commit,,,D-01813,KestrelFinance Inc.,Mid-Market,Sales-led,34949.83,23.7,2025-01-01,Ben Sorensen,False,0,
deal,2025-Q1,Commit,Onboarding,,,D-01813,KestrelFinance Inc.,Mid-Market,Sales-led,34949.83,7.1,2025-01-24,Ben Sorensen,False,0,
deal,2025-Q1,Onboarding,Adoption,,,D-01813,KestrelFinance Inc.,Mid-Market,Sales-led,34949.83,15.3,2025-01-31,Ben Sorensen,False,0,
deal,2025-Q1,Adoption,Renewal,,,D-01813,KestrelFinance Inc.,Mid-Market,Sales-led,34949.83,53.5,2025-02-15,Ben Sorensen,False,0,
deal,2025-Q1,Renewal,Expansion,,,D-01813,KestrelFinance Inc.,Mid-Market,Sales-led,34949.83,13.3,2025-04-09,Ben Sorensen,False,0,
deal,2025-Q1,Expansion,,,,D-01813,KestrelFinance Inc.,Mid-Market,Sales-led,34949.83,98.5,2025-04-22,Ben Sorensen,False,0.0,
deal,2025-Q1,Selection,Commit,,,D-01814,CedarData GmbH,Mid-Market,Sales-led,47957.22,7.7,2025-01-01,Amara Okafor,False,0,
deal,2025-Q1,Commit,Onboarding,,,D-01814,CedarData GmbH,Mid-Market,Sales-led,47957.22,4.8,2025-01-08,Amara Okafor,False,0,
deal,2025-Q1,Onboarding,Adoption,,,D-01814,CedarData GmbH,Mid-Market,Sales-led,47957.22,11.3,2025-01-12,Amara Okafor,False,0,
deal,2025-Q1,Adoption,Renewal,,,D-01814,CedarData GmbH,Mid-Market,Sales-led,47957.22,73.1,2025-01-23,Amara Okafor,False,0,
deal,2025-Q1,Renewal,Expansion,,,D-01814,CedarData GmbH,Mid-Market,Sales-led,47957.22,11.4,2025-04-06,Amara Okafor,False,0,
deal,2025-Q1,Expansion,,,,D-01814,CedarData GmbH,Mid-Market,Sales-led,47957.22,67.8,2025-04-17,Amara Okafor,False,18909.28,
deal,2025-Q1,Selection,Commit,,,D-01815,SolsticeFinance GmbH,Mid-Market,Sales-led,47673.06,32.6,2025-01-01,Sofia Marchetti,False,0,
deal,2025-Q1,Commit,Onboarding,,,D-01815,SolsticeFinance GmbH,Mid-Market,Sales-led,47673.06,8.6,2025-02-02,Sofia Marchetti,False,0,
deal,2025-Q1,Onboarding,Adoption,,,D-01815,SolsticeFinance GmbH,Mid-Market,Sales-led,47673.06,18.5,2025-02-10,Sofia Marchetti,False,0,
deal,2025-Q1,Adoption,Renewal,,,D-01815,SolsticeFinance GmbH,Mid-Market,Sales-led,47673.06,86.8,2025-02-28,Sofia Marchetti,False,0,
deal,2025-Q1,Renewal,Expansion,,,D-01815,SolsticeFinance GmbH,Mid-Market,Sales-led,47673.06,14.6,2025-05-25,Sofia Marchetti,False,0,
deal,2025-Q1,Expansion,,,,D-01815,SolsticeFinance GmbH,Mid-Market,Sales-led,47673.06,33.3,2025-06-08,Sofia Marchetti,False,10765.54,
deal,2025-Q1,Selection,,,,D-01816,ClearRobotics & Co.,Mid-Market,Sales-led,38051.93,15.6,2025-01-01,Declan Byrne,False,0,
deal,2025-Q1,Selection,,,,D-01817,HarborFinance B.V.,Mid-Market,Sales-led,68383.79,41.9,2025-01-01,Aisling Kelly,False,0,
deal,2025-Q1,Selection,,,,D-01818,SilverLogistics GmbH,Mid-Market,Sales-led,47544.88,14.4,2025-01-01,Noor Haddad,False,0,
deal,2025-Q1,Selection,,,,D-01819,SwiftSystems Ltd.,Mid-Market,Sales-led,39126.61,26.5,2025-01-01,Rian de Groot,False,0,
deal,2025-Q1,Selection,Commit,,,D-01820,LucidLabs Inc.,Mid-Market,Sales-led,49192.75,49.6,2025-01-01,Declan Byrne,False,0,
deal,2025-Q1,Commit,Onboarding,,,D-01820,LucidLabs Inc.,Mid-Market,Sales-led,49192.75,4.6,2025-02-19,Declan Byrne,False,0,
deal,2025-Q1,Onboarding,Adoption,,,D-01820,LucidLabs Inc.,Mid-Market,Sales-led,49192.75,27.3,2025-02-23,Declan Byrne,False,0,
deal,2025-Q1,Adoption,Renewal,,,D-01820,LucidLabs Inc.,Mid-Market,Sales-led,49192.75,58.6,2025-03-22,Declan Byrne,False,0,
deal,2025-Q1,Renewal,Expansion,,,D-01820,LucidLabs Inc.,Mid-Market,Sales-led,49192.75,37.5,2025-05-19,Declan Byrne,False,0,
deal,2025-Q1,Expansion,,,,D-01820,LucidLabs Inc.,Mid-Market,Sales-led,49192.75,43.8,2025-06-25,Declan Byrne,False,12755.11,
deal,2025-Q1,Selection,,,,D-01821,BlueLogistics Inc.,Mid-Market,PLG,21251.63,14.4,2025-01-01,Marcus Webb,False,0,False
deal,2025-Q1,Selection,,,,D-01822,SolsticeSolutions Group,Mid-Market,Sales-led,50668.7,67.2,2025-01-01,Declan Byrne,False,0,
deal,2025-Q1,Selection,,,,D-01823,MeridianSystems B.V.,Mid-Market,PLG,31829.99,17.2,2025-01-01,Sofia Marchetti,False,0,False
deal,2025-Q1,Selection,,,,D-01824,ClearStudio Inc.,Mid-Market,PLG,22108.97,13.1,2025-01-01,Priya Natarajan,False,0,False
deal,2025-Q1,Selection,Commit,,,D-01825,BrightMetrics Group,Mid-Market,Sales-led,54735.79,32.3,2025-01-01,Tariq Aziz,False,0,
deal,2025-Q1,Commit,Onboarding,,,D-01825,BrightMetrics Group,Mid-Market,Sales-led,54735.79,2.8,2025-02-02,Tariq Aziz,False,0,
deal,2025-Q1,Onboarding,Adoption,,,D-01825,BrightMetrics Group,Mid-Market,Sales-led,54735.79,34.7,2025-02-04,Tariq Aziz,False,0,
deal,2025-Q1,Adoption,Renewal,,,D-01825,BrightMetrics Group,Mid-Market,Sales-led,54735.79,70.8,2025-03-10,Tariq Aziz,False,0,
deal,2025-Q1,Renewal,Expansion,,,D-01825,BrightMetrics Group,Mid-Market,Sales-led,54735.79,12.8,2025-05-19,Tariq Aziz,False,0,
deal,2025-Q1,Expansion,,,,D-01825,BrightMetrics Group,Mid-Market,Sales-led,54735.79,28.8,2025-05-31,Tariq Aziz,False,0.0,
deal,2025-Q1,Selection,,,,D-01826,LucidRobotics B.V.,Mid-Market,Sales-led,46728.65,19.9,2025-01-01,Ingrid Johansson,False,0,
deal,2025-Q1,Selection,,,,D-01827,LucidCommerce & Co.,Mid-Market,PLG,30965.47,22.8,2025-01-01,Yuki Tanaka,False,0,False
deal,2025-Q1,Selection,,,,D-01828,SilverMetrics Inc.,Mid-Market,PLG,27530.95,18.3,2025-01-01,Ingrid Johansson,False,0,True
deal,2025-Q1,Selection,Commit,,,D-01829,SolsticeFinance GmbH,Mid-Market,Sales-led,58252.83,40.8,2025-01-01,Amara Okafor,False,0,
deal,2025-Q1,Commit,Onboarding,,,D-01829,SolsticeFinance GmbH,Mid-Market,Sales-led,58252.83,5.8,2025-02-10,Amara Okafor,False,0,
deal,2025-Q1,Onboarding,Adoption,,,D-01829,SolsticeFinance GmbH,Mid-Market,Sales-led,58252.83,9.4,2025-02-15,Amara Okafor,False,0,
deal,2025-Q1,Adoption,Renewal,,,D-01829,SolsticeFinance GmbH,Mid-Market,Sales-led,58252.83,50.1,2025-02-24,Amara Okafor,False,0,
deal,2025-Q1,Renewal,Expansion,,,D-01829,SolsticeFinance GmbH,Mid-Market,Sales-led,58252.83,34.5,2025-04-15,Amara Okafor,False,0,
deal,2025-Q1,Expansion,,,,D-01829,SolsticeFinance GmbH,Mid-Market,Sales-led,58252.83,21.8,2025-05-19,Amara Okafor,False,0.0,
deal,2025-Q1,Selection,,,,D-01830,BoldSolutions B.V.,Mid-Market,Sales-led,132802.17,27.1,2025-01-01,Declan Byrne,False,0,
deal,2025-Q1,Selection,,,,D-01831,NovaSystems Ltd.,Mid-Market,Sales-led,84574.06,23.2,2025-01-01,Priya Natarajan,False,0,
deal,2025-Q1,Selection,,,,D-01832,CedarSignal Ltd.,Mid-Market,Sales-led,34660.21,29.5,2025-01-01,Liam Fitzgerald,False,0,
deal,2025-Q1,Selection,Commit,,,D-01833,ClearSolutions Inc.,Mid-Market,PLG,29937.43,14.7,2025-01-01,Amara Okafor,False,0,True
deal,2025-Q1,Commit,Onboarding,,,D-01833,ClearSolutions Inc.,Mid-Market,PLG,29937.43,4.1,2025-01-15,Amara Okafor,False,0,True
deal,2025-Q1,Onboarding,Adoption,,,D-01833,ClearSolutions Inc.,Mid-Market,PLG,29937.43,25.5,2025-01-19,Amara Okafor,False,0,True
deal,2025-Q1,Adoption,Renewal,,,D-01833,ClearSolutions Inc.,Mid-Market,PLG,29937.43,46.2,2025-02-13,Amara Okafor,False,0,True
deal,2025-Q1,Renewal,Expansion,,,D-01833,ClearSolutions Inc.,Mid-Market,PLG,29937.43,39.0,2025-03-31,Amara Okafor,False,0,True
deal,2025-Q1,Expansion,,,,D-01833,ClearSolutions Inc.,Mid-Market,PLG,29937.43,36.7,2025-05-09,Amara Okafor,False,9828.62,True
deal,2025-Q1,Selection,,,,D-01834,RapidSolutions Group,Mid-Market,PLG,13553.53,22.7,2025-01-01,Yuki Tanaka,False,0,True
deal,2025-Q1,Selection,Commit,,,D-01835,SolsticeWorks Group,Mid-Market,Sales-led,51503.48,40.1,2025-01-01,Liam Fitzgerald,False,0,
deal,2025-Q1,Commit,Onboarding,,,D-01835,SolsticeWorks Group,Mid-Market,Sales-led,51503.48,4.1,2025-02-10,Liam Fitzgerald,False,0,
deal,2025-Q1,Onboarding,Adoption,,,D-01835,SolsticeWorks Group,Mid-Market,Sales-led,51503.48,16.7,2025-02-14,Liam Fitzgerald,False,0,
deal,2025-Q1,Adoption,Renewal,,,D-01835,SolsticeWorks Group,Mid-Market,Sales-led,51503.48,52.7,2025-03-02,Liam Fitzgerald,False,0,
deal,2025-Q1,Renewal,Expansion,,,D-01835,SolsticeWorks Group,Mid-Market,Sales-led,51503.48,16.7,2025-04-23,Liam Fitzgerald,False,0,
deal,2025-Q1,Expansion,,,,D-01835,SolsticeWorks Group,Mid-Market,Sales-led,51503.48,33.2,2025-05-09,Liam Fitzgerald,False,0.0,
deal,2025-Q1,Selection,Commit,,,D-01836,RapidWorks GmbH,Mid-Market,PLG,38252.72,16.3,2025-01-01,Noor Haddad,False,0,True
deal,2025-Q1,Commit,Onboarding,,,D-01836,RapidWorks GmbH,Mid-Market,PLG,38252.72,3.9,2025-01-17,Noor Haddad,False,0,True
deal,2025-Q1,Onboarding,Adoption,,,D-01836,RapidWorks GmbH,Mid-Market,PLG,38252.72,11.7,2025-01-20,Noor Haddad,False,0,True
deal,2025-Q1,Adoption,Renewal,,,D-01836,RapidWorks GmbH,Mid-Market,PLG,38252.72,35.2,2025-01-31,Noor Haddad,False,0,True
deal,2025-Q1,Renewal,Expansion,,,D-01836,RapidWorks GmbH,Mid-Market,PLG,38252.72,19.6,2025-03-07,Noor Haddad,False,0,True
deal,2025-Q1,Expansion,,,,D-01836,RapidWorks GmbH,Mid-Market,PLG,38252.72,41.1,2025-03-26,Noor Haddad,False,0.0,True
deal,2025-Q1,Selection,,,,D-01837,BlueMetrics B.V.,Mid-Market,Sales-led,38986.9,37.9,2025-01-01,Elena Petrova,False,0,
deal,2025-Q1,Selection,Commit,,,D-01838,MeridianHealth B.V.,Mid-Market,Sales-led,56554.36,20.5,2025-01-01,Marcus Webb,False,0,
deal,2025-Q1,Commit,Onboarding,,,D-01838,MeridianHealth B.V.,Mid-Market,Sales-led,56554.36,4.3,2025-01-21,Marcus Webb,False,0,
deal,2025-Q1,Onboarding,Adoption,,,D-01838,MeridianHealth B.V.,Mid-Market,Sales-led,56554.36,12.1,2025-01-25,Marcus Webb,False,0,
deal,2025-Q1,Adoption,Renewal,,,D-01838,MeridianHealth B.V.,Mid-Market,Sales-led,56554.36,38.2,2025-02-06,Marcus Webb,False,0,
deal,2025-Q1,Renewal,Expansion,,,D-01838,MeridianHealth B.V.,Mid-Market,Sales-led,56554.36,16.3,2025-03-16,Marcus Webb,False,0,
deal,2025-Q1,Expansion,,,,D-01838,MeridianHealth B.V.,Mid-Market,Sales-led,56554.36,47.1,2025-04-01,Marcus Webb,False,11338.33,
deal,2025-Q1,Selection,,,,D-01839,SolsticeData & Co.,Mid-Market,Sales-led,25555.46,34.8,2025-01-01,Tariq Aziz,False,0,
deal,2025-Q1,Selection,Commit,,,D-01840,BlueHealth GmbH,Mid-Market,PLG,18062.8,25.8,2025-01-01,Noor Haddad,False,0,False
deal,2025-Q1,Commit,Onboarding,,,D-01840,BlueHealth GmbH,Mid-Market,PLG,18062.8,3.8,2025-01-26,Noor Haddad,False,0,False
deal,2025-Q1,Onboarding,Adoption,,,D-01840,BlueHealth GmbH,Mid-Market,PLG,18062.8,24.7,2025-01-29,Noor Haddad,False,0,False
deal,2025-Q1,Adoption,Renewal,,,D-01840,BlueHealth GmbH,Mid-Market,PLG,18062.8,41.4,2025-02-22,Noor Haddad,False,0,False
deal,2025-Q1,Renewal,Expansion,,,D-01840,BlueHealth GmbH,Mid-Market,PLG,18062.8,20.4,2025-04-04,Noor Haddad,False,0,False
deal,2025-Q1,Expansion,,,,D-01840,BlueHealth GmbH,Mid-Market,PLG,18062.8,50.3,2025-04-24,Noor Haddad,False,7640.53,False
deal,2025-Q1,Selection,Commit,,,D-01841,SolsticeAnalytics Inc.,Mid-Market,PLG,75024.01,22.0,2025-01-01,Liam Fitzgerald,False,0,True
deal,2025-Q1,Commit,Onboarding,,,D-01841,SolsticeAnalytics Inc.,Mid-Market,PLG,75024.01,3.9,2025-01-23,Liam Fitzgerald,False,0,True
deal,2025-Q1,Onboarding,Adoption,,,D-01841,SolsticeAnalytics Inc.,Mid-Market,PLG,75024.01,13.5,2025-01-26,Liam Fitzgerald,False,0,True
deal,2025-Q1,Adoption,Renewal,,,D-01841,SolsticeAnalytics Inc.,Mid-Market,PLG,75024.01,47.7,2025-02-08,Liam Fitzgerald,False,0,True
deal,2025-Q1,Renewal,Expansion,,,D-01841,SolsticeAnalytics Inc.,Mid-Market,PLG,75024.01,19.5,2025-03-27,Liam Fitzgerald,False,0,True
deal,2025-Q1,Expansion,,,,D-01841,SolsticeAnalytics Inc.,Mid-Market,PLG,75024.01,30.0,2025-04-15,Liam Fitzgerald,False,20650.46,True
deal,2025-Q1,Selection,Commit,,,D-01842,BrightCloud B.V.,Mid-Market,Sales-led,69180.17,12.7,2025-01-01,Marcus Webb,False,0,
deal,2025-Q1,Commit,Onboarding,,,D-01842,BrightCloud B.V.,Mid-Market,Sales-led,69180.17,3.7,2025-01-13,Marcus Webb,False,0,
deal,2025-Q1,Onboarding,Adoption,,,D-01842,BrightCloud B.V.,Mid-Market,Sales-led,69180.17,13.4,2025-01-16,Marcus Webb,False,0,
deal,2025-Q1,Adoption,Renewal,,,D-01842,BrightCloud B.V.,Mid-Market,Sales-led,69180.17,54.0,2025-01-29,Marcus Webb,False,0,
deal,2025-Q1,Renewal,Expansion,,,D-01842,BrightCloud B.V.,Mid-Market,Sales-led,69180.17,64.2,2025-03-24,Marcus Webb,False,0,
deal,2025-Q1,Expansion,,,,D-01842,BrightCloud B.V.,Mid-Market,Sales-led,69180.17,20.9,2025-05-27,Marcus Webb,False,16454.48,
deal,2025-Q2,Selection,,,,D-01843,LucidDynamics & Co.,Mid-Market,Sales-led,49698.82,13.8,2025-04-01,Rian de Groot,False,0,
deal,2025-Q2,Selection,,,,D-01844,AmberLogistics Inc.,Mid-Market,PLG,27219.41,22.9,2025-04-01,Fatima Zahra,False,0,True
deal,2025-Q2,Selection,,,,D-01845,BlueLogistics & Co.,Mid-Market,PLG,20447.11,15.3,2025-04-01,Ben Sorensen,False,0,True
deal,2025-Q2,Selection,,,,D-01846,BrightWorks GmbH,Mid-Market,Sales-led,43585.64,35.3,2025-04-01,Tariq Aziz,False,0,
deal,2025-Q2,Selection,Commit,,,D-01847,BrightSignal Inc.,Mid-Market,Sales-led,41099.1,19.7,2025-04-01,Priya Natarajan,False,0,
deal,2025-Q2,Commit,Onboarding,,,D-01847,BrightSignal Inc.,Mid-Market,Sales-led,41099.1,6.5,2025-04-20,Priya Natarajan,False,0,
deal,2025-Q2,Onboarding,Adoption,,,D-01847,BrightSignal Inc.,Mid-Market,Sales-led,41099.1,18.5,2025-04-26,Priya Natarajan,False,0,
deal,2025-Q2,Adoption,Renewal,,,D-01847,BrightSignal Inc.,Mid-Market,Sales-led,41099.1,68.2,2025-05-14,Priya Natarajan,False,0,
deal,2025-Q2,Renewal,Expansion,,,D-01847,BrightSignal Inc.,Mid-Market,Sales-led,41099.1,27.2,2025-07-21,Priya Natarajan,False,0,
deal,2025-Q2,Expansion,,,,D-01847,BrightSignal Inc.,Mid-Market,Sales-led,41099.1,37.8,2025-08-17,Priya Natarajan,False,11508.92,
deal,2025-Q2,Selection,,,,D-01848,SwiftHealth Ltd.,Mid-Market,Sales-led,37667.92,44.6,2025-04-01,Tariq Aziz,False,0,
deal,2025-Q2,Selection,Commit,,,D-01849,SilverRobotics Inc.,Mid-Market,Sales-led,70282.52,19.7,2025-04-01,Callum Reid,False,0,
deal,2025-Q2,Commit,Onboarding,,,D-01849,SilverRobotics Inc.,Mid-Market,Sales-led,70282.52,6.2,2025-04-20,Callum Reid,False,0,
deal,2025-Q2,Onboarding,Adoption,,,D-01849,SilverRobotics Inc.,Mid-Market,Sales-led,70282.52,18.7,2025-04-26,Callum Reid,False,0,
deal,2025-Q2,Adoption,Renewal,,,D-01849,SilverRobotics Inc.,Mid-Market,Sales-led,70282.52,79.9,2025-05-14,Callum Reid,False,0,
deal,2025-Q2,Renewal,Expansion,,,D-01849,SilverRobotics Inc.,Mid-Market,Sales-led,70282.52,15.0,2025-08-01,Callum Reid,False,0,
deal,2025-Q2,Expansion,,,,D-01849,SilverRobotics Inc.,Mid-Market,Sales-led,70282.52,25.5,2025-08-16,Callum Reid,False,0.0,
deal,2025-Q2,Selection,,,,D-01850,MeridianCommerce Inc.,Mid-Market,Sales-led,45060.22,23.0,2025-04-01,Tariq Aziz,False,0,
deal,2025-Q2,Selection,,,,D-01851,LucidCloud & Co.,Mid-Market,PLG,37690.55,19.8,2025-04-01,Declan Byrne,False,0,False
deal,2025-Q2,Selection,,,,D-01852,NorthernCommerce B.V.,Mid-Market,Sales-led,34877.51,21.2,2025-04-01,Tariq Aziz,False,0,
deal,2025-Q2,Selection,,,,D-01853,SilverCommerce Inc.,Mid-Market,PLG,17868.54,10.0,2025-04-01,Yuki Tanaka,False,0,False
deal,2025-Q2,Selection,Commit,,,D-01854,RapidMetrics Inc.,Mid-Market,Sales-led,40114.63,13.9,2025-04-01,Rian de Groot,False,0,
deal,2025-Q2,Commit,Onboarding,,,D-01854,RapidMetrics Inc.,Mid-Market,Sales-led,40114.63,6.0,2025-04-14,Rian de Groot,False,0,
deal,2025-Q2,Onboarding,Adoption,,,D-01854,RapidMetrics Inc.,Mid-Market,Sales-led,40114.63,19.9,2025-04-20,Rian de Groot,False,0,
deal,2025-Q2,Adoption,Renewal,,,D-01854,RapidMetrics Inc.,Mid-Market,Sales-led,40114.63,100.2,2025-05-09,Rian de Groot,False,0,
deal,2025-Q2,Renewal,Expansion,,,D-01854,RapidMetrics Inc.,Mid-Market,Sales-led,40114.63,29.0,2025-08-17,Rian de Groot,False,0,
deal,2025-Q2,Expansion,,,,D-01854,RapidMetrics Inc.,Mid-Market,Sales-led,40114.63,49.0,2025-09-15,Rian de Groot,False,0.0,
deal,2025-Q2,Selection,Commit,,,D-01855,NovaRobotics B.V.,Mid-Market,Sales-led,34985.94,33.0,2025-04-01,Tariq Aziz,False,0,
deal,2025-Q2,Commit,Onboarding,,,D-01855,NovaRobotics B.V.,Mid-Market,Sales-led,34985.94,8.0,2025-05-04,Tariq Aziz,False,0,
deal,2025-Q2,Onboarding,Adoption,,,D-01855,NovaRobotics B.V.,Mid-Market,Sales-led,34985.94,16.2,2025-05-12,Tariq Aziz,False,0,
deal,2025-Q2,Adoption,Renewal,,,D-01855,NovaRobotics B.V.,Mid-Market,Sales-led,34985.94,44.5,2025-05-28,Tariq Aziz,False,0,
deal,2025-Q2,Renewal,Expansion,,,D-01855,NovaRobotics B.V.,Mid-Market,Sales-led,34985.94,19.0,2025-07-11,Tariq Aziz,False,0,
deal,2025-Q2,Expansion,,,,D-01855,NovaRobotics B.V.,Mid-Market,Sales-led,34985.94,33.3,2025-07-30,Tariq Aziz,False,11861.34,
deal,2025-Q2,Selection,,,,D-01856,NovaSolutions Ltd.,Mid-Market,Sales-led,30158.88,18.2,2025-04-01,Marcus Webb,False,0,
deal,2025-Q2,Selection,Commit,,,D-01857,BrightDynamics B.V.,Mid-Market,PLG,32841.11,21.6,2025-04-01,Fatima Zahra,False,0,True
deal,2025-Q2,Commit,Onboarding,,,D-01857,BrightDynamics B.V.,Mid-Market,PLG,32841.11,5.0,2025-04-22,Fatima Zahra,False,0,True
deal,2025-Q2,Onboarding,Adoption,,,D-01857,BrightDynamics B.V.,Mid-Market,PLG,32841.11,22.5,2025-04-27,Fatima Zahra,False,0,True
deal,2025-Q2,Adoption,Renewal,,,D-01857,BrightDynamics B.V.,Mid-Market,PLG,32841.11,56.6,2025-05-19,Fatima Zahra,False,0,True
deal,2025-Q2,Renewal,Expansion,,,D-01857,BrightDynamics B.V.,Mid-Market,PLG,32841.11,9.8,2025-07-14,Fatima Zahra,False,0,True
deal,2025-Q2,Expansion,,,,D-01857,BrightDynamics B.V.,Mid-Market,PLG,32841.11,36.6,2025-07-23,Fatima Zahra,False,0.0,True
deal,2025-Q2,Selection,,,,D-01858,BoldDynamics Inc.,Mid-Market,Sales-led,62614.11,39.8,2025-04-01,Priya Natarajan,False,0,
deal,2025-Q2,Selection,Commit,,,D-01859,ClearCloud & Co.,Mid-Market,Sales-led,17348.3,62.7,2025-04-01,Ingrid Johansson,False,0,
deal,2025-Q2,Commit,Onboarding,,,D-01859,ClearCloud & Co.,Mid-Market,Sales-led,17348.3,6.1,2025-06-02,Ingrid Johansson,False,0,
deal,2025-Q2,Onboarding,Adoption,,,D-01859,ClearCloud & Co.,Mid-Market,Sales-led,17348.3,20.4,2025-06-08,Ingrid Johansson,False,0,
deal,2025-Q2,Adoption,Renewal,,,D-01859,ClearCloud & Co.,Mid-Market,Sales-led,17348.3,41.9,2025-06-28,Ingrid Johansson,False,0,
deal,2025-Q2,Renewal,Expansion,,,D-01859,ClearCloud & Co.,Mid-Market,Sales-led,17348.3,32.8,2025-08-08,Ingrid Johansson,False,0,
deal,2025-Q2,Expansion,,,,D-01859,ClearCloud & Co.,Mid-Market,Sales-led,17348.3,15.1,2025-09-09,Ingrid Johansson,False,0.0,
deal,2025-Q2,Selection,,,,D-01860,NovaHealth Inc.,Mid-Market,Sales-led,99912.59,44.2,2025-04-01,Liam Fitzgerald,False,0,
deal,2025-Q2,Selection,,,,D-01861,SolsticeData Group,Mid-Market,Sales-led,56129.23,13.8,2025-04-01,Sofia Marchetti,False,0,
deal,2025-Q2,Selection,,,,D-01862,PrimeDynamics Group,Mid-Market,Sales-led,48083.68,38.5,2025-04-01,Elena Petrova,False,0,
deal,2025-Q2,Selection,,,,D-01863,PrimeRobotics Group,Mid-Market,PLG,28679.18,15.7,2025-04-01,Rian de Groot,False,0,False
deal,2025-Q2,Selection,,,,D-01864,LucidSystems GmbH,Mid-Market,PLG,15995.16,16.1,2025-04-01,Yuki Tanaka,False,0,False
deal,2025-Q2,Selection,,,,D-01865,NovaMetrics B.V.,Mid-Market,Sales-led,39034.95,16.9,2025-04-01,Aisling Kelly,False,0,
deal,2025-Q2,Selection,,,,D-01866,BoldWorks Inc.,Mid-Market,Sales-led,40655.53,11.6,2025-04-01,Marcus Webb,False,0,
deal,2025-Q2,Selection,,,,D-01867,ClearCommerce Group,Mid-Market,Sales-led,43620.57,52.8,2025-04-01,Rian de Groot,False,0,
deal,2025-Q2,Selection,,,,D-01868,RapidAnalytics Ltd.,Mid-Market,Sales-led,53816.69,18.1,2025-04-01,Liam Fitzgerald,False,0,
deal,2025-Q2,Selection,,,,D-01869,RapidCommerce B.V.,Mid-Market,Sales-led,62008.99,28.1,2025-04-01,Tariq Aziz,False,0,
deal,2025-Q2,Selection,Commit,,,D-01870,LucidSolutions B.V.,Mid-Market,Sales-led,52764.7,36.9,2025-04-01,Sofia Marchetti,False,0,
deal,2025-Q2,Commit,Onboarding,,,D-01870,LucidSolutions B.V.,Mid-Market,Sales-led,52764.7,6.7,2025-05-07,Sofia Marchetti,False,0,
deal,2025-Q2,Onboarding,Adoption,,,D-01870,LucidSolutions B.V.,Mid-Market,Sales-led,52764.7,18.3,2025-05-13,Sofia Marchetti,False,0,
deal,2025-Q2,Adoption,Renewal,,,D-01870,LucidSolutions B.V.,Mid-Market,Sales-led,52764.7,67.2,2025-05-31,Sofia Marchetti,False,0,
deal,2025-Q2,Renewal,Expansion,,,D-01870,LucidSolutions B.V.,Mid-Market,Sales-led,52764.7,23.5,2025-08-06,Sofia Marchetti,False,0,
deal,2025-Q2,Expansion,,,,D-01870,LucidSolutions B.V.,Mid-Market,Sales-led,52764.7,46.1,2025-08-29,Sofia Marchetti,False,0.0,
deal,2025-Q2,Selection,Commit,,,D-01871,MeridianWorks GmbH,Mid-Market,PLG,25939.32,24.6,2025-04-01,Rian de Groot,False,0,True
deal,2025-Q2,Commit,Onboarding,,,D-01871,MeridianWorks GmbH,Mid-Market,PLG,25939.32,4.0,2025-04-25,Rian de Groot,False,0,True
deal,2025-Q2,Onboarding,Adoption,,,D-01871,MeridianWorks GmbH,Mid-Market,PLG,25939.32,14.2,2025-04-29,Rian de Groot,False,0,True
deal,2025-Q2,Adoption,Renewal,,,D-01871,MeridianWorks GmbH,Mid-Market,PLG,25939.32,37.0,2025-05-13,Rian de Groot,False,0,True
deal,2025-Q2,Renewal,Expansion,,,D-01871,MeridianWorks GmbH,Mid-Market,PLG,25939.32,13.8,2025-06-19,Rian de Groot,False,0,True
deal,2025-Q2,Expansion,,,,D-01871,MeridianWorks GmbH,Mid-Market,PLG,25939.32,58.2,2025-07-02,Rian de Groot,False,5586.32,True
deal,2025-Q2,Selection,,,,D-01872,RapidAnalytics Group,Mid-Market,Sales-led,45344.55,41.6,2025-04-01,Liam Fitzgerald,False,0,
deal,2025-Q2,Selection,,,,D-01873,VantageSolutions B.V.,Mid-Market,Sales-led,71880.13,42.3,2025-04-01,Noor Haddad,False,0,
deal,2025-Q2,Selection,,,,D-01874,BrightRobotics Ltd.,Mid-Market,Sales-led,75081.06,30.1,2025-04-01,Tariq Aziz,False,0,
deal,2025-Q2,Selection,Commit,,,D-01875,MeridianCloud Ltd.,Mid-Market,Sales-led,57192.37,47.4,2025-04-01,Fatima Zahra,False,0,
deal,2025-Q2,Commit,Onboarding,,,D-01875,MeridianCloud Ltd.,Mid-Market,Sales-led,57192.37,6.3,2025-05-18,Fatima Zahra,False,0,
deal,2025-Q2,Onboarding,Adoption,,,D-01875,MeridianCloud Ltd.,Mid-Market,Sales-led,57192.37,22.6,2025-05-24,Fatima Zahra,False,0,
deal,2025-Q2,Adoption,Renewal,,,D-01875,MeridianCloud Ltd.,Mid-Market,Sales-led,57192.37,31.6,2025-06-15,Fatima Zahra,False,0,
deal,2025-Q2,Renewal,Expansion,,,D-01875,MeridianCloud Ltd.,Mid-Market,Sales-led,57192.37,17.4,2025-07-16,Fatima Zahra,False,0,
deal,2025-Q2,Expansion,,,,D-01875,MeridianCloud Ltd.,Mid-Market,Sales-led,57192.37,31.9,2025-08-02,Fatima Zahra,False,19625.8,
deal,2025-Q2,Selection,Commit,,,D-01876,MeridianMetrics Ltd.,Mid-Market,Sales-led,18462.88,27.1,2025-04-01,Marcus Webb,False,0,
deal,2025-Q2,Commit,Onboarding,,,D-01876,MeridianMetrics Ltd.,Mid-Market,Sales-led,18462.88,10.6,2025-04-28,Marcus Webb,False,0,
deal,2025-Q2,Onboarding,Adoption,,,D-01876,MeridianMetrics Ltd.,Mid-Market,Sales-led,18462.88,15.7,2025-05-08,Marcus Webb,False,0,
deal,2025-Q2,Adoption,Renewal,,,D-01876,MeridianMetrics Ltd.,Mid-Market,Sales-led,18462.88,62.2,2025-05-23,Marcus Webb,False,0,
deal,2025-Q2,Renewal,Expansion,,,D-01876,MeridianMetrics Ltd.,Mid-Market,Sales-led,18462.88,20.7,2025-07-24,Marcus Webb,False,0,
deal,2025-Q2,Expansion,,,,D-01876,MeridianMetrics Ltd.,Mid-Market,Sales-led,18462.88,20.5,2025-08-13,Marcus Webb,False,0.0,
deal,2025-Q2,Selection,Commit,,,D-01877,NorthernSystems Ltd.,Mid-Market,Sales-led,35607.85,39.1,2025-04-01,Tariq Aziz,False,0,
deal,2025-Q2,Commit,Onboarding,,,D-01877,NorthernSystems Ltd.,Mid-Market,Sales-led,35607.85,5.2,2025-05-10,Tariq Aziz,False,0,
deal,2025-Q2,Onboarding,Adoption,,,D-01877,NorthernSystems Ltd.,Mid-Market,Sales-led,35607.85,28.5,2025-05-15,Tariq Aziz,False,0,
deal,2025-Q2,Adoption,Renewal,,,D-01877,NorthernSystems Ltd.,Mid-Market,Sales-led,35607.85,40.0,2025-06-12,Tariq Aziz,False,0,
deal,2025-Q2,Renewal,Expansion,,,D-01877,NorthernSystems Ltd.,Mid-Market,Sales-led,35607.85,24.3,2025-07-22,Tariq Aziz,False,0,
deal,2025-Q2,Expansion,,,,D-01877,NorthernSystems Ltd.,Mid-Market,Sales-led,35607.85,52.5,2025-08-15,Tariq Aziz,False,14505.43,
deal,2025-Q2,Selection,,,,D-01878,SilverSignal & Co.,Mid-Market,PLG,29900.38,18.6,2025-04-01,Ingrid Johansson,False,0,True
deal,2025-Q2,Selection,,,,D-01879,CedarDynamics Inc.,Mid-Market,Sales-led,81411.1,41.3,2025-04-01,Aisling Kelly,False,0,
deal,2025-Q2,Selection,Commit,,,D-01880,PrimeWorks GmbH,Mid-Market,Sales-led,34129.85,28.3,2025-04-01,Amara Okafor,False,0,
deal,2025-Q2,Commit,Onboarding,,,D-01880,PrimeWorks GmbH,Mid-Market,Sales-led,34129.85,4.9,2025-04-29,Amara Okafor,False,0,
deal,2025-Q2,Onboarding,Adoption,,,D-01880,PrimeWorks GmbH,Mid-Market,Sales-led,34129.85,24.8,2025-05-03,Amara Okafor,False,0,
deal,2025-Q2,Adoption,Renewal,,,D-01880,PrimeWorks GmbH,Mid-Market,Sales-led,34129.85,59.6,2025-05-27,Amara Okafor,False,0,
deal,2025-Q2,Renewal,Expansion,,,D-01880,PrimeWorks GmbH,Mid-Market,Sales-led,34129.85,17.4,2025-07-25,Amara Okafor,False,0,
deal,2025-Q2,Expansion,,,,D-01880,PrimeWorks GmbH,Mid-Market,Sales-led,34129.85,36.2,2025-08-11,Amara Okafor,False,10741.98,
deal,2025-Q2,Selection,,,,D-01881,ClearCloud & Co.,Mid-Market,Sales-led,67045.36,25.3,2025-04-01,Amara Okafor,False,0,
deal,2025-Q2,Selection,,,,D-01882,CedarLabs & Co.,Mid-Market,Sales-led,22882.72,13.4,2025-04-01,Aisling Kelly,False,0,
deal,2025-Q2,Selection,,,,D-01883,KestrelData Group,Mid-Market,Sales-led,39059.34,25.2,2025-04-01,Yuki Tanaka,False,0,
deal,2025-Q2,Selection,Commit,,,D-01884,NovaSystems Inc.,Mid-Market,Sales-led,55169.17,22.4,2025-04-01,Callum Reid,False,0,
deal,2025-Q2,Commit,Onboarding,,,D-01884,NovaSystems Inc.,Mid-Market,Sales-led,55169.17,4.0,2025-04-23,Callum Reid,False,0,
deal,2025-Q2,Onboarding,Adoption,,,D-01884,NovaSystems Inc.,Mid-Market,Sales-led,55169.17,20.1,2025-04-27,Callum Reid,False,0,
deal,2025-Q2,Adoption,Renewal,,,D-01884,NovaSystems Inc.,Mid-Market,Sales-led,55169.17,58.4,2025-05-17,Callum Reid,False,0,
deal,2025-Q2,Renewal,Expansion,,,D-01884,NovaSystems Inc.,Mid-Market,Sales-led,55169.17,28.2,2025-07-14,Callum Reid,False,0,
deal,2025-Q2,Expansion,,,,D-01884,NovaSystems Inc.,Mid-Market,Sales-led,55169.17,31.1,2025-08-11,Callum Reid,False,0.0,
deal,2025-Q2,Selection,Commit,,,D-01885,HarborAnalytics Ltd.,Mid-Market,Sales-led,23417.81,28.2,2025-04-01,Liam Fitzgerald,False,0,
deal,2025-Q2,Commit,Onboarding,,,D-01885,HarborAnalytics Ltd.,Mid-Market,Sales-led,23417.81,10.4,2025-04-29,Liam Fitzgerald,False,0,
deal,2025-Q2,Onboarding,Adoption,,,D-01885,HarborAnalytics Ltd.,Mid-Market,Sales-led,23417.81,21.7,2025-05-09,Liam Fitzgerald,False,0,
deal,2025-Q2,Adoption,Renewal,,,D-01885,HarborAnalytics Ltd.,Mid-Market,Sales-led,23417.81,50.6,2025-05-30,Liam Fitzgerald,False,0,
deal,2025-Q2,Renewal,Expansion,,,D-01885,HarborAnalytics Ltd.,Mid-Market,Sales-led,23417.81,24.5,2025-07-19,Liam Fitzgerald,False,0,
deal,2025-Q2,Expansion,,,,D-01885,HarborAnalytics Ltd.,Mid-Market,Sales-led,23417.81,19.3,2025-08-12,Liam Fitzgerald,False,7726.25,
deal,2025-Q2,Selection,Commit,,,D-01886,BoldStudio Group,Mid-Market,Sales-led,67877.07,23.5,2025-04-01,Yuki Tanaka,False,0,
deal,2025-Q2,Commit,Onboarding,,,D-01886,BoldStudio Group,Mid-Market,Sales-led,67877.07,7.4,2025-04-24,Yuki Tanaka,False,0,
deal,2025-Q2,Onboarding,Adoption,,,D-01886,BoldStudio Group,Mid-Market,Sales-led,67877.07,26.4,2025-05-01,Yuki Tanaka,False,0,
deal,2025-Q2,Adoption,Renewal,,,D-01886,BoldStudio Group,Mid-Market,Sales-led,67877.07,62.0,2025-05-27,Yuki Tanaka,False,0,
deal,2025-Q2,Renewal,Expansion,,,D-01886,BoldStudio Group,Mid-Market,Sales-led,67877.07,36.7,2025-07-28,Yuki Tanaka,False,0,
deal,2025-Q2,Expansion,,,,D-01886,BoldStudio Group,Mid-Market,Sales-led,67877.07,34.5,2025-09-02,Yuki Tanaka,False,0.0,
deal,2025-Q2,Selection,Commit,,,D-01887,BlueLabs Inc.,Mid-Market,PLG,38512.21,8.4,2025-04-01,Callum Reid,False,0,True
deal,2025-Q2,Commit,Onboarding,,,D-01887,BlueLabs Inc.,Mid-Market,PLG,38512.21,5.3,2025-04-09,Callum Reid,False,0,True
deal,2025-Q2,Onboarding,Adoption,,,D-01887,BlueLabs Inc.,Mid-Market,PLG,38512.21,29.5,2025-04-14,Callum Reid,False,0,True
deal,2025-Q2,Adoption,Renewal,,,D-01887,BlueLabs Inc.,Mid-Market,PLG,38512.21,58.8,2025-05-13,Callum Reid,False,0,True
deal,2025-Q2,Renewal,Expansion,,,D-01887,BlueLabs Inc.,Mid-Market,PLG,38512.21,28.9,2025-07-10,Callum Reid,False,0,True
deal,2025-Q2,Expansion,,,,D-01887,BlueLabs Inc.,Mid-Market,PLG,38512.21,26.1,2025-08-07,Callum Reid,False,9331.23,True
deal,2025-Q2,Selection,,,,D-01888,NorthernSignal Inc.,Mid-Market,Sales-led,52737.81,64.5,2025-04-01,Declan Byrne,False,0,
deal,2025-Q2,Selection,,,,D-01889,PrimeSignal Group,Mid-Market,Sales-led,53741.91,14.6,2025-04-01,Liam Fitzgerald,False,0,
deal,2025-Q2,Selection,,,,D-01890,KestrelDynamics & Co.,Mid-Market,Sales-led,85963.65,46.0,2025-04-01,Declan Byrne,False,0,
deal,2025-Q2,Selection,Commit,,,D-01891,RapidCommerce B.V.,Mid-Market,Sales-led,36078.82,16.3,2025-04-01,Marcus Webb,False,0,
deal,2025-Q2,Commit,Onboarding,,,D-01891,RapidCommerce B.V.,Mid-Market,Sales-led,36078.82,2.3,2025-04-17,Marcus Webb,False,0,
deal,2025-Q2,Onboarding,Adoption,,,D-01891,RapidCommerce B.V.,Mid-Market,Sales-led,36078.82,23.7,2025-04-19,Marcus Webb,False,0,
deal,2025-Q2,Adoption,Renewal,,,D-01891,RapidCommerce B.V.,Mid-Market,Sales-led,36078.82,78.2,2025-05-12,Marcus Webb,False,0,
deal,2025-Q2,Renewal,Expansion,,,D-01891,RapidCommerce B.V.,Mid-Market,Sales-led,36078.82,21.2,2025-07-29,Marcus Webb,False,0,
deal,2025-Q2,Expansion,,,,D-01891,RapidCommerce B.V.,Mid-Market,Sales-led,36078.82,25.7,2025-08-19,Marcus Webb,False,0.0,
deal,2025-Q2,Selection,,,,D-01892,BoldData B.V.,Mid-Market,PLG,37024.59,8.4,2025-04-01,Tariq Aziz,False,0,False
deal,2025-Q2,Selection,,,,D-01893,KestrelData Group,Mid-Market,Sales-led,27379.76,20.9,2025-04-01,Marcus Webb,False,0,
deal,2025-Q2,Selection,,,,D-01894,BrightDynamics B.V.,Mid-Market,PLG,22939.26,26.8,2025-04-01,Rian de Groot,False,0,False
deal,2025-Q2,Selection,,,,D-01895,CedarCloud GmbH,Mid-Market,Sales-led,45974.76,18.9,2025-04-01,Noor Haddad,False,0,
deal,2025-Q2,Selection,,,,D-01896,PrimeCloud & Co.,Mid-Market,Sales-led,58396.37,23.3,2025-04-01,Fatima Zahra,False,0,
deal,2025-Q2,Selection,,,,D-01897,BoldFinance B.V.,Mid-Market,Sales-led,49197.27,43.8,2025-04-01,Liam Fitzgerald,False,0,
deal,2025-Q2,Selection,,,,D-01898,BlueWorks GmbH,Mid-Market,Sales-led,43112.1,16.2,2025-04-01,Rian de Groot,False,0,
deal,2025-Q2,Selection,,,,D-01899,BoldData B.V.,Mid-Market,Sales-led,39840.28,16.4,2025-04-01,Yuki Tanaka,False,0,
deal,2025-Q2,Selection,,,,D-01900,AmberStudio & Co.,Mid-Market,PLG,23767.16,12.6,2025-04-01,Priya Natarajan,False,0,False
deal,2025-Q2,Selection,Commit,,,D-01901,MeridianSignal Group,Mid-Market,Sales-led,47551.47,29.8,2025-04-01,Liam Fitzgerald,False,0,
deal,2025-Q2,Commit,Onboarding,,,D-01901,MeridianSignal Group,Mid-Market,Sales-led,47551.47,6.7,2025-04-30,Liam Fitzgerald,False,0,
deal,2025-Q2,Onboarding,Adoption,,,D-01901,MeridianSignal Group,Mid-Market,Sales-led,47551.47,13.8,2025-05-06,Liam Fitzgerald,False,0,
deal,2025-Q2,Adoption,Renewal,,,D-01901,MeridianSignal Group,Mid-Market,Sales-led,47551.47,64.9,2025-05-19,Liam Fitzgerald,False,0,
deal,2025-Q2,Renewal,Expansion,,,D-01901,MeridianSignal Group,Mid-Market,Sales-led,47551.47,22.4,2025-07-22,Liam Fitzgerald,False,0,
deal,2025-Q2,Expansion,,,,D-01901,MeridianSignal Group,Mid-Market,Sales-led,47551.47,49.9,2025-08-13,Liam Fitzgerald,False,12592.88,
deal,2025-Q2,Selection,,,,D-01902,NovaFinance GmbH,Mid-Market,Sales-led,39132.22,42.4,2025-04-01,Rian de Groot,False,0,
deal,2025-Q2,Selection,,,,D-01903,SolsticeCloud Ltd.,Mid-Market,Sales-led,29206.37,22.6,2025-04-01,Tariq Aziz,False,0,
deal,2025-Q2,Selection,,,,D-01904,SilverAnalytics Ltd.,Mid-Market,PLG,28392.22,16.3,2025-04-01,Noor Haddad,False,0,False
deal,2025-Q2,Selection,,,,D-01905,KestrelAnalytics Group,Mid-Market,Sales-led,50363.48,27.5,2025-04-01,Ingrid Johansson,False,0,
deal,2025-Q2,Selection,,,,D-01906,KestrelDynamics Inc.,Mid-Market,Sales-led,100326.04,41.1,2025-04-01,Marcus Webb,False,0,
deal,2025-Q2,Selection,,,,D-01907,AmberLogistics Group,Mid-Market,PLG,35058.82,15.6,2025-04-01,Amara Okafor,False,0,True
deal,2025-Q2,Selection,,,,D-01908,BrightHealth Group,Mid-Market,Sales-led,61808.16,23.1,2025-04-01,Ben Sorensen,False,0,
deal,2025-Q2,Selection,,,,D-01909,NorthernDynamics Inc.,Mid-Market,Sales-led,67704.41,46.1,2025-04-01,Callum Reid,False,0,
deal,2025-Q2,Selection,,,,D-01910,NovaLogistics Group,Mid-Market,PLG,41779.35,23.2,2025-04-01,Aisling Kelly,False,0,False
deal,2025-Q2,Selection,,,,D-01911,SwiftLabs Inc.,Mid-Market,PLG,29946.94,18.0,2025-04-01,Ingrid Johansson,False,0,False
deal,2025-Q2,Selection,,,,D-01912,BrightCommerce & Co.,Mid-Market,PLG,29509.31,11.6,2025-04-01,Declan Byrne,False,0,False
deal,2025-Q2,Selection,,,,D-01913,LucidLabs B.V.,Mid-Market,Sales-led,61355.37,12.9,2025-04-01,Ben Sorensen,False,0,
deal,2025-Q2,Selection,Commit,,,D-01914,LucidAnalytics Group,Mid-Market,Sales-led,17765.88,30.3,2025-04-01,Amara Okafor,False,0,
deal,2025-Q2,Commit,Onboarding,,,D-01914,LucidAnalytics Group,Mid-Market,Sales-led,17765.88,4.5,2025-05-01,Amara Okafor,False,0,
deal,2025-Q2,Onboarding,Adoption,,,D-01914,LucidAnalytics Group,Mid-Market,Sales-led,17765.88,14.0,2025-05-05,Amara Okafor,False,0,
deal,2025-Q2,Adoption,Renewal,,,D-01914,LucidAnalytics Group,Mid-Market,Sales-led,17765.88,62.5,2025-05-19,Amara Okafor,False,0,
deal,2025-Q2,Renewal,Expansion,,,D-01914,LucidAnalytics Group,Mid-Market,Sales-led,17765.88,44.9,2025-07-20,Amara Okafor,False,0,
deal,2025-Q2,Expansion,,,,D-01914,LucidAnalytics Group,Mid-Market,Sales-led,17765.88,42.4,2025-09-02,Amara Okafor,False,0.0,
deal,2025-Q2,Selection,,,,D-01915,BrightCloud Group,Mid-Market,Sales-led,33042.93,20.9,2025-04-01,Callum Reid,False,0,
deal,2025-Q2,Selection,,,,D-01916,SilverMetrics GmbH,Mid-Market,Sales-led,39366.75,49.4,2025-04-01,Fatima Zahra,False,0,
deal,2025-Q2,Selection,Commit,,,D-01917,NorthernMetrics GmbH,Mid-Market,Sales-led,56573.14,31.4,2025-04-01,Fatima Zahra,False,0,
deal,2025-Q2,Commit,Onboarding,,,D-01917,NorthernMetrics GmbH,Mid-Market,Sales-led,56573.14,4.9,2025-05-02,Fatima Zahra,False,0,
deal,2025-Q2,Onboarding,Adoption,,,D-01917,NorthernMetrics GmbH,Mid-Market,Sales-led,56573.14,21.8,2025-05-06,Fatima Zahra,False,0,
deal,2025-Q2,Adoption,Renewal,,,D-01917,NorthernMetrics GmbH,Mid-Market,Sales-led,56573.14,61.3,2025-05-27,Fatima Zahra,False,0,
deal,2025-Q2,Renewal,Expansion,,,D-01917,NorthernMetrics GmbH,Mid-Market,Sales-led,56573.14,32.2,2025-07-27,Fatima Zahra,False,0,
deal,2025-Q2,Expansion,,,,D-01917,NorthernMetrics GmbH,Mid-Market,Sales-led,56573.14,39.6,2025-08-28,Fatima Zahra,False,0.0,
deal,2025-Q2,Selection,,,,D-01918,KestrelLogistics Ltd.,Mid-Market,PLG,29806.89,14.2,2025-04-01,Declan Byrne,False,0,False
deal,2025-Q2,Selection,,,,D-01919,LucidStudio B.V.,Mid-Market,PLG,26618.5,19.7,2025-04-01,Priya Natarajan,False,0,True
deal,2025-Q2,Selection,,,,D-01920,ClearRobotics Inc.,Mid-Market,PLG,24039.24,18.7,2025-04-01,Yuki Tanaka,False,0,True
deal,2025-Q2,Selection,,,,D-01921,NorthernMetrics Group,Mid-Market,PLG,15532.59,22.0,2025-04-01,Elena Petrova,False,0,False
deal,2025-Q2,Selection,,,,D-01922,NovaAnalytics & Co.,Mid-Market,PLG,17647.15,15.8,2025-04-01,Yuki Tanaka,False,0,False
deal,2025-Q2,Selection,,,,D-01923,ClearStudio Ltd.,Mid-Market,Sales-led,37360.44,21.4,2025-04-01,Priya Natarajan,False,0,
deal,2025-Q2,Selection,Commit,,,D-01924,SolsticeRobotics GmbH,Mid-Market,Sales-led,29093.46,15.6,2025-04-01,Priya Natarajan,False,0,
deal,2025-Q2,Commit,Onboarding,,,D-01924,SolsticeRobotics GmbH,Mid-Market,Sales-led,29093.46,5.5,2025-04-16,Priya Natarajan,False,0,
deal,2025-Q2,Onboarding,Adoption,,,D-01924,SolsticeRobotics GmbH,Mid-Market,Sales-led,29093.46,17.3,2025-04-21,Priya Natarajan,False,0,
deal,2025-Q2,Adoption,Renewal,,,D-01924,SolsticeRobotics GmbH,Mid-Market,Sales-led,29093.46,74.1,2025-05-08,Priya Natarajan,False,0,
deal,2025-Q2,Renewal,Expansion,,,D-01924,SolsticeRobotics GmbH,Mid-Market,Sales-led,29093.46,17.9,2025-07-21,Priya Natarajan,False,0,
deal,2025-Q2,Expansion,,,,D-01924,SolsticeRobotics GmbH,Mid-Market,Sales-led,29093.46,41.0,2025-08-07,Priya Natarajan,False,6234.67,
deal,2025-Q2,Selection,Commit,,,D-01925,BrightHealth Group,Mid-Market,PLG,21463.2,12.1,2025-04-01,Amara Okafor,False,0,True
deal,2025-Q2,Commit,Onboarding,,,D-01925,BrightHealth Group,Mid-Market,PLG,21463.2,4.5,2025-04-13,Amara Okafor,False,0,True
deal,2025-Q2,Onboarding,Adoption,,,D-01925,BrightHealth Group,Mid-Market,PLG,21463.2,13.5,2025-04-17,Amara Okafor,False,0,True
deal,2025-Q2,Adoption,Renewal,,,D-01925,BrightHealth Group,Mid-Market,PLG,21463.2,44.7,2025-04-30,Amara Okafor,False,0,True
deal,2025-Q2,Renewal,Expansion,,,D-01925,BrightHealth Group,Mid-Market,PLG,21463.2,13.6,2025-06-13,Amara Okafor,False,0,True
deal,2025-Q2,Expansion,,,,D-01925,BrightHealth Group,Mid-Market,PLG,21463.2,53.6,2025-06-26,Amara Okafor,False,0.0,True
deal,2025-Q2,Selection,,,,D-01926,LucidSolutions GmbH,Mid-Market,PLG,22526.57,10.6,2025-04-01,Tariq Aziz,False,0,True
deal,2025-Q2,Selection,,,,D-01927,BlueSystems GmbH,Mid-Market,PLG,23165.86,10.1,2025-04-01,Declan Byrne,False,0,False
deal,2025-Q2,Selection,,,,D-01928,NovaMetrics GmbH,Mid-Market,Sales-led,35843.23,23.2,2025-04-01,Noor Haddad,False,0,
deal,2025-Q2,Selection,,,,D-01929,CedarAnalytics GmbH,Mid-Market,PLG,25117.7,17.7,2025-04-01,Yuki Tanaka,False,0,False
deal,2025-Q2,Selection,,,,D-01930,BlueSignal GmbH,Mid-Market,PLG,15334.89,10.5,2025-04-01,Fatima Zahra,False,0,False
deal,2025-Q2,Selection,Commit,,,D-01931,HarborAnalytics Group,Mid-Market,Sales-led,57003.91,30.2,2025-04-01,Amara Okafor,False,0,
deal,2025-Q2,Commit,Onboarding,,,D-01931,HarborAnalytics Group,Mid-Market,Sales-led,57003.91,8.8,2025-05-01,Amara Okafor,False,0,
deal,2025-Q2,Onboarding,,,,D-01931,HarborAnalytics Group,Mid-Market,Sales-led,57003.91,18.4,2025-05-09,Amara Okafor,True,0,
deal,2025-Q2,Selection,Commit,,,D-01932,SilverFinance Group,Mid-Market,Sales-led,47073.33,23.9,2025-04-01,Marcus Webb,False,0,
deal,2025-Q2,Commit,Onboarding,,,D-01932,SilverFinance Group,Mid-Market,Sales-led,47073.33,4.1,2025-04-24,Marcus Webb,False,0,
deal,2025-Q2,Onboarding,Adoption,,,D-01932,SilverFinance Group,Mid-Market,Sales-led,47073.33,17.7,2025-04-28,Marcus Webb,False,0,
deal,2025-Q2,Adoption,Renewal,,,D-01932,SilverFinance Group,Mid-Market,Sales-led,47073.33,67.3,2025-05-15,Marcus Webb,False,0,
deal,2025-Q2,Renewal,Expansion,,,D-01932,SilverFinance Group,Mid-Market,Sales-led,47073.33,38.3,2025-07-21,Marcus Webb,False,0,
deal,2025-Q2,Expansion,,,,D-01932,SilverFinance Group,Mid-Market,Sales-led,47073.33,33.1,2025-08-28,Marcus Webb,False,13865.29,
deal,2025-Q2,Selection,,,,D-01933,LucidRobotics Ltd.,Mid-Market,Sales-led,32520.22,22.2,2025-04-01,Tariq Aziz,False,0,
deal,2025-Q2,Selection,Commit,,,D-01934,SilverAnalytics Inc.,Mid-Market,Sales-led,40919.06,49.8,2025-04-01,Priya Natarajan,False,0,
deal,2025-Q2,Commit,Onboarding,,,D-01934,SilverAnalytics Inc.,Mid-Market,Sales-led,40919.06,6.4,2025-05-20,Priya Natarajan,False,0,
deal,2025-Q2,Onboarding,Adoption,,,D-01934,SilverAnalytics Inc.,Mid-Market,Sales-led,40919.06,19.8,2025-05-26,Priya Natarajan,False,0,
deal,2025-Q2,Adoption,Renewal,,,D-01934,SilverAnalytics Inc.,Mid-Market,Sales-led,40919.06,40.8,2025-06-14,Priya Natarajan,False,0,
deal,2025-Q2,Renewal,Expansion,,,D-01934,SilverAnalytics Inc.,Mid-Market,Sales-led,40919.06,21.5,2025-07-24,Priya Natarajan,False,0,
deal,2025-Q2,Expansion,,,,D-01934,SilverAnalytics Inc.,Mid-Market,Sales-led,40919.06,50.9,2025-08-14,Priya Natarajan,False,0.0,
deal,2025-Q2,Selection,Commit,,,D-01935,HarborHealth GmbH,Mid-Market,PLG,36362.6,19.4,2025-04-01,Amara Okafor,False,0,True
deal,2025-Q2,Commit,Onboarding,,,D-01935,HarborHealth GmbH,Mid-Market,PLG,36362.6,1.9,2025-04-20,Amara Okafor,False,0,True
deal,2025-Q2,Onboarding,Adoption,,,D-01935,HarborHealth GmbH,Mid-Market,PLG,36362.6,11.1,2025-04-21,Amara Okafor,False,0,True
deal,2025-Q2,Adoption,Renewal,,,D-01935,HarborHealth GmbH,Mid-Market,PLG,36362.6,35.6,2025-05-02,Amara Okafor,False,0,True
deal,2025-Q2,Renewal,Expansion,,,D-01935,HarborHealth GmbH,Mid-Market,PLG,36362.6,14.3,2025-06-06,Amara Okafor,False,0,True
deal,2025-Q2,Expansion,,,,D-01935,HarborHealth GmbH,Mid-Market,PLG,36362.6,43.7,2025-06-20,Amara Okafor,False,11677.65,True
deal,2025-Q2,Selection,,,,D-01936,MeridianLogistics B.V.,Mid-Market,PLG,28804.72,14.3,2025-04-01,Elena Petrova,False,0,True
deal,2025-Q2,Selection,Commit,,,D-01937,BrightSolutions Group,Mid-Market,Sales-led,60665.93,22.9,2025-04-01,Fatima Zahra,False,0,
deal,2025-Q2,Commit,Onboarding,,,D-01937,BrightSolutions Group,Mid-Market,Sales-led,60665.93,4.4,2025-04-23,Fatima Zahra,False,0,
deal,2025-Q2,Onboarding,Adoption,,,D-01937,BrightSolutions Group,Mid-Market,Sales-led,60665.93,13.8,2025-04-27,Fatima Zahra,False,0,
deal,2025-Q2,Adoption,Renewal,,,D-01937,BrightSolutions Group,Mid-Market,Sales-led,60665.93,48.1,2025-05-10,Fatima Zahra,False,0,
deal,2025-Q2,Renewal,Expansion,,,D-01937,BrightSolutions Group,Mid-Market,Sales-led,60665.93,47.6,2025-06-27,Fatima Zahra,False,0,
deal,2025-Q2,Expansion,,,,D-01937,BrightSolutions Group,Mid-Market,Sales-led,60665.93,14.4,2025-08-13,Fatima Zahra,False,24468.67,
deal,2025-Q2,Selection,,,,D-01938,VantageCommerce Inc.,Mid-Market,Sales-led,27677.51,36.4,2025-04-01,Aisling Kelly,False,0,
deal,2025-Q2,Selection,Commit,,,D-01939,NovaCloud Ltd.,Mid-Market,PLG,30215.68,9.3,2025-04-01,Aisling Kelly,False,0,True
deal,2025-Q2,Commit,Onboarding,,,D-01939,NovaCloud Ltd.,Mid-Market,PLG,30215.68,3.6,2025-04-10,Aisling Kelly,False,0,True
deal,2025-Q2,Onboarding,Adoption,,,D-01939,NovaCloud Ltd.,Mid-Market,PLG,30215.68,11.6,2025-04-13,Aisling Kelly,False,0,True
deal,2025-Q2,Adoption,Renewal,,,D-01939,NovaCloud Ltd.,Mid-Market,PLG,30215.68,48.7,2025-04-24,Aisling Kelly,False,0,True
deal,2025-Q2,Renewal,,,,D-01939,NovaCloud Ltd.,Mid-Market,PLG,30215.68,24.3,2025-06-11,Aisling Kelly,True,0,True
deal,2025-Q2,Selection,Commit,,,D-01940,CedarHealth & Co.,Mid-Market,Sales-led,60426.36,25.5,2025-04-01,Declan Byrne,False,0,
deal,2025-Q2,Commit,Onboarding,,,D-01940,CedarHealth & Co.,Mid-Market,Sales-led,60426.36,4.5,2025-04-26,Declan Byrne,False,0,
deal,2025-Q2,Onboarding,Adoption,,,D-01940,CedarHealth & Co.,Mid-Market,Sales-led,60426.36,10.5,2025-04-30,Declan Byrne,False,0,
deal,2025-Q2,Adoption,Renewal,,,D-01940,CedarHealth & Co.,Mid-Market,Sales-led,60426.36,42.8,2025-05-10,Declan Byrne,False,0,
deal,2025-Q2,Renewal,Expansion,,,D-01940,CedarHealth & Co.,Mid-Market,Sales-led,60426.36,24.8,2025-06-21,Declan Byrne,False,0,
deal,2025-Q2,Expansion,,,,D-01940,CedarHealth & Co.,Mid-Market,Sales-led,60426.36,81.6,2025-07-15,Declan Byrne,False,22816.47,
deal,2025-Q2,Selection,,,,D-01941,NorthernCloud Inc.,Mid-Market,PLG,27742.78,17.7,2025-04-01,Aisling Kelly,False,0,True
deal,2025-Q2,Selection,Commit,,,D-01942,LucidDynamics Ltd.,Mid-Market,Sales-led,25604.82,20.6,2025-04-01,Liam Fitzgerald,False,0,
deal,2025-Q2,Commit,Onboarding,,,D-01942,LucidDynamics Ltd.,Mid-Market,Sales-led,25604.82,4.9,2025-04-21,Liam Fitzgerald,False,0,
deal,2025-Q2,Onboarding,Adoption,,,D-01942,LucidDynamics Ltd.,Mid-Market,Sales-led,25604.82,22.7,2025-04-25,Liam Fitzgerald,False,0,
deal,2025-Q2,Adoption,Renewal,,,D-01942,LucidDynamics Ltd.,Mid-Market,Sales-led,25604.82,55.5,2025-05-17,Liam Fitzgerald,False,0,
deal,2025-Q2,Renewal,Expansion,,,D-01942,LucidDynamics Ltd.,Mid-Market,Sales-led,25604.82,16.4,2025-07-11,Liam Fitzgerald,False,0,
deal,2025-Q2,Expansion,,,,D-01942,LucidDynamics Ltd.,Mid-Market,Sales-led,25604.82,13.9,2025-07-27,Liam Fitzgerald,False,11110.6,
deal,2025-Q2,Selection,,,,D-01943,NorthernLabs Inc.,Mid-Market,Sales-led,79650.46,38.4,2025-04-01,Amara Okafor,False,0,
deal,2025-Q2,Selection,,,,D-01944,NorthernData Group,Mid-Market,Sales-led,45085.79,25.7,2025-04-01,Marcus Webb,False,0,
deal,2025-Q2,Selection,,,,D-01945,NorthernLogistics & Co.,Mid-Market,Sales-led,71562.4,48.6,2025-04-01,Priya Natarajan,False,0,
deal,2025-Q2,Selection,,,,D-01946,BlueMetrics Group,Mid-Market,Sales-led,26292.09,19.0,2025-04-01,Yuki Tanaka,False,0,
deal,2025-Q2,Selection,,,,D-01947,SilverAnalytics & Co.,Mid-Market,PLG,31985.95,12.4,2025-04-01,Marcus Webb,False,0,True
deal,2025-Q2,Selection,,,,D-01948,SolsticeHealth Inc.,Mid-Market,Sales-led,43016.04,42.4,2025-04-01,Fatima Zahra,False,0,
deal,2025-Q2,Selection,Commit,,,D-01949,SilverSignal Inc.,Mid-Market,Sales-led,18426.1,42.5,2025-04-01,Elena Petrova,False,0,
deal,2025-Q2,Commit,Onboarding,,,D-01949,SilverSignal Inc.,Mid-Market,Sales-led,18426.1,6.1,2025-05-13,Elena Petrova,False,0,
deal,2025-Q2,Onboarding,Adoption,,,D-01949,SilverSignal Inc.,Mid-Market,Sales-led,18426.1,12.5,2025-05-19,Elena Petrova,False,0,
deal,2025-Q2,Adoption,Renewal,,,D-01949,SilverSignal Inc.,Mid-Market,Sales-led,18426.1,68.6,2025-05-31,Elena Petrova,False,0,
deal,2025-Q2,Renewal,Expansion,,,D-01949,SilverSignal Inc.,Mid-Market,Sales-led,18426.1,35.1,2025-08-07,Elena Petrova,False,0,
deal,2025-Q2,Expansion,,,,D-01949,SilverSignal Inc.,Mid-Market,Sales-led,18426.1,29.8,2025-09-11,Elena Petrova,False,5003.29,
deal,2025-Q2,Selection,Commit,,,D-01950,SilverDynamics & Co.,Mid-Market,Sales-led,40427.08,15.2,2025-04-01,Sofia Marchetti,False,0,
deal,2025-Q2,Commit,Onboarding,,,D-01950,SilverDynamics & Co.,Mid-Market,Sales-led,40427.08,7.3,2025-04-16,Sofia Marchetti,False,0,
deal,2025-Q2,Onboarding,Adoption,,,D-01950,SilverDynamics & Co.,Mid-Market,Sales-led,40427.08,11.8,2025-04-23,Sofia Marchetti,False,0,
deal,2025-Q2,Adoption,Renewal,,,D-01950,SilverDynamics & Co.,Mid-Market,Sales-led,40427.08,94.4,2025-05-04,Sofia Marchetti,False,0,
deal,2025-Q2,Renewal,Expansion,,,D-01950,SilverDynamics & Co.,Mid-Market,Sales-led,40427.08,13.5,2025-08-06,Sofia Marchetti,False,0,
deal,2025-Q2,Expansion,,,,D-01950,SilverDynamics & Co.,Mid-Market,Sales-led,40427.08,47.2,2025-08-19,Sofia Marchetti,False,12226.75,
deal,2025-Q2,Selection,,,,D-01951,KestrelSolutions B.V.,Mid-Market,Sales-led,18853.32,22.4,2025-04-01,Sofia Marchetti,False,0,
deal,2025-Q2,Selection,,,,D-01952,BlueFinance Ltd.,Mid-Market,Sales-led,93611.18,16.8,2025-04-01,Amara Okafor,False,0,
deal,2025-Q2,Selection,,,,D-01953,CedarRobotics & Co.,Mid-Market,PLG,23923.2,12.5,2025-04-01,Aisling Kelly,False,0,True
deal,2025-Q2,Selection,Commit,,,D-01954,LucidStudio B.V.,Mid-Market,PLG,55324.44,8.7,2025-04-01,Amara Okafor,False,0,True
deal,2025-Q2,Commit,Onboarding,,,D-01954,LucidStudio B.V.,Mid-Market,PLG,55324.44,2.3,2025-04-09,Amara Okafor,False,0,True
deal,2025-Q2,Onboarding,Adoption,,,D-01954,LucidStudio B.V.,Mid-Market,PLG,55324.44,54.8,2025-04-11,Amara Okafor,False,0,True
deal,2025-Q2,Adoption,Renewal,,,D-01954,LucidStudio B.V.,Mid-Market,PLG,55324.44,40.8,2025-06-04,Amara Okafor,False,0,True
deal,2025-Q2,Renewal,Expansion,,,D-01954,LucidStudio B.V.,Mid-Market,PLG,55324.44,19.7,2025-07-14,Amara Okafor,False,0,True
deal,2025-Q2,Expansion,,,,D-01954,LucidStudio B.V.,Mid-Market,PLG,55324.44,22.4,2025-08-02,Amara Okafor,False,23327.41,True
deal,2025-Q2,Selection,Commit,,,D-01955,LucidLabs Group,Mid-Market,Sales-led,45560.45,20.7,2025-04-01,Ben Sorensen,False,0,
deal,2025-Q2,Commit,Onboarding,,,D-01955,LucidLabs Group,Mid-Market,Sales-led,45560.45,4.8,2025-04-21,Ben Sorensen,False,0,
deal,2025-Q2,Onboarding,Adoption,,,D-01955,LucidLabs Group,Mid-Market,Sales-led,45560.45,10.3,2025-04-25,Ben Sorensen,False,0,
deal,2025-Q2,Adoption,Renewal,,,D-01955,LucidLabs Group,Mid-Market,Sales-led,45560.45,68.2,2025-05-05,Ben Sorensen,False,0,
deal,2025-Q2,Renewal,Expansion,,,D-01955,LucidLabs Group,Mid-Market,Sales-led,45560.45,33.4,2025-07-12,Ben Sorensen,False,0,
deal,2025-Q2,Expansion,,,,D-01955,LucidLabs Group,Mid-Market,Sales-led,45560.45,37.8,2025-08-14,Ben Sorensen,False,0.0,
deal,2025-Q3,Selection,,,,D-01956,SwiftStudio B.V.,Mid-Market,Sales-led,63282.89,39.2,2025-07-01,Marcus Webb,False,0,
deal,2025-Q3,Selection,,,,D-01957,CedarDynamics Group,Mid-Market,PLG,23625.81,24.6,2025-07-01,Fatima Zahra,False,0,False
deal,2025-Q3,Selection,,,,D-01958,BoldLabs & Co.,Mid-Market,Sales-led,50527.19,29.7,2025-07-01,Declan Byrne,False,0,
deal,2025-Q3,Selection,,,,D-01959,LucidMetrics B.V.,Mid-Market,Sales-led,122804.99,37.6,2025-07-01,Marcus Webb,False,0,
deal,2025-Q3,Selection,,,,D-01960,BrightSignal B.V.,Mid-Market,Sales-led,39893.76,13.7,2025-07-01,Noor Haddad,False,0,
deal,2025-Q3,Selection,Commit,,,D-01961,SwiftRobotics GmbH,Mid-Market,PLG,26795.34,14.9,2025-07-01,Amara Okafor,False,0,True
deal,2025-Q3,Commit,Onboarding,,,D-01961,SwiftRobotics GmbH,Mid-Market,PLG,26795.34,1.7,2025-07-15,Amara Okafor,False,0,True
deal,2025-Q3,Onboarding,Adoption,,,D-01961,SwiftRobotics GmbH,Mid-Market,PLG,26795.34,22.9,2025-07-16,Amara Okafor,False,0,True
deal,2025-Q3,Adoption,Renewal,,,D-01961,SwiftRobotics GmbH,Mid-Market,PLG,26795.34,24.3,2025-08-07,Amara Okafor,False,0,True
deal,2025-Q3,Renewal,Expansion,,,D-01961,SwiftRobotics GmbH,Mid-Market,PLG,26795.34,16.5,2025-08-31,Amara Okafor,False,0,True
deal,2025-Q3,Expansion,,,,D-01961,SwiftRobotics GmbH,Mid-Market,PLG,26795.34,29.4,2025-09-16,Amara Okafor,False,10264.11,True
deal,2025-Q3,Selection,,,,D-01962,ClearData & Co.,Mid-Market,PLG,17234.92,22.3,2025-07-01,Elena Petrova,False,0,True
deal,2025-Q3,Selection,,,,D-01963,HarborLabs B.V.,Mid-Market,Sales-led,46172.44,16.8,2025-07-01,Tariq Aziz,False,0,
deal,2025-Q3,Selection,Commit,,,D-01964,ClearAnalytics Group,Mid-Market,PLG,35330.55,7.4,2025-07-01,Ingrid Johansson,False,0,True
deal,2025-Q3,Commit,Onboarding,,,D-01964,ClearAnalytics Group,Mid-Market,PLG,35330.55,6.6,2025-07-08,Ingrid Johansson,False,0,True
deal,2025-Q3,Onboarding,Adoption,,,D-01964,ClearAnalytics Group,Mid-Market,PLG,35330.55,22.0,2025-07-14,Ingrid Johansson,False,0,True
deal,2025-Q3,Adoption,Renewal,,,D-01964,ClearAnalytics Group,Mid-Market,PLG,35330.55,31.0,2025-08-05,Ingrid Johansson,False,0,True
deal,2025-Q3,Renewal,Expansion,,,D-01964,ClearAnalytics Group,Mid-Market,PLG,35330.55,18.2,2025-09-05,Ingrid Johansson,False,0,True
deal,2025-Q3,Expansion,,,,D-01964,ClearAnalytics Group,Mid-Market,PLG,35330.55,36.9,2025-09-23,Ingrid Johansson,False,8085.98,True
deal,2025-Q3,Selection,,,,D-01965,HarborLogistics Group,Mid-Market,PLG,18275.91,23.9,2025-07-01,Declan Byrne,False,0,False
deal,2025-Q3,Selection,Commit,,,D-01966,NovaData GmbH,Mid-Market,PLG,19984.75,20.7,2025-07-01,Sofia Marchetti,False,0,False
deal,2025-Q3,Commit,Onboarding,,,D-01966,NovaData GmbH,Mid-Market,PLG,19984.75,6.8,2025-07-21,Sofia Marchetti,False,0,False
deal,2025-Q3,Onboarding,Adoption,,,D-01966,NovaData GmbH,Mid-Market,PLG,19984.75,19.9,2025-07-27,Sofia Marchetti,False,0,False
deal,2025-Q3,Adoption,Renewal,,,D-01966,NovaData GmbH,Mid-Market,PLG,19984.75,72.4,2025-08-15,Sofia Marchetti,False,0,False
deal,2025-Q3,Renewal,Expansion,,,D-01966,NovaData GmbH,Mid-Market,PLG,19984.75,20.8,2025-10-26,Sofia Marchetti,False,0,False
deal,2025-Q3,Expansion,,,,D-01966,NovaData GmbH,Mid-Market,PLG,19984.75,36.5,2025-11-15,Sofia Marchetti,False,0.0,False
deal,2025-Q3,Selection,Commit,,,D-01967,KestrelWorks Ltd.,Mid-Market,Sales-led,72957.32,16.2,2025-07-01,Aisling Kelly,False,0,
deal,2025-Q3,Commit,Onboarding,,,D-01967,KestrelWorks Ltd.,Mid-Market,Sales-led,72957.32,4.2,2025-07-17,Aisling Kelly,False,0,
deal,2025-Q3,Onboarding,Adoption,,,D-01967,KestrelWorks Ltd.,Mid-Market,Sales-led,72957.32,12.5,2025-07-21,Aisling Kelly,False,0,
deal,2025-Q3,Adoption,Renewal,,,D-01967,KestrelWorks Ltd.,Mid-Market,Sales-led,72957.32,44.0,2025-08-02,Aisling Kelly,False,0,
deal,2025-Q3,Renewal,Expansion,,,D-01967,KestrelWorks Ltd.,Mid-Market,Sales-led,72957.32,24.8,2025-09-15,Aisling Kelly,False,0,
deal,2025-Q3,Expansion,,,,D-01967,KestrelWorks Ltd.,Mid-Market,Sales-led,72957.32,34.4,2025-10-09,Aisling Kelly,False,0.0,
deal,2025-Q3,Selection,,,,D-01968,ClearWorks Ltd.,Mid-Market,Sales-led,34721.24,32.4,2025-07-01,Liam Fitzgerald,False,0,
deal,2025-Q3,Selection,,,,D-01969,HarborDynamics GmbH,Mid-Market,PLG,22607.56,17.5,2025-07-01,Callum Reid,False,0,False
deal,2025-Q3,Selection,,,,D-01970,ClearDynamics GmbH,Mid-Market,Sales-led,46128.64,52.8,2025-07-01,Liam Fitzgerald,False,0,
deal,2025-Q3,Selection,,,,D-01971,HarborRobotics B.V.,Mid-Market,PLG,28120.21,9.0,2025-07-01,Callum Reid,False,0,False
deal,2025-Q3,Selection,,,,D-01972,RapidFinance Group,Mid-Market,Sales-led,62294.0,16.7,2025-07-01,Elena Petrova,False,0,
deal,2025-Q3,Selection,,,,D-01973,CedarHealth Group,Mid-Market,Sales-led,37924.38,38.8,2025-07-01,Rian de Groot,False,0,
deal,2025-Q3,Selection,Commit,,,D-01974,CedarMetrics Group,Mid-Market,Sales-led,51778.13,15.1,2025-07-01,Priya Natarajan,False,0,
deal,2025-Q3,Commit,Onboarding,,,D-01974,CedarMetrics Group,Mid-Market,Sales-led,51778.13,4.0,2025-07-16,Priya Natarajan,False,0,
deal,2025-Q3,Onboarding,Adoption,,,D-01974,CedarMetrics Group,Mid-Market,Sales-led,51778.13,12.3,2025-07-20,Priya Natarajan,False,0,
deal,2025-Q3,Adoption,Renewal,,,D-01974,CedarMetrics Group,Mid-Market,Sales-led,51778.13,38.5,2025-08-01,Priya Natarajan,False,0,
deal,2025-Q3,Renewal,Expansion,,,D-01974,CedarMetrics Group,Mid-Market,Sales-led,51778.13,31.3,2025-09-08,Priya Natarajan,False,0,
deal,2025-Q3,Expansion,,,,D-01974,CedarMetrics Group,Mid-Market,Sales-led,51778.13,37.0,2025-10-09,Priya Natarajan,False,0.0,
deal,2025-Q3,Selection,,,,D-01975,BlueStudio Inc.,Mid-Market,Sales-led,23964.83,29.0,2025-07-01,Ingrid Johansson,False,0,
deal,2025-Q3,Selection,,,,D-01976,BrightData GmbH,Mid-Market,Sales-led,50465.05,30.7,2025-07-01,Fatima Zahra,False,0,
deal,2025-Q3,Selection,,,,D-01977,ClearLabs GmbH,Mid-Market,Sales-led,44465.04,38.4,2025-07-01,Ingrid Johansson,False,0,
deal,2025-Q3,Selection,,,,D-01978,LucidData Inc.,Mid-Market,Sales-led,53943.8,11.9,2025-07-01,Rian de Groot,False,0,
deal,2025-Q3,Selection,,,,D-01979,SilverCloud B.V.,Mid-Market,Sales-led,39765.85,23.1,2025-07-01,Ingrid Johansson,False,0,
deal,2025-Q3,Selection,,,,D-01980,VantageSolutions Ltd.,Mid-Market,PLG,37376.8,8.1,2025-07-01,Yuki Tanaka,False,0,False
deal,2025-Q3,Selection,,,,D-01981,BoldMetrics GmbH,Mid-Market,PLG,39152.38,9.4,2025-07-01,Tariq Aziz,False,0,True
deal,2025-Q3,Selection,,,,D-01982,HarborHealth Ltd.,Mid-Market,PLG,12312.55,24.1,2025-07-01,Ben Sorensen,False,0,False
deal,2025-Q3,Selection,,,,D-01983,SolsticeLogistics Inc.,Mid-Market,PLG,28573.88,23.1,2025-07-01,Declan Byrne,False,0,True
deal,2025-Q3,Selection,Commit,,,D-01984,SilverLogistics Ltd.,Mid-Market,PLG,27725.74,14.0,2025-07-01,Amara Okafor,False,0,True
deal,2025-Q3,Commit,Onboarding,,,D-01984,SilverLogistics Ltd.,Mid-Market,PLG,27725.74,4.4,2025-07-15,Amara Okafor,False,0,True
deal,2025-Q3,Onboarding,Adoption,,,D-01984,SilverLogistics Ltd.,Mid-Market,PLG,27725.74,10.6,2025-07-19,Amara Okafor,False,0,True
deal,2025-Q3,Adoption,,,,D-01984,SilverLogistics Ltd.,Mid-Market,PLG,27725.74,74.5,2025-07-29,Amara Okafor,True,0,True
deal,2025-Q3,Selection,,,,D-01985,BlueLabs GmbH,Mid-Market,PLG,29264.35,10.9,2025-07-01,Callum Reid,False,0,False
deal,2025-Q3,Selection,,,,D-01986,SolsticeLabs GmbH,Mid-Market,Sales-led,40189.58,34.7,2025-07-01,Yuki Tanaka,False,0,
deal,2025-Q3,Selection,,,,D-01987,BlueLogistics Inc.,Mid-Market,PLG,24363.99,24.7,2025-07-01,Declan Byrne,False,0,False
deal,2025-Q3,Selection,,,,D-01988,BoldStudio Ltd.,Mid-Market,PLG,26866.71,20.8,2025-07-01,Aisling Kelly,False,0,False
deal,2025-Q3,Selection,,,,D-01989,SilverAnalytics & Co.,Mid-Market,Sales-led,40387.19,15.7,2025-07-01,Amara Okafor,False,0,
deal,2025-Q3,Selection,Commit,,,D-01990,SilverCloud & Co.,Mid-Market,PLG,18064.74,11.4,2025-07-01,Callum Reid,False,0,True
deal,2025-Q3,Commit,Onboarding,,,D-01990,SilverCloud & Co.,Mid-Market,PLG,18064.74,5.1,2025-07-12,Callum Reid,False,0,True
deal,2025-Q3,Onboarding,Adoption,,,D-01990,SilverCloud & Co.,Mid-Market,PLG,18064.74,21.6,2025-07-17,Callum Reid,False,0,True
deal,2025-Q3,Adoption,Renewal,,,D-01990,SilverCloud & Co.,Mid-Market,PLG,18064.74,37.4,2025-08-07,Callum Reid,False,0,True
deal,2025-Q3,Renewal,Expansion,,,D-01990,SilverCloud & Co.,Mid-Market,PLG,18064.74,23.9,2025-09-13,Callum Reid,False,0,True
deal,2025-Q3,Expansion,,,,D-01990,SilverCloud & Co.,Mid-Market,PLG,18064.74,56.0,2025-10-06,Callum Reid,False,7803.82,True
deal,2025-Q3,Selection,Commit,,,D-01991,SilverStudio Inc.,Mid-Market,Sales-led,41209.64,21.1,2025-07-01,Tariq Aziz,False,0,
deal,2025-Q3,Commit,Onboarding,,,D-01991,SilverStudio Inc.,Mid-Market,Sales-led,41209.64,3.2,2025-07-22,Tariq Aziz,False,0,
deal,2025-Q3,Onboarding,Adoption,,,D-01991,SilverStudio Inc.,Mid-Market,Sales-led,41209.64,24.1,2025-07-25,Tariq Aziz,False,0,
deal,2025-Q3,Adoption,Renewal,,,D-01991,SilverStudio Inc.,Mid-Market,Sales-led,41209.64,39.7,2025-08-18,Tariq Aziz,False,0,
deal,2025-Q3,Renewal,Expansion,,,D-01991,SilverStudio Inc.,Mid-Market,Sales-led,41209.64,12.7,2025-09-26,Tariq Aziz,False,0,
deal,2025-Q3,Expansion,,,,D-01991,SilverStudio Inc.,Mid-Market,Sales-led,41209.64,87.8,2025-10-08,Tariq Aziz,False,16396.56,
deal,2025-Q3,Selection,,,,D-01992,MeridianMetrics Inc.,Mid-Market,Sales-led,36302.66,37.3,2025-07-01,Ben Sorensen,False,0,
deal,2025-Q3,Selection,,,,D-01993,CedarData Inc.,Mid-Market,PLG,24492.98,17.6,2025-07-01,Amara Okafor,False,0,False
deal,2025-Q3,Selection,,,,D-01994,RapidRobotics & Co.,Mid-Market,Sales-led,60163.5,33.1,2025-07-01,Callum Reid,False,0,
deal,2025-Q3,Selection,,,,D-01995,ClearSignal Group,Mid-Market,PLG,25282.08,18.1,2025-07-01,Elena Petrova,False,0,False
deal,2025-Q3,Selection,,,,D-01996,RapidCommerce Group,Mid-Market,Sales-led,39897.96,11.8,2025-07-01,Declan Byrne,False,0,
deal,2025-Q3,Selection,,,,D-01997,MeridianSignal Inc.,Mid-Market,Sales-led,42823.75,15.9,2025-07-01,Liam Fitzgerald,False,0,
deal,2025-Q3,Selection,,,,D-01998,VantageMetrics Group,Mid-Market,PLG,14193.09,23.0,2025-07-01,Aisling Kelly,False,0,True
deal,2025-Q3,Selection,Commit,,,D-01999,KestrelLabs B.V.,Mid-Market,Sales-led,44996.53,18.3,2025-07-01,Marcus Webb,False,0,
deal,2025-Q3,Commit,Onboarding,,,D-01999,KestrelLabs B.V.,Mid-Market,Sales-led,44996.53,3.9,2025-07-19,Marcus Webb,False,0,
deal,2025-Q3,Onboarding,Adoption,,,D-01999,KestrelLabs B.V.,Mid-Market,Sales-led,44996.53,35.3,2025-07-22,Marcus Webb,False,0,
deal,2025-Q3,Adoption,Renewal,,,D-01999,KestrelLabs B.V.,Mid-Market,Sales-led,44996.53,64.0,2025-08-26,Marcus Webb,False,0,
deal,2025-Q3,Renewal,Expansion,,,D-01999,KestrelLabs B.V.,Mid-Market,Sales-led,44996.53,30.4,2025-10-29,Marcus Webb,False,0,
deal,2025-Q3,Expansion,,,,D-01999,KestrelLabs B.V.,Mid-Market,Sales-led,44996.53,18.2,2025-11-28,Marcus Webb,False,0.0,
deal,2025-Q3,Selection,,,,D-02000,KestrelFinance GmbH,Mid-Market,PLG,18163.59,11.0,2025-07-01,Marcus Webb,False,0,False
deal,2025-Q3,Selection,,,,D-02001,ClearSignal B.V.,Mid-Market,Sales-led,35227.46,22.6,2025-07-01,Ben Sorensen,False,0,
deal,2025-Q3,Selection,,,,D-02002,PrimeAnalytics B.V.,Mid-Market,PLG,16704.34,18.0,2025-07-01,Tariq Aziz,False,0,True
deal,2025-Q3,Selection,,,,D-02003,SwiftLogistics GmbH,Mid-Market,Sales-led,60903.16,24.7,2025-07-01,Noor Haddad,False,0,
deal,2025-Q3,Selection,,,,D-02004,BrightFinance Group,Mid-Market,Sales-led,36716.54,28.4,2025-07-01,Aisling Kelly,False,0,
deal,2025-Q3,Selection,Commit,,,D-02005,MeridianSolutions GmbH,Mid-Market,PLG,16863.05,18.3,2025-07-01,Aisling Kelly,False,0,True
deal,2025-Q3,Commit,Onboarding,,,D-02005,MeridianSolutions GmbH,Mid-Market,PLG,16863.05,5.4,2025-07-19,Aisling Kelly,False,0,True
deal,2025-Q3,Onboarding,Adoption,,,D-02005,MeridianSolutions GmbH,Mid-Market,PLG,16863.05,20.8,2025-07-24,Aisling Kelly,False,0,True
deal,2025-Q3,Adoption,Renewal,,,D-02005,MeridianSolutions GmbH,Mid-Market,PLG,16863.05,56.3,2025-08-13,Aisling Kelly,False,0,True
deal,2025-Q3,Renewal,Expansion,,,D-02005,MeridianSolutions GmbH,Mid-Market,PLG,16863.05,11.2,2025-10-08,Aisling Kelly,False,0,True
deal,2025-Q3,Expansion,,,,D-02005,MeridianSolutions GmbH,Mid-Market,PLG,16863.05,63.8,2025-10-19,Aisling Kelly,False,4480.75,True
deal,2025-Q3,Selection,,,,D-02006,SolsticeAnalytics & Co.,Mid-Market,Sales-led,56030.52,22.9,2025-07-01,Elena Petrova,False,0,
deal,2025-Q3,Selection,,,,D-02007,VantageFinance Inc.,Mid-Market,Sales-led,117684.03,13.2,2025-07-01,Liam Fitzgerald,False,0,
deal,2025-Q3,Selection,,,,D-02008,BoldLabs Inc.,Mid-Market,Sales-led,59588.98,40.3,2025-07-01,Ingrid Johansson,False,0,
deal,2025-Q3,Selection,,,,D-02009,MeridianLogistics Ltd.,Mid-Market,PLG,14165.22,20.4,2025-07-01,Callum Reid,False,0,False
deal,2025-Q3,Selection,,,,D-02010,SolsticeSolutions Ltd.,Mid-Market,Sales-led,40546.03,14.1,2025-07-01,Aisling Kelly,False,0,
deal,2025-Q3,Selection,,,,D-02011,BoldMetrics Inc.,Mid-Market,PLG,17511.44,27.7,2025-07-01,Yuki Tanaka,False,0,False
deal,2025-Q3,Selection,,,,D-02012,BrightCommerce Ltd.,Mid-Market,Sales-led,35499.09,26.1,2025-07-01,Declan Byrne,False,0,
deal,2025-Q3,Selection,,,,D-02013,KestrelFinance GmbH,Mid-Market,Sales-led,60962.24,19.7,2025-07-01,Amara Okafor,False,0,
deal,2025-Q3,Selection,,,,D-02014,HarborAnalytics B.V.,Mid-Market,PLG,23069.8,10.1,2025-07-01,Marcus Webb,False,0,True
deal,2025-Q3,Selection,Commit,,,D-02015,NovaDynamics GmbH,Mid-Market,PLG,26173.42,8.0,2025-07-01,Amara Okafor,False,0,True
deal,2025-Q3,Commit,Onboarding,,,D-02015,NovaDynamics GmbH,Mid-Market,PLG,26173.42,2.9,2025-07-09,Amara Okafor,False,0,True
deal,2025-Q3,Onboarding,Adoption,,,D-02015,NovaDynamics GmbH,Mid-Market,PLG,26173.42,21.4,2025-07-11,Amara Okafor,False,0,True
deal,2025-Q3,Adoption,Renewal,,,D-02015,NovaDynamics GmbH,Mid-Market,PLG,26173.42,34.2,2025-08-01,Amara Okafor,False,0,True
deal,2025-Q3,Renewal,Expansion,,,D-02015,NovaDynamics GmbH,Mid-Market,PLG,26173.42,29.8,2025-09-04,Amara Okafor,False,0,True
deal,2025-Q3,Expansion,,,,D-02015,NovaDynamics GmbH,Mid-Market,PLG,26173.42,32.1,2025-10-03,Amara Okafor,False,0.0,True
deal,2025-Q3,Selection,,,,D-02016,BoldFinance Group,Mid-Market,Sales-led,39222.1,50.4,2025-07-01,Fatima Zahra,False,0,
deal,2025-Q3,Selection,,,,D-02017,SolsticeDynamics Ltd.,Mid-Market,Sales-led,41587.86,32.9,2025-07-01,Aisling Kelly,False,0,
deal,2025-Q3,Selection,Commit,,,D-02018,LucidRobotics Inc.,Mid-Market,PLG,12341.3,27.1,2025-07-01,Elena Petrova,False,0,True
deal,2025-Q3,Commit,Onboarding,,,D-02018,LucidRobotics Inc.,Mid-Market,PLG,12341.3,2.9,2025-07-28,Elena Petrova,False,0,True
deal,2025-Q3,Onboarding,Adoption,,,D-02018,LucidRobotics Inc.,Mid-Market,PLG,12341.3,9.2,2025-07-30,Elena Petrova,False,0,True
deal,2025-Q3,Adoption,Renewal,,,D-02018,LucidRobotics Inc.,Mid-Market,PLG,12341.3,69.7,2025-08-08,Elena Petrova,False,0,True
deal,2025-Q3,Renewal,Expansion,,,D-02018,LucidRobotics Inc.,Mid-Market,PLG,12341.3,34.1,2025-10-16,Elena Petrova,False,0,True
deal,2025-Q3,Expansion,,,,D-02018,LucidRobotics Inc.,Mid-Market,PLG,12341.3,30.5,2025-11-19,Elena Petrova,False,0.0,True
deal,2025-Q3,Selection,,,,D-02019,BrightStudio & Co.,Mid-Market,PLG,26078.86,11.3,2025-07-01,Liam Fitzgerald,False,0,True
deal,2025-Q3,Selection,,,,D-02020,VantageSignal B.V.,Mid-Market,PLG,16168.66,16.8,2025-07-01,Sofia Marchetti,False,0,True
deal,2025-Q3,Selection,,,,D-02021,ClearData B.V.,Mid-Market,PLG,21138.14,15.9,2025-07-01,Callum Reid,False,0,False
deal,2025-Q3,Selection,,,,D-02022,VantageSolutions & Co.,Mid-Market,Sales-led,56261.9,59.5,2025-07-01,Elena Petrova,False,0,
deal,2025-Q3,Selection,,,,D-02023,SwiftSolutions Ltd.,Mid-Market,PLG,13991.41,15.2,2025-07-01,Priya Natarajan,False,0,False
deal,2025-Q3,Selection,,,,D-02024,KestrelMetrics Ltd.,Mid-Market,Sales-led,60798.43,22.5,2025-07-01,Rian de Groot,False,0,
deal,2025-Q3,Selection,,,,D-02025,AmberFinance & Co.,Mid-Market,PLG,21531.26,22.4,2025-07-01,Fatima Zahra,False,0,True
deal,2025-Q3,Selection,,,,D-02026,LucidMetrics B.V.,Mid-Market,PLG,13792.56,16.5,2025-07-01,Declan Byrne,False,0,True
deal,2025-Q3,Selection,,,,D-02027,PrimeWorks Ltd.,Mid-Market,PLG,24246.87,18.3,2025-07-01,Yuki Tanaka,False,0,False
deal,2025-Q3,Selection,,,,D-02028,KestrelRobotics Ltd.,Mid-Market,PLG,23102.49,12.7,2025-07-01,Declan Byrne,False,0,True
deal,2025-Q3,Selection,,,,D-02029,BrightLogistics Group,Mid-Market,Sales-led,54618.78,18.1,2025-07-01,Ingrid Johansson,False,0,
deal,2025-Q3,Selection,,,,D-02030,NovaAnalytics B.V.,Mid-Market,PLG,45337.79,15.7,2025-07-01,Amara Okafor,False,0,False
deal,2025-Q3,Selection,,,,D-02031,BlueMetrics Ltd.,Mid-Market,Sales-led,57739.68,40.4,2025-07-01,Marcus Webb,False,0,
deal,2025-Q3,Selection,,,,D-02032,BoldLabs Ltd.,Mid-Market,PLG,19652.9,19.0,2025-07-01,Priya Natarajan,False,0,True
deal,2025-Q3,Selection,Commit,,,D-02033,BrightData GmbH,Mid-Market,PLG,34128.45,12.2,2025-07-01,Ben Sorensen,False,0,True
deal,2025-Q3,Commit,Onboarding,,,D-02033,BrightData GmbH,Mid-Market,PLG,34128.45,2.3,2025-07-13,Ben Sorensen,False,0,True
deal,2025-Q3,Onboarding,Adoption,,,D-02033,BrightData GmbH,Mid-Market,PLG,34128.45,15.1,2025-07-15,Ben Sorensen,False,0,True
deal,2025-Q3,Adoption,Renewal,,,D-02033,BrightData GmbH,Mid-Market,PLG,34128.45,114.3,2025-07-30,Ben Sorensen,False,0,True
deal,2025-Q3,Renewal,Expansion,,,D-02033,BrightData GmbH,Mid-Market,PLG,34128.45,28.4,2025-11-21,Ben Sorensen,False,0,True
deal,2025-Q3,Expansion,,,,D-02033,BrightData GmbH,Mid-Market,PLG,34128.45,26.5,2025-12-19,Ben Sorensen,False,10272.52,True
deal,2025-Q3,Selection,,,,D-02034,NovaFinance Ltd.,Mid-Market,Sales-led,41352.12,19.6,2025-07-01,Fatima Zahra,False,0,
deal,2025-Q3,Selection,Commit,,,D-02035,MeridianAnalytics GmbH,Mid-Market,PLG,23621.53,15.6,2025-07-01,Priya Natarajan,False,0,True
deal,2025-Q3,Commit,Onboarding,,,D-02035,MeridianAnalytics GmbH,Mid-Market,PLG,23621.53,2.9,2025-07-16,Priya Natarajan,False,0,True
deal,2025-Q3,Onboarding,Adoption,,,D-02035,MeridianAnalytics GmbH,Mid-Market,PLG,23621.53,34.4,2025-07-18,Priya Natarajan,False,0,True
deal,2025-Q3,Adoption,Renewal,,,D-02035,MeridianAnalytics GmbH,Mid-Market,PLG,23621.53,60.7,2025-08-21,Priya Natarajan,False,0,True
deal,2025-Q3,Renewal,Expansion,,,D-02035,MeridianAnalytics GmbH,Mid-Market,PLG,23621.53,16.8,2025-10-20,Priya Natarajan,False,0,True
deal,2025-Q3,Expansion,,,,D-02035,MeridianAnalytics GmbH,Mid-Market,PLG,23621.53,36.2,2025-11-05,Priya Natarajan,False,0.0,True
deal,2025-Q3,Selection,,,,D-02036,LucidData GmbH,Mid-Market,Sales-led,57546.88,40.6,2025-07-01,Tariq Aziz,False,0,
deal,2025-Q3,Selection,,,,D-02037,MeridianStudio Ltd.,Mid-Market,Sales-led,40360.27,29.0,2025-07-01,Ben Sorensen,False,0,
deal,2025-Q3,Selection,,,,D-02038,SilverFinance Inc.,Mid-Market,PLG,37905.2,12.1,2025-07-01,Yuki Tanaka,False,0,False
deal,2025-Q3,Selection,Commit,,,D-02039,AmberSystems Ltd.,Mid-Market,Sales-led,73980.15,31.1,2025-07-01,Tariq Aziz,False,0,
deal,2025-Q3,Commit,Onboarding,,,D-02039,AmberSystems Ltd.,Mid-Market,Sales-led,73980.15,5.9,2025-08-01,Tariq Aziz,False,0,
deal,2025-Q3,Onboarding,Adoption,,,D-02039,AmberSystems Ltd.,Mid-Market,Sales-led,73980.15,38.5,2025-08-06,Tariq Aziz,False,0,
deal,2025-Q3,Adoption,Renewal,,,D-02039,AmberSystems Ltd.,Mid-Market,Sales-led,73980.15,60.2,2025-09-13,Tariq Aziz,False,0,
deal,2025-Q3,Renewal,Expansion,,,D-02039,AmberSystems Ltd.,Mid-Market,Sales-led,73980.15,20.6,2025-11-12,Tariq Aziz,False,0,
deal,2025-Q3,Expansion,,,,D-02039,AmberSystems Ltd.,Mid-Market,Sales-led,73980.15,50.7,2025-12-02,Tariq Aziz,False,0.0,
deal,2025-Q3,Selection,,,,D-02040,MeridianHealth Group,Mid-Market,Sales-led,46382.82,35.3,2025-07-01,Noor Haddad,False,0,
deal,2025-Q3,Selection,,,,D-02041,VantageFinance GmbH,Mid-Market,Sales-led,44951.02,33.8,2025-07-01,Amara Okafor,False,0,
deal,2025-Q3,Selection,Commit,,,D-02042,KestrelLabs Group,Mid-Market,PLG,16851.34,9.1,2025-07-01,Elena Petrova,False,0,True
deal,2025-Q3,Commit,Onboarding,,,D-02042,KestrelLabs Group,Mid-Market,PLG,16851.34,1.7,2025-07-10,Elena Petrova,False,0,True
deal,2025-Q3,Onboarding,Adoption,,,D-02042,KestrelLabs Group,Mid-Market,PLG,16851.34,18.6,2025-07-11,Elena Petrova,False,0,True
deal,2025-Q3,Adoption,Renewal,,,D-02042,KestrelLabs Group,Mid-Market,PLG,16851.34,88.9,2025-07-29,Elena Petrova,False,0,True
deal,2025-Q3,Renewal,Expansion,,,D-02042,KestrelLabs Group,Mid-Market,PLG,16851.34,10.0,2025-10-25,Elena Petrova,False,0,True
deal,2025-Q3,Expansion,,,,D-02042,KestrelLabs Group,Mid-Market,PLG,16851.34,20.9,2025-11-04,Elena Petrova,False,7353.52,True
deal,2025-Q3,Selection,,,,D-02043,NovaCloud Inc.,Mid-Market,Sales-led,90765.29,17.1,2025-07-01,Fatima Zahra,False,0,
deal,2025-Q3,Selection,,,,D-02044,NorthernAnalytics Ltd.,Mid-Market,Sales-led,46673.18,30.0,2025-07-01,Priya Natarajan,False,0,
deal,2025-Q3,Selection,,,,D-02045,KestrelRobotics Ltd.,Mid-Market,PLG,30330.57,15.0,2025-07-01,Aisling Kelly,False,0,True
deal,2025-Q3,Selection,,,,D-02046,BoldWorks & Co.,Mid-Market,Sales-led,63890.79,46.8,2025-07-01,Fatima Zahra,False,0,
deal,2025-Q3,Selection,Commit,,,D-02047,PrimeData Group,Mid-Market,PLG,23853.97,13.7,2025-07-01,Declan Byrne,False,0,True
deal,2025-Q3,Commit,Onboarding,,,D-02047,PrimeData Group,Mid-Market,PLG,23853.97,1.9,2025-07-14,Declan Byrne,False,0,True
deal,2025-Q3,Onboarding,Adoption,,,D-02047,PrimeData Group,Mid-Market,PLG,23853.97,14.0,2025-07-15,Declan Byrne,False,0,True
deal,2025-Q3,Adoption,Renewal,,,D-02047,PrimeData Group,Mid-Market,PLG,23853.97,106.3,2025-07-29,Declan Byrne,False,0,True
deal,2025-Q3,Renewal,Expansion,,,D-02047,PrimeData Group,Mid-Market,PLG,23853.97,17.7,2025-11-12,Declan Byrne,False,0,True
deal,2025-Q3,Expansion,,,,D-02047,PrimeData Group,Mid-Market,PLG,23853.97,41.8,2025-11-29,Declan Byrne,False,5809.98,True
deal,2025-Q3,Selection,,,,D-02048,AmberLogistics Group,Mid-Market,Sales-led,33389.05,15.8,2025-07-01,Liam Fitzgerald,False,0,
deal,2025-Q3,Selection,,,,D-02049,VantageFinance B.V.,Mid-Market,Sales-led,46594.27,41.2,2025-07-01,Liam Fitzgerald,False,0,
deal,2025-Q3,Selection,,,,D-02050,HarborSystems Inc.,Mid-Market,Sales-led,70692.47,15.8,2025-07-01,Rian de Groot,False,0,
deal,2025-Q3,Selection,,,,D-02051,VantageMetrics & Co.,Mid-Market,PLG,21680.85,11.9,2025-07-01,Aisling Kelly,False,0,False
deal,2025-Q3,Selection,,,,D-02052,KestrelData Ltd.,Mid-Market,Sales-led,87114.92,16.8,2025-07-01,Declan Byrne,False,0,
deal,2025-Q3,Selection,,,,D-02053,SwiftData B.V.,Mid-Market,Sales-led,36377.4,26.8,2025-07-01,Callum Reid,False,0,
deal,2025-Q3,Selection,Commit,,,D-02054,SolsticeAnalytics Ltd.,Mid-Market,Sales-led,45332.64,38.6,2025-07-01,Liam Fitzgerald,False,0,
deal,2025-Q3,Commit,Onboarding,,,D-02054,SolsticeAnalytics Ltd.,Mid-Market,Sales-led,45332.64,7.2,2025-08-08,Liam Fitzgerald,False,0,
deal,2025-Q3,Onboarding,Adoption,,,D-02054,SolsticeAnalytics Ltd.,Mid-Market,Sales-led,45332.64,41.2,2025-08-15,Liam Fitzgerald,False,0,
deal,2025-Q3,Adoption,Renewal,,,D-02054,SolsticeAnalytics Ltd.,Mid-Market,Sales-led,45332.64,94.9,2025-09-25,Liam Fitzgerald,False,0,
deal,2025-Q3,Renewal,Expansion,,,D-02054,SolsticeAnalytics Ltd.,Mid-Market,Sales-led,45332.64,16.0,2025-12-28,Liam Fitzgerald,False,0,
deal,2025-Q3,Expansion,,,,D-02054,SolsticeAnalytics Ltd.,Mid-Market,Sales-led,45332.64,27.3,2026-01-13,Liam Fitzgerald,False,20221.47,
deal,2025-Q3,Selection,,,,D-02055,AmberSolutions GmbH,Mid-Market,Sales-led,38915.12,16.9,2025-07-01,Ingrid Johansson,False,0,
deal,2025-Q3,Selection,,,,D-02056,CedarFinance Group,Mid-Market,PLG,24260.29,14.6,2025-07-01,Ben Sorensen,False,0,False
deal,2025-Q3,Selection,,,,D-02057,VantageMetrics Group,Mid-Market,PLG,33784.95,11.1,2025-07-01,Rian de Groot,False,0,False
deal,2025-Q3,Selection,,,,D-02058,SolsticeMetrics & Co.,Mid-Market,Sales-led,34105.0,23.5,2025-07-01,Liam Fitzgerald,False,0,
deal,2025-Q3,Selection,Commit,,,D-02059,PrimeHealth Inc.,Mid-Market,PLG,29194.04,13.5,2025-07-01,Fatima Zahra,False,0,False
deal,2025-Q3,Commit,Onboarding,,,D-02059,PrimeHealth Inc.,Mid-Market,PLG,29194.04,2.2,2025-07-14,Fatima Zahra,False,0,False
deal,2025-Q3,Onboarding,Adoption,,,D-02059,PrimeHealth Inc.,Mid-Market,PLG,29194.04,21.8,2025-07-16,Fatima Zahra,False,0,False
deal,2025-Q3,Adoption,Renewal,,,D-02059,PrimeHealth Inc.,Mid-Market,PLG,29194.04,58.5,2025-08-06,Fatima Zahra,False,0,False
deal,2025-Q3,Renewal,Expansion,,,D-02059,PrimeHealth Inc.,Mid-Market,PLG,29194.04,27.9,2025-10-03,Fatima Zahra,False,0,False
deal,2025-Q3,Expansion,,,,D-02059,PrimeHealth Inc.,Mid-Market,PLG,29194.04,53.4,2025-10-30,Fatima Zahra,False,13022.57,False
deal,2025-Q3,Selection,Commit,,,D-02060,BlueWorks B.V.,Mid-Market,Sales-led,56840.46,32.8,2025-07-01,Fatima Zahra,False,0,
deal,2025-Q3,Commit,Onboarding,,,D-02060,BlueWorks B.V.,Mid-Market,Sales-led,56840.46,5.6,2025-08-02,Fatima Zahra,False,0,
deal,2025-Q3,Onboarding,Adoption,,,D-02060,BlueWorks B.V.,Mid-Market,Sales-led,56840.46,15.8,2025-08-07,Fatima Zahra,False,0,
deal,2025-Q3,Adoption,Renewal,,,D-02060,BlueWorks B.V.,Mid-Market,Sales-led,56840.46,44.7,2025-08-22,Fatima Zahra,False,0,
deal,2025-Q3,Renewal,Expansion,,,D-02060,BlueWorks B.V.,Mid-Market,Sales-led,56840.46,28.8,2025-10-05,Fatima Zahra,False,0,
deal,2025-Q3,Expansion,,,,D-02060,BlueWorks B.V.,Mid-Market,Sales-led,56840.46,45.0,2025-11-02,Fatima Zahra,False,15789.25,
deal,2025-Q3,Selection,Commit,,,D-02061,RapidSystems Ltd.,Mid-Market,PLG,34603.6,18.3,2025-07-01,Callum Reid,False,0,True
deal,2025-Q3,Commit,Onboarding,,,D-02061,RapidSystems Ltd.,Mid-Market,PLG,34603.6,2.5,2025-07-19,Callum Reid,False,0,True
deal,2025-Q3,Onboarding,Adoption,,,D-02061,RapidSystems Ltd.,Mid-Market,PLG,34603.6,8.5,2025-07-21,Callum Reid,False,0,True
deal,2025-Q3,Adoption,Renewal,,,D-02061,RapidSystems Ltd.,Mid-Market,PLG,34603.6,47.7,2025-07-29,Callum Reid,False,0,True
deal,2025-Q3,Renewal,Expansion,,,D-02061,RapidSystems Ltd.,Mid-Market,PLG,34603.6,21.5,2025-09-14,Callum Reid,False,0,True
deal,2025-Q3,Expansion,,,,D-02061,RapidSystems Ltd.,Mid-Market,PLG,34603.6,20.0,2025-10-05,Callum Reid,False,0.0,True
deal,2025-Q3,Selection,Commit,,,D-02062,LucidFinance Ltd.,Mid-Market,Sales-led,42494.72,8.5,2025-07-01,Marcus Webb,False,0,
deal,2025-Q3,Commit,Onboarding,,,D-02062,LucidFinance Ltd.,Mid-Market,Sales-led,42494.72,8.2,2025-07-09,Marcus Webb,False,0,
deal,2025-Q3,Onboarding,Adoption,,,D-02062,LucidFinance Ltd.,Mid-Market,Sales-led,42494.72,14.4,2025-07-17,Marcus Webb,False,0,
deal,2025-Q3,Adoption,Renewal,,,D-02062,LucidFinance Ltd.,Mid-Market,Sales-led,42494.72,40.4,2025-07-31,Marcus Webb,False,0,
deal,2025-Q3,Renewal,Expansion,,,D-02062,LucidFinance Ltd.,Mid-Market,Sales-led,42494.72,26.7,2025-09-09,Marcus Webb,False,0,
deal,2025-Q3,Expansion,,,,D-02062,LucidFinance Ltd.,Mid-Market,Sales-led,42494.72,31.4,2025-10-05,Marcus Webb,False,10772.15,
deal,2025-Q3,Selection,Commit,,,D-02063,NorthernData & Co.,Mid-Market,Sales-led,61068.48,15.5,2025-07-01,Noor Haddad,False,0,
deal,2025-Q3,Commit,Onboarding,,,D-02063,NorthernData & Co.,Mid-Market,Sales-led,61068.48,6.4,2025-07-16,Noor Haddad,False,0,
deal,2025-Q3,Onboarding,Adoption,,,D-02063,NorthernData & Co.,Mid-Market,Sales-led,61068.48,15.3,2025-07-22,Noor Haddad,False,0,
deal,2025-Q3,Adoption,Renewal,,,D-02063,NorthernData & Co.,Mid-Market,Sales-led,61068.48,94.7,2025-08-06,Noor Haddad,False,0,
deal,2025-Q3,Renewal,Expansion,,,D-02063,NorthernData & Co.,Mid-Market,Sales-led,61068.48,29.9,2025-11-08,Noor Haddad,False,0,
deal,2025-Q3,Expansion,,,,D-02063,NorthernData & Co.,Mid-Market,Sales-led,61068.48,38.2,2025-12-07,Noor Haddad,False,0.0,
deal,2025-Q3,Selection,Commit,,,D-02064,SolsticeFinance Ltd.,Mid-Market,Sales-led,36359.94,59.9,2025-07-01,Declan Byrne,False,0,
deal,2025-Q3,Commit,Onboarding,,,D-02064,SolsticeFinance Ltd.,Mid-Market,Sales-led,36359.94,4.3,2025-08-29,Declan Byrne,False,0,
deal,2025-Q3,Onboarding,Adoption,,,D-02064,SolsticeFinance Ltd.,Mid-Market,Sales-led,36359.94,15.8,2025-09-02,Declan Byrne,False,0,
deal,2025-Q3,Adoption,Renewal,,,D-02064,SolsticeFinance Ltd.,Mid-Market,Sales-led,36359.94,79.7,2025-09-17,Declan Byrne,False,0,
deal,2025-Q3,Renewal,Expansion,,,D-02064,SolsticeFinance Ltd.,Mid-Market,Sales-led,36359.94,10.7,2025-12-05,Declan Byrne,False,0,
deal,2025-Q3,Expansion,,,,D-02064,SolsticeFinance Ltd.,Mid-Market,Sales-led,36359.94,51.0,2025-12-15,Declan Byrne,False,10830.34,
deal,2025-Q3,Selection,,,,D-02065,BlueAnalytics Group,Mid-Market,Sales-led,43615.15,16.8,2025-07-01,Fatima Zahra,False,0,
deal,2025-Q3,Selection,,,,D-02066,CedarFinance Group,Mid-Market,PLG,33256.16,11.7,2025-07-01,Callum Reid,False,0,False
deal,2025-Q3,Selection,,,,D-02067,ClearCloud Ltd.,Mid-Market,Sales-led,73207.2,33.2,2025-07-01,Sofia Marchetti,False,0,
deal,2025-Q3,Selection,,,,D-02068,AmberCloud & Co.,Mid-Market,Sales-led,45095.92,9.8,2025-07-01,Ben Sorensen,False,0,
deal,2025-Q3,Selection,,,,D-02069,KestrelSystems B.V.,Mid-Market,Sales-led,59540.15,9.9,2025-07-01,Amara Okafor,False,0,
deal,2025-Q3,Selection,,,,D-02070,BlueCommerce & Co.,Mid-Market,Sales-led,25524.02,16.6,2025-07-01,Marcus Webb,False,0,
deal,2025-Q3,Selection,,,,D-02071,BlueData Inc.,Mid-Market,Sales-led,23587.2,18.2,2025-07-01,Callum Reid,False,0,
deal,2025-Q3,Selection,,,,D-02072,KestrelFinance GmbH,Mid-Market,Sales-led,48354.08,26.8,2025-07-01,Aisling Kelly,False,0,
deal,2025-Q3,Selection,Commit,,,D-02073,SwiftMetrics B.V.,Mid-Market,Sales-led,59456.18,28.0,2025-07-01,Priya Natarajan,False,0,
deal,2025-Q3,Commit,Onboarding,,,D-02073,SwiftMetrics B.V.,Mid-Market,Sales-led,59456.18,5.4,2025-07-29,Priya Natarajan,False,0,
deal,2025-Q3,Onboarding,Adoption,,,D-02073,SwiftMetrics B.V.,Mid-Market,Sales-led,59456.18,17.0,2025-08-03,Priya Natarajan,False,0,
deal,2025-Q3,Adoption,Renewal,,,D-02073,SwiftMetrics B.V.,Mid-Market,Sales-led,59456.18,79.7,2025-08-20,Priya Natarajan,False,0,
deal,2025-Q3,Renewal,Expansion,,,D-02073,SwiftMetrics B.V.,Mid-Market,Sales-led,59456.18,17.4,2025-11-07,Priya Natarajan,False,0,
deal,2025-Q3,Expansion,,,,D-02073,SwiftMetrics B.V.,Mid-Market,Sales-led,59456.18,41.6,2025-11-24,Priya Natarajan,False,0.0,
deal,2025-Q3,Selection,,,,D-02074,SwiftSystems GmbH,Mid-Market,PLG,9854.98,18.8,2025-07-01,Tariq Aziz,False,0,True
deal,2025-Q3,Selection,,,,D-02075,AmberMetrics GmbH,Mid-Market,Sales-led,59415.2,44.3,2025-07-01,Ben Sorensen,False,0,
deal,2025-Q3,Selection,Commit,,,D-02076,BlueFinance GmbH,Mid-Market,Sales-led,46558.8,32.9,2025-07-01,Ingrid Johansson,False,0,
deal,2025-Q3,Commit,Onboarding,,,D-02076,BlueFinance GmbH,Mid-Market,Sales-led,46558.8,3.1,2025-08-02,Ingrid Johansson,False,0,
deal,2025-Q3,Onboarding,Adoption,,,D-02076,BlueFinance GmbH,Mid-Market,Sales-led,46558.8,21.9,2025-08-05,Ingrid Johansson,False,0,
deal,2025-Q3,Adoption,Renewal,,,D-02076,BlueFinance GmbH,Mid-Market,Sales-led,46558.8,40.7,2025-08-26,Ingrid Johansson,False,0,
deal,2025-Q3,Renewal,Expansion,,,D-02076,BlueFinance GmbH,Mid-Market,Sales-led,46558.8,11.7,2025-10-05,Ingrid Johansson,False,0,
deal,2025-Q3,Expansion,,,,D-02076,BlueFinance GmbH,Mid-Market,Sales-led,46558.8,42.1,2025-10-16,Ingrid Johansson,False,11727.31,
deal,2025-Q3,Selection,,,,D-02077,PrimeWorks GmbH,Mid-Market,Sales-led,47310.85,26.5,2025-07-01,Liam Fitzgerald,False,0,
deal,2025-Q3,Selection,,,,D-02078,BlueDynamics & Co.,Mid-Market,Sales-led,41248.3,34.8,2025-07-01,Liam Fitzgerald,False,0,
deal,2025-Q3,Selection,,,,D-02079,LucidLogistics Inc.,Mid-Market,PLG,26614.41,26.2,2025-07-01,Elena Petrova,False,0,False
deal,2025-Q3,Selection,,,,D-02080,HarborData Inc.,Mid-Market,PLG,20830.99,12.6,2025-07-01,Sofia Marchetti,False,0,False
deal,2025-Q3,Selection,Commit,,,D-02081,LucidSignal Group,Mid-Market,PLG,12535.95,15.5,2025-07-01,Callum Reid,False,0,False
deal,2025-Q3,Commit,Onboarding,,,D-02081,LucidSignal Group,Mid-Market,PLG,12535.95,3.5,2025-07-16,Callum Reid,False,0,False
deal,2025-Q3,Onboarding,Adoption,,,D-02081,LucidSignal Group,Mid-Market,PLG,12535.95,25.2,2025-07-19,Callum Reid,False,0,False
deal,2025-Q3,Adoption,,,,D-02081,LucidSignal Group,Mid-Market,PLG,12535.95,39.1,2025-08-13,Callum Reid,True,0,False
deal,2025-Q3,Selection,,,,D-02082,BrightCommerce Inc.,Mid-Market,Sales-led,51565.86,15.8,2025-07-01,Marcus Webb,False,0,
deal,2025-Q3,Selection,Commit,,,D-02083,RapidSystems Group,Mid-Market,Sales-led,52410.83,32.8,2025-07-01,Elena Petrova,False,0,
deal,2025-Q3,Commit,Onboarding,,,D-02083,RapidSystems Group,Mid-Market,Sales-led,52410.83,5.9,2025-08-02,Elena Petrova,False,0,
deal,2025-Q3,Onboarding,Adoption,,,D-02083,RapidSystems Group,Mid-Market,Sales-led,52410.83,24.7,2025-08-07,Elena Petrova,False,0,
deal,2025-Q3,Adoption,Renewal,,,D-02083,RapidSystems Group,Mid-Market,Sales-led,52410.83,29.6,2025-08-31,Elena Petrova,False,0,
deal,2025-Q3,Renewal,Expansion,,,D-02083,RapidSystems Group,Mid-Market,Sales-led,52410.83,13.6,2025-09-29,Elena Petrova,False,0,
deal,2025-Q3,Expansion,,,,D-02083,RapidSystems Group,Mid-Market,Sales-led,52410.83,34.0,2025-10-12,Elena Petrova,False,12450.52,
deal,2025-Q3,Selection,,,,D-02084,BrightSolutions Inc.,Mid-Market,PLG,26751.53,12.4,2025-07-01,Priya Natarajan,False,0,False
deal,2025-Q3,Selection,,,,D-02085,SolsticeLabs & Co.,Mid-Market,Sales-led,36874.28,29.5,2025-07-01,Rian de Groot,False,0,
deal,2025-Q3,Selection,,,,D-02086,SwiftCommerce & Co.,Mid-Market,PLG,20257.05,14.9,2025-07-01,Fatima Zahra,False,0,True
deal,2025-Q3,Selection,,,,D-02087,CedarStudio Inc.,Mid-Market,Sales-led,51356.08,33.9,2025-07-01,Declan Byrne,False,0,
deal,2025-Q3,Selection,,,,D-02088,SilverStudio & Co.,Mid-Market,PLG,37755.99,15.5,2025-07-01,Liam Fitzgerald,False,0,True
deal,2025-Q3,Selection,,,,D-02089,BrightCloud B.V.,Mid-Market,PLG,48443.63,16.7,2025-07-01,Callum Reid,False,0,False
deal,2025-Q3,Selection,,,,D-02090,CedarWorks GmbH,Mid-Market,Sales-led,35610.04,23.4,2025-07-01,Fatima Zahra,False,0,
deal,2025-Q3,Selection,,,,D-02091,SwiftSystems GmbH,Mid-Market,PLG,22808.18,23.8,2025-07-01,Sofia Marchetti,False,0,True
deal,2025-Q3,Selection,Commit,,,D-02092,NovaFinance & Co.,Mid-Market,Sales-led,57570.12,33.5,2025-07-01,Yuki Tanaka,False,0,
deal,2025-Q3,Commit,Onboarding,,,D-02092,NovaFinance & Co.,Mid-Market,Sales-led,57570.12,6.1,2025-08-03,Yuki Tanaka,False,0,
deal,2025-Q3,Onboarding,Adoption,,,D-02092,NovaFinance & Co.,Mid-Market,Sales-led,57570.12,18.4,2025-08-09,Yuki Tanaka,False,0,
deal,2025-Q3,Adoption,Renewal,,,D-02092,NovaFinance & Co.,Mid-Market,Sales-led,57570.12,35.8,2025-08-27,Yuki Tanaka,False,0,
deal,2025-Q3,Renewal,Expansion,,,D-02092,NovaFinance & Co.,Mid-Market,Sales-led,57570.12,28.4,2025-10-01,Yuki Tanaka,False,0,
deal,2025-Q3,Expansion,,,,D-02092,NovaFinance & Co.,Mid-Market,Sales-led,57570.12,69.7,2025-10-29,Yuki Tanaka,False,16154.12,
deal,2025-Q3,Selection,,,,D-02093,RapidSignal Inc.,Mid-Market,PLG,12680.66,13.8,2025-07-01,Tariq Aziz,False,0,False
deal,2025-Q3,Selection,,,,D-02094,NovaDynamics Ltd.,Mid-Market,Sales-led,48610.86,43.7,2025-07-01,Fatima Zahra,False,0,
deal,2025-Q3,Selection,,,,D-02095,SwiftDynamics Ltd.,Mid-Market,Sales-led,20190.22,26.8,2025-07-01,Yuki Tanaka,False,0,
deal,2025-Q3,Selection,,,,D-02096,ClearSystems Ltd.,Mid-Market,PLG,37145.55,22.4,2025-07-01,Rian de Groot,False,0,False
deal,2025-Q3,Selection,,,,D-02097,SwiftLogistics B.V.,Mid-Market,Sales-led,40230.05,7.8,2025-07-01,Liam Fitzgerald,False,0,
deal,2025-Q3,Selection,,,,D-02098,VantageFinance & Co.,Mid-Market,Sales-led,27912.14,78.8,2025-07-01,Priya Natarajan,False,0,
deal,2025-Q3,Selection,,,,D-02099,SwiftStudio Ltd.,Mid-Market,PLG,20508.66,7.9,2025-07-01,Aisling Kelly,False,0,False
deal,2025-Q3,Selection,,,,D-02100,KestrelRobotics GmbH,Mid-Market,Sales-led,32182.31,54.6,2025-07-01,Noor Haddad,False,0,
deal,2025-Q3,Selection,,,,D-02101,AmberDynamics Group,Mid-Market,Sales-led,36421.97,19.9,2025-07-01,Callum Reid,False,0,
deal,2025-Q3,Selection,,,,D-02102,CedarLabs Inc.,Mid-Market,Sales-led,77771.67,17.8,2025-07-01,Ingrid Johansson,False,0,
deal,2025-Q4,Selection,,,,D-02103,KestrelMetrics GmbH,Mid-Market,Sales-led,50091.66,29.8,2025-10-01,Liam Fitzgerald,False,0,
deal,2025-Q4,Selection,Commit,,,D-02104,AmberCloud B.V.,Mid-Market,Sales-led,31137.79,40.2,2025-10-01,Fatima Zahra,False,0,
deal,2025-Q4,Commit,Onboarding,,,D-02104,AmberCloud B.V.,Mid-Market,Sales-led,31137.79,6.5,2025-11-10,Fatima Zahra,False,0,
deal,2025-Q4,Onboarding,Adoption,,,D-02104,AmberCloud B.V.,Mid-Market,Sales-led,31137.79,22.0,2025-11-16,Fatima Zahra,False,0,
deal,2025-Q4,Adoption,,,,D-02104,AmberCloud B.V.,Mid-Market,Sales-led,31137.79,47.5,2025-12-08,Fatima Zahra,True,0,
deal,2025-Q4,Selection,,,,D-02105,BrightCommerce & Co.,Mid-Market,PLG,16532.26,10.8,2025-10-01,Noor Haddad,False,0,False
deal,2025-Q4,Selection,,,,D-02106,RapidLabs GmbH,Mid-Market,Sales-led,30490.75,11.6,2025-10-01,Callum Reid,False,0,
deal,2025-Q4,Selection,,,,D-02107,BrightLabs Group,Mid-Market,Sales-led,44019.94,41.0,2025-10-01,Rian de Groot,False,0,
deal,2025-Q4,Selection,,,,D-02108,HarborData Ltd.,Mid-Market,PLG,18196.95,13.0,2025-10-01,Yuki Tanaka,False,0,False
deal,2025-Q4,Selection,,,,D-02109,BoldDynamics & Co.,Mid-Market,PLG,38241.51,14.1,2025-10-01,Sofia Marchetti,False,0,False
deal,2025-Q4,Selection,Commit,,,D-02110,VantageHealth GmbH,Mid-Market,Sales-led,75998.01,33.3,2025-10-01,Yuki Tanaka,False,0,
deal,2025-Q4,Commit,Onboarding,,,D-02110,VantageHealth GmbH,Mid-Market,Sales-led,75998.01,3.0,2025-11-03,Yuki Tanaka,False,0,
deal,2025-Q4,Onboarding,Adoption,,,D-02110,VantageHealth GmbH,Mid-Market,Sales-led,75998.01,25.4,2025-11-06,Yuki Tanaka,False,0,
deal,2025-Q4,Adoption,Renewal,,,D-02110,VantageHealth GmbH,Mid-Market,Sales-led,75998.01,69.9,2025-12-01,Yuki Tanaka,False,0,
deal,2025-Q4,Renewal,Expansion,,,D-02110,VantageHealth GmbH,Mid-Market,Sales-led,75998.01,38.9,2026-02-08,Yuki Tanaka,False,0,
deal,2025-Q4,Expansion,,,,D-02110,VantageHealth GmbH,Mid-Market,Sales-led,75998.01,29.2,2026-03-18,Yuki Tanaka,False,0.0,
deal,2025-Q4,Selection,,,,D-02111,AmberSolutions Group,Mid-Market,Sales-led,32118.66,11.1,2025-10-01,Sofia Marchetti,False,0,
deal,2025-Q4,Selection,,,,D-02112,BlueSystems Ltd.,Mid-Market,Sales-led,48202.55,17.4,2025-10-01,Priya Natarajan,False,0,
deal,2025-Q4,Selection,,,,D-02113,VantageCloud Group,Mid-Market,PLG,23974.49,18.7,2025-10-01,Marcus Webb,False,0,False
deal,2025-Q4,Selection,,,,D-02114,SwiftAnalytics & Co.,Mid-Market,Sales-led,59221.53,19.0,2025-10-01,Declan Byrne,False,0,
deal,2025-Q4,Selection,,,,D-02115,MeridianStudio B.V.,Mid-Market,PLG,16889.97,18.3,2025-10-01,Amara Okafor,False,0,False
deal,2025-Q4,Selection,,,,D-02116,ClearFinance Group,Mid-Market,Sales-led,31312.24,25.0,2025-10-01,Fatima Zahra,False,0,
deal,2025-Q4,Selection,,,,D-02117,SolsticeStudio GmbH,Mid-Market,Sales-led,37870.83,39.9,2025-10-01,Sofia Marchetti,False,0,
deal,2025-Q4,Selection,,,,D-02118,SolsticeCommerce Group,Mid-Market,Sales-led,56502.5,18.7,2025-10-01,Sofia Marchetti,False,0,
deal,2025-Q4,Selection,,,,D-02119,BlueMetrics Ltd.,Mid-Market,PLG,25425.33,16.5,2025-10-01,Elena Petrova,False,0,False
deal,2025-Q4,Selection,Commit,,,D-02120,KestrelCommerce Group,Mid-Market,PLG,17048.94,15.7,2025-10-01,Elena Petrova,False,0,True
deal,2025-Q4,Commit,Onboarding,,,D-02120,KestrelCommerce Group,Mid-Market,PLG,17048.94,1.7,2025-10-16,Elena Petrova,False,0,True
deal,2025-Q4,Onboarding,Adoption,,,D-02120,KestrelCommerce Group,Mid-Market,PLG,17048.94,11.4,2025-10-17,Elena Petrova,False,0,True
deal,2025-Q4,Adoption,Renewal,,,D-02120,KestrelCommerce Group,Mid-Market,PLG,17048.94,61.3,2025-10-28,Elena Petrova,False,0,True
deal,2025-Q4,Renewal,Expansion,,,D-02120,KestrelCommerce Group,Mid-Market,PLG,17048.94,20.7,2025-12-28,Elena Petrova,False,0,True
deal,2025-Q4,Expansion,,,,D-02120,KestrelCommerce Group,Mid-Market,PLG,17048.94,19.4,2026-01-17,Elena Petrova,False,3623.39,True
deal,2025-Q4,Selection,,,,D-02121,NovaLogistics Ltd.,Mid-Market,PLG,20311.61,12.3,2025-10-01,Ben Sorensen,False,0,False
deal,2025-Q4,Selection,Commit,,,D-02122,KestrelStudio GmbH,Mid-Market,Sales-led,32053.74,29.5,2025-10-01,Priya Natarajan,False,0,
deal,2025-Q4,Commit,Onboarding,,,D-02122,KestrelStudio GmbH,Mid-Market,Sales-led,32053.74,7.9,2025-10-30,Priya Natarajan,False,0,
deal,2025-Q4,Onboarding,Adoption,,,D-02122,KestrelStudio GmbH,Mid-Market,Sales-led,32053.74,8.3,2025-11-06,Priya Natarajan,False,0,
deal,2025-Q4,Adoption,Renewal,,,D-02122,KestrelStudio GmbH,Mid-Market,Sales-led,32053.74,64.1,2025-11-14,Priya Natarajan,False,0,
deal,2025-Q4,Renewal,Expansion,,,D-02122,KestrelStudio GmbH,Mid-Market,Sales-led,32053.74,18.7,2026-01-17,Priya Natarajan,False,0,
deal,2025-Q4,Expansion,,,,D-02122,KestrelStudio GmbH,Mid-Market,Sales-led,32053.74,26.9,2026-02-04,Priya Natarajan,False,14211.12,
deal,2025-Q4,Selection,,,,D-02123,ClearMetrics Inc.,Mid-Market,PLG,28344.42,23.0,2025-10-01,Liam Fitzgerald,False,0,False
deal,2025-Q4,Selection,,,,D-02124,VantageWorks & Co.,Mid-Market,PLG,25838.71,30.8,2025-10-01,Elena Petrova,False,0,False
deal,2025-Q4,Selection,,,,D-02125,SolsticeRobotics & Co.,Mid-Market,PLG,22542.38,18.6,2025-10-01,Yuki Tanaka,False,0,False
deal,2025-Q4,Selection,,,,D-02126,ClearWorks GmbH,Mid-Market,PLG,27327.27,12.0,2025-10-01,Amara Okafor,False,0,False
deal,2025-Q4,Selection,Commit,,,D-02127,SwiftLogistics Ltd.,Mid-Market,PLG,22403.66,14.9,2025-10-01,Amara Okafor,False,0,True
deal,2025-Q4,Commit,Onboarding,,,D-02127,SwiftLogistics Ltd.,Mid-Market,PLG,22403.66,4.3,2025-10-15,Amara Okafor,False,0,True
deal,2025-Q4,Onboarding,Adoption,,,D-02127,SwiftLogistics Ltd.,Mid-Market,PLG,22403.66,33.2,2025-10-19,Amara Okafor,False,0,True
deal,2025-Q4,Adoption,Renewal,,,D-02127,SwiftLogistics Ltd.,Mid-Market,PLG,22403.66,44.4,2025-11-21,Amara Okafor,False,0,True
deal,2025-Q4,Renewal,Expansion,,,D-02127,SwiftLogistics Ltd.,Mid-Market,PLG,22403.66,15.4,2026-01-04,Amara Okafor,False,0,True
deal,2025-Q4,Expansion,,,,D-02127,SwiftLogistics Ltd.,Mid-Market,PLG,22403.66,33.1,2026-01-19,Amara Okafor,False,0.0,True
deal,2025-Q4,Selection,,,,D-02128,BlueAnalytics B.V.,Mid-Market,PLG,15626.09,13.4,2025-10-01,Noor Haddad,False,0,False
deal,2025-Q4,Selection,,,,D-02129,PrimeLogistics Ltd.,Mid-Market,Sales-led,40922.51,37.3,2025-10-01,Ingrid Johansson,False,0,
deal,2025-Q4,Selection,,,,D-02130,ClearAnalytics GmbH,Mid-Market,Sales-led,44254.21,23.4,2025-10-01,Elena Petrova,False,0,
deal,2025-Q4,Selection,,,,D-02131,AmberSystems GmbH,Mid-Market,PLG,30078.28,14.3,2025-10-01,Noor Haddad,False,0,True
deal,2025-Q4,Selection,,,,D-02132,PrimeWorks B.V.,Mid-Market,Sales-led,31798.05,13.0,2025-10-01,Declan Byrne,False,0,
deal,2025-Q4,Selection,,,,D-02133,BoldSolutions & Co.,Mid-Market,Sales-led,37149.11,68.0,2025-10-01,Sofia Marchetti,False,0,
deal,2025-Q4,Selection,,,,D-02134,AmberCloud B.V.,Mid-Market,Sales-led,42539.84,20.6,2025-10-01,Marcus Webb,False,0,
deal,2025-Q4,Selection,,,,D-02135,SilverSignal Inc.,Mid-Market,Sales-led,32038.81,21.6,2025-10-01,Aisling Kelly,False,0,
deal,2025-Q4,Selection,,,,D-02136,BrightStudio B.V.,Mid-Market,PLG,19063.63,15.3,2025-10-01,Amara Okafor,False,0,True
deal,2025-Q4,Selection,,,,D-02137,PrimeWorks & Co.,Mid-Market,Sales-led,56006.12,34.3,2025-10-01,Callum Reid,False,0,
deal,2025-Q4,Selection,,,,D-02138,MeridianMetrics Inc.,Mid-Market,PLG,37038.68,6.4,2025-10-01,Marcus Webb,False,0,False
deal,2025-Q4,Selection,,,,D-02139,MeridianRobotics Group,Mid-Market,PLG,26598.36,17.0,2025-10-01,Rian de Groot,False,0,True
deal,2025-Q4,Selection,,,,D-02140,LucidRobotics Ltd.,Mid-Market,PLG,17583.1,14.1,2025-10-01,Liam Fitzgerald,False,0,False
deal,2025-Q4,Selection,,,,D-02141,HarborData B.V.,Mid-Market,Sales-led,36267.72,43.8,2025-10-01,Liam Fitzgerald,False,0,
deal,2025-Q4,Selection,,,,D-02142,HarborFinance GmbH,Mid-Market,Sales-led,47233.69,21.6,2025-10-01,Yuki Tanaka,False,0,
deal,2025-Q4,Selection,Commit,,,D-02143,HarborFinance Inc.,Mid-Market,PLG,24796.02,12.9,2025-10-01,Ingrid Johansson,False,0,True
deal,2025-Q4,Commit,Onboarding,,,D-02143,HarborFinance Inc.,Mid-Market,PLG,24796.02,2.5,2025-10-13,Ingrid Johansson,False,0,True
deal,2025-Q4,Onboarding,Adoption,,,D-02143,HarborFinance Inc.,Mid-Market,PLG,24796.02,13.3,2025-10-15,Ingrid Johansson,False,0,True
deal,2025-Q4,Adoption,Renewal,,,D-02143,HarborFinance Inc.,Mid-Market,PLG,24796.02,55.0,2025-10-28,Ingrid Johansson,False,0,True
deal,2025-Q4,Renewal,Expansion,,,D-02143,HarborFinance Inc.,Mid-Market,PLG,24796.02,14.0,2025-12-22,Ingrid Johansson,False,0,True
deal,2025-Q4,Expansion,,,,D-02143,HarborFinance Inc.,Mid-Market,PLG,24796.02,54.7,2026-01-05,Ingrid Johansson,False,5718.01,True
deal,2025-Q4,Selection,,,,D-02144,HarborLogistics B.V.,Mid-Market,Sales-led,36918.68,16.2,2025-10-01,Declan Byrne,False,0,
deal,2025-Q4,Selection,Commit,,,D-02145,AmberLogistics Group,Mid-Market,Sales-led,75419.31,24.0,2025-10-01,Ingrid Johansson,False,0,
deal,2025-Q4,Commit,Onboarding,,,D-02145,AmberLogistics Group,Mid-Market,Sales-led,75419.31,4.2,2025-10-25,Ingrid Johansson,False,0,
deal,2025-Q4,Onboarding,Adoption,,,D-02145,AmberLogistics Group,Mid-Market,Sales-led,75419.31,25.2,2025-10-29,Ingrid Johansson,False,0,
deal,2025-Q4,Adoption,Renewal,,,D-02145,AmberLogistics Group,Mid-Market,Sales-led,75419.31,30.7,2025-11-23,Ingrid Johansson,False,0,
deal,2025-Q4,Renewal,Expansion,,,D-02145,AmberLogistics Group,Mid-Market,Sales-led,75419.31,18.8,2025-12-23,Ingrid Johansson,False,0,
deal,2025-Q4,Expansion,,,,D-02145,AmberLogistics Group,Mid-Market,Sales-led,75419.31,34.9,2026-01-10,Ingrid Johansson,False,0.0,
deal,2025-Q4,Selection,,,,D-02146,ClearRobotics Ltd.,Mid-Market,PLG,31241.35,20.2,2025-10-01,Yuki Tanaka,False,0,True
deal,2025-Q4,Selection,Commit,,,D-02147,ClearCommerce Ltd.,Mid-Market,Sales-led,36860.04,57.1,2025-10-01,Aisling Kelly,False,0,
deal,2025-Q4,Commit,Onboarding,,,D-02147,ClearCommerce Ltd.,Mid-Market,Sales-led,36860.04,6.7,2025-11-27,Aisling Kelly,False,0,
deal,2025-Q4,Onboarding,,,,D-02147,ClearCommerce Ltd.,Mid-Market,Sales-led,36860.04,9.5,2025-12-03,Aisling Kelly,True,0,
deal,2025-Q4,Selection,Commit,,,D-02148,BlueCloud Ltd.,Mid-Market,PLG,31422.18,14.3,2025-10-01,Tariq Aziz,False,0,False
deal,2025-Q4,Commit,,,,D-02148,BlueCloud Ltd.,Mid-Market,PLG,31422.18,3.9,2025-10-15,Tariq Aziz,True,0,False
deal,2025-Q4,Selection,,,,D-02149,BrightMetrics Inc.,Mid-Market,PLG,35522.74,29.9,2025-10-01,Liam Fitzgerald,False,0,True
deal,2025-Q4,Selection,,,,D-02150,HarborLabs Group,Mid-Market,PLG,18081.85,15.9,2025-10-01,Noor Haddad,False,0,True
deal,2025-Q4,Selection,,,,D-02151,MeridianAnalytics Ltd.,Mid-Market,Sales-led,59897.01,27.6,2025-10-01,Yuki Tanaka,False,0,
deal,2025-Q4,Selection,Commit,,,D-02152,BrightMetrics & Co.,Mid-Market,Sales-led,43012.75,38.2,2025-10-01,Liam Fitzgerald,False,0,
deal,2025-Q4,Commit,Onboarding,,,D-02152,BrightMetrics & Co.,Mid-Market,Sales-led,43012.75,7.6,2025-11-08,Liam Fitzgerald,False,0,
deal,2025-Q4,Onboarding,Adoption,,,D-02152,BrightMetrics & Co.,Mid-Market,Sales-led,43012.75,19.6,2025-11-15,Liam Fitzgerald,False,0,
deal,2025-Q4,Adoption,Renewal,,,D-02152,BrightMetrics & Co.,Mid-Market,Sales-led,43012.75,86.6,2025-12-04,Liam Fitzgerald,False,0,
deal,2025-Q4,Renewal,Expansion,,,D-02152,BrightMetrics & Co.,Mid-Market,Sales-led,43012.75,12.7,2026-02-28,Liam Fitzgerald,False,0,
deal,2025-Q4,Expansion,,,,D-02152,BrightMetrics & Co.,Mid-Market,Sales-led,43012.75,50.4,2026-03-12,Liam Fitzgerald,False,18525.29,
deal,2025-Q4,Selection,,,,D-02153,BoldCommerce & Co.,Mid-Market,Sales-led,36646.13,16.9,2025-10-01,Elena Petrova,False,0,
deal,2025-Q4,Selection,,,,D-02154,VantageSolutions Ltd.,Mid-Market,Sales-led,46373.48,17.8,2025-10-01,Callum Reid,False,0,
deal,2025-Q4,Selection,,,,D-02155,SilverData GmbH,Mid-Market,Sales-led,64117.25,26.8,2025-10-01,Priya Natarajan,False,0,
deal,2025-Q4,Selection,,,,D-02156,BlueCommerce Inc.,Mid-Market,Sales-led,31674.28,24.1,2025-10-01,Marcus Webb,False,0,
deal,2025-Q4,Selection,,,,D-02157,AmberSignal & Co.,Mid-Market,Sales-led,66141.93,27.3,2025-10-01,Liam Fitzgerald,False,0,
deal,2025-Q4,Selection,,,,D-02158,BrightMetrics Group,Mid-Market,Sales-led,37650.07,14.8,2025-10-01,Rian de Groot,False,0,
deal,2025-Q4,Selection,,,,D-02159,KestrelLogistics B.V.,Mid-Market,PLG,38448.49,9.0,2025-10-01,Ingrid Johansson,False,0,True
deal,2025-Q4,Selection,,,,D-02160,BlueLabs & Co.,Mid-Market,Sales-led,44048.11,30.7,2025-10-01,Liam Fitzgerald,False,0,
deal,2025-Q4,Selection,,,,D-02161,VantageRobotics Ltd.,Mid-Market,PLG,20916.16,23.8,2025-10-01,Marcus Webb,False,0,True
deal,2025-Q4,Selection,Commit,,,D-02162,SilverWorks B.V.,Mid-Market,Sales-led,23177.14,25.0,2025-10-01,Yuki Tanaka,False,0,
deal,2025-Q4,Commit,Onboarding,,,D-02162,SilverWorks B.V.,Mid-Market,Sales-led,23177.14,6.9,2025-10-26,Yuki Tanaka,False,0,
deal,2025-Q4,Onboarding,Adoption,,,D-02162,SilverWorks B.V.,Mid-Market,Sales-led,23177.14,13.7,2025-11-01,Yuki Tanaka,False,0,
deal,2025-Q4,Adoption,Renewal,,,D-02162,SilverWorks B.V.,Mid-Market,Sales-led,23177.14,45.6,2025-11-14,Yuki Tanaka,False,0,
deal,2025-Q4,Renewal,Expansion,,,D-02162,SilverWorks B.V.,Mid-Market,Sales-led,23177.14,18.4,2025-12-29,Yuki Tanaka,False,0,
deal,2025-Q4,Expansion,,,,D-02162,SilverWorks B.V.,Mid-Market,Sales-led,23177.14,59.7,2026-01-16,Yuki Tanaka,False,6114.39,
deal,2025-Q4,Selection,Commit,,,D-02163,MeridianDynamics Group,Mid-Market,PLG,26351.91,16.0,2025-10-01,Ingrid Johansson,False,0,True
deal,2025-Q4,Commit,Onboarding,,,D-02163,MeridianDynamics Group,Mid-Market,PLG,26351.91,2.4,2025-10-17,Ingrid Johansson,False,0,True
deal,2025-Q4,Onboarding,Adoption,,,D-02163,MeridianDynamics Group,Mid-Market,PLG,26351.91,17.0,2025-10-19,Ingrid Johansson,False,0,True
deal,2025-Q4,Adoption,Renewal,,,D-02163,MeridianDynamics Group,Mid-Market,PLG,26351.91,26.4,2025-11-05,Ingrid Johansson,False,0,True
deal,2025-Q4,Renewal,Expansion,,,D-02163,MeridianDynamics Group,Mid-Market,PLG,26351.91,43.1,2025-12-01,Ingrid Johansson,False,0,True
deal,2025-Q4,Expansion,,,,D-02163,MeridianDynamics Group,Mid-Market,PLG,26351.91,24.8,2026-01-13,Ingrid Johansson,False,8435.08,True
deal,2025-Q4,Selection,,,,D-02164,NovaLabs B.V.,Mid-Market,Sales-led,59277.31,34.9,2025-10-01,Declan Byrne,False,0,
deal,2025-Q4,Selection,Commit,,,D-02165,CedarRobotics GmbH,Mid-Market,Sales-led,50330.2,57.1,2025-10-01,Yuki Tanaka,False,0,
deal,2025-Q4,Commit,Onboarding,,,D-02165,CedarRobotics GmbH,Mid-Market,Sales-led,50330.2,11.4,2025-11-27,Yuki Tanaka,False,0,
deal,2025-Q4,Onboarding,Adoption,,,D-02165,CedarRobotics GmbH,Mid-Market,Sales-led,50330.2,15.5,2025-12-08,Yuki Tanaka,False,0,
deal,2025-Q4,Adoption,Renewal,,,D-02165,CedarRobotics GmbH,Mid-Market,Sales-led,50330.2,86.5,2025-12-23,Yuki Tanaka,False,0,
deal,2025-Q4,Renewal,Expansion,,,D-02165,CedarRobotics GmbH,Mid-Market,Sales-led,50330.2,26.3,2026-03-19,Yuki Tanaka,False,0,
deal,2025-Q4,Expansion,,,,D-02165,CedarRobotics GmbH,Mid-Market,Sales-led,50330.2,21.6,2026-04-14,Yuki Tanaka,False,20613.54,
deal,2025-Q4,Selection,,,,D-02166,BrightCommerce Ltd.,Mid-Market,Sales-led,74859.42,42.3,2025-10-01,Liam Fitzgerald,False,0,
deal,2025-Q4,Selection,,,,D-02167,PrimeLabs Ltd.,Mid-Market,Sales-led,45104.92,26.2,2025-10-01,Priya Natarajan,False,0,
deal,2025-Q4,Selection,,,,D-02168,SilverAnalytics Group,Mid-Market,Sales-led,50691.0,68.9,2025-10-01,Elena Petrova,False,0,
deal,2025-Q4,Selection,,,,D-02169,SolsticeHealth & Co.,Mid-Market,Sales-led,34245.33,19.8,2025-10-01,Callum Reid,False,0,
deal,2025-Q4,Selection,Commit,,,D-02170,BoldWorks Ltd.,Mid-Market,Sales-led,55645.92,17.2,2025-10-01,Sofia Marchetti,False,0,
deal,2025-Q4,Commit,Onboarding,,,D-02170,BoldWorks Ltd.,Mid-Market,Sales-led,55645.92,4.4,2025-10-18,Sofia Marchetti,False,0,
deal,2025-Q4,Onboarding,Adoption,,,D-02170,BoldWorks Ltd.,Mid-Market,Sales-led,55645.92,17.5,2025-10-22,Sofia Marchetti,False,0,
deal,2025-Q4,Adoption,Renewal,,,D-02170,BoldWorks Ltd.,Mid-Market,Sales-led,55645.92,81.1,2025-11-08,Sofia Marchetti,False,0,
deal,2025-Q4,Renewal,Expansion,,,D-02170,BoldWorks Ltd.,Mid-Market,Sales-led,55645.92,20.1,2026-01-28,Sofia Marchetti,False,0,
deal,2025-Q4,Expansion,,,,D-02170,BoldWorks Ltd.,Mid-Market,Sales-led,55645.92,65.7,2026-02-17,Sofia Marchetti,False,15406.64,
deal,2025-Q4,Selection,,,,D-02171,PrimeSolutions & Co.,Mid-Market,Sales-led,53158.99,27.1,2025-10-01,Callum Reid,False,0,
deal,2025-Q4,Selection,,,,D-02172,CedarCommerce B.V.,Mid-Market,Sales-led,36276.34,21.6,2025-10-01,Amara Okafor,False,0,
deal,2025-Q4,Selection,,,,D-02173,LucidDynamics Ltd.,Mid-Market,Sales-led,27185.91,20.3,2025-10-01,Declan Byrne,False,0,
deal,2025-Q4,Selection,,,,D-02174,RapidWorks Inc.,Mid-Market,Sales-led,50161.49,14.6,2025-10-01,Rian de Groot,False,0,
deal,2025-Q4,Selection,,,,D-02175,SwiftLogistics Group,Mid-Market,PLG,24825.03,17.9,2025-10-01,Fatima Zahra,False,0,True
deal,2025-Q4,Selection,,,,D-02176,PrimeData Ltd.,Mid-Market,Sales-led,28254.79,23.2,2025-10-01,Liam Fitzgerald,False,0,
deal,2025-Q4,Selection,,,,D-02177,BlueCommerce & Co.,Mid-Market,Sales-led,87447.32,11.7,2025-10-01,Amara Okafor,False,0,
deal,2025-Q4,Selection,,,,D-02178,BrightMetrics B.V.,Mid-Market,PLG,20500.23,12.0,2025-10-01,Tariq Aziz,False,0,False
deal,2025-Q4,Selection,,,,D-02179,BlueCommerce Inc.,Mid-Market,Sales-led,42319.82,37.5,2025-10-01,Rian de Groot,False,0,
deal,2025-Q4,Selection,Commit,,,D-02180,BrightAnalytics GmbH,Mid-Market,Sales-led,37487.01,18.3,2025-10-01,Yuki Tanaka,False,0,
deal,2025-Q4,Commit,Onboarding,,,D-02180,BrightAnalytics GmbH,Mid-Market,Sales-led,37487.01,5.3,2025-10-19,Yuki Tanaka,False,0,
deal,2025-Q4,Onboarding,Adoption,,,D-02180,BrightAnalytics GmbH,Mid-Market,Sales-led,37487.01,23.2,2025-10-24,Yuki Tanaka,False,0,
deal,2025-Q4,Adoption,Renewal,,,D-02180,BrightAnalytics GmbH,Mid-Market,Sales-led,37487.01,55.7,2025-11-16,Yuki Tanaka,False,0,
deal,2025-Q4,Renewal,Expansion,,,D-02180,BrightAnalytics GmbH,Mid-Market,Sales-led,37487.01,11.0,2026-01-10,Yuki Tanaka,False,0,
deal,2025-Q4,Expansion,,,,D-02180,BrightAnalytics GmbH,Mid-Market,Sales-led,37487.01,16.0,2026-01-21,Yuki Tanaka,False,11036.14,
deal,2025-Q4,Selection,,,,D-02181,CedarSignal Inc.,Mid-Market,Sales-led,34363.51,21.4,2025-10-01,Ben Sorensen,False,0,
deal,2025-Q4,Selection,Commit,,,D-02182,LucidDynamics & Co.,Mid-Market,PLG,17102.09,9.5,2025-10-01,Aisling Kelly,False,0,False
deal,2025-Q4,Commit,Onboarding,,,D-02182,LucidDynamics & Co.,Mid-Market,PLG,17102.09,1.6,2025-10-10,Aisling Kelly,False,0,False
deal,2025-Q4,Onboarding,Adoption,,,D-02182,LucidDynamics & Co.,Mid-Market,PLG,17102.09,18.6,2025-10-11,Aisling Kelly,False,0,False
deal,2025-Q4,Adoption,Renewal,,,D-02182,LucidDynamics & Co.,Mid-Market,PLG,17102.09,45.5,2025-10-29,Aisling Kelly,False,0,False
deal,2025-Q4,Renewal,Expansion,,,D-02182,LucidDynamics & Co.,Mid-Market,PLG,17102.09,30.4,2025-12-13,Aisling Kelly,False,0,False
deal,2025-Q4,Expansion,,,,D-02182,LucidDynamics & Co.,Mid-Market,PLG,17102.09,27.9,2026-01-12,Aisling Kelly,False,7272.36,False
deal,2025-Q4,Selection,Commit,,,D-02183,NorthernLogistics GmbH,Mid-Market,PLG,26091.91,17.0,2025-10-01,Tariq Aziz,False,0,True
deal,2025-Q4,Commit,Onboarding,,,D-02183,NorthernLogistics GmbH,Mid-Market,PLG,26091.91,1.4,2025-10-18,Tariq Aziz,False,0,True
deal,2025-Q4,Onboarding,Adoption,,,D-02183,NorthernLogistics GmbH,Mid-Market,PLG,26091.91,13.0,2025-10-19,Tariq Aziz,False,0,True
deal,2025-Q4,Adoption,Renewal,,,D-02183,NorthernLogistics GmbH,Mid-Market,PLG,26091.91,46.9,2025-11-01,Tariq Aziz,False,0,True
deal,2025-Q4,Renewal,Expansion,,,D-02183,NorthernLogistics GmbH,Mid-Market,PLG,26091.91,30.1,2025-12-17,Tariq Aziz,False,0,True
deal,2025-Q4,Expansion,,,,D-02183,NorthernLogistics GmbH,Mid-Market,PLG,26091.91,36.2,2026-01-16,Tariq Aziz,False,7828.07,True
deal,2025-Q4,Selection,,,,D-02184,BrightMetrics B.V.,Mid-Market,Sales-led,62034.22,30.8,2025-10-01,Tariq Aziz,False,0,
deal,2025-Q4,Selection,Commit,,,D-02185,SolsticeHealth Inc.,Mid-Market,Sales-led,53324.44,24.4,2025-10-01,Callum Reid,False,0,
deal,2025-Q4,Commit,Onboarding,,,D-02185,SolsticeHealth Inc.,Mid-Market,Sales-led,53324.44,5.4,2025-10-25,Callum Reid,False,0,
deal,2025-Q4,Onboarding,Adoption,,,D-02185,SolsticeHealth Inc.,Mid-Market,Sales-led,53324.44,9.3,2025-10-30,Callum Reid,False,0,
deal,2025-Q4,Adoption,Renewal,,,D-02185,SolsticeHealth Inc.,Mid-Market,Sales-led,53324.44,73.2,2025-11-08,Callum Reid,False,0,
deal,2025-Q4,Renewal,Expansion,,,D-02185,SolsticeHealth Inc.,Mid-Market,Sales-led,53324.44,20.3,2026-01-20,Callum Reid,False,0,
deal,2025-Q4,Expansion,,,,D-02185,SolsticeHealth Inc.,Mid-Market,Sales-led,53324.44,40.5,2026-02-09,Callum Reid,False,17197.04,
deal,2025-Q4,Selection,,,,D-02186,AmberWorks Ltd.,Mid-Market,Sales-led,31937.32,21.8,2025-10-01,Noor Haddad,False,0,
deal,2025-Q4,Selection,Commit,,,D-02187,SwiftData Group,Mid-Market,PLG,26504.95,19.0,2025-10-01,Declan Byrne,False,0,True
deal,2025-Q4,Commit,Onboarding,,,D-02187,SwiftData Group,Mid-Market,PLG,26504.95,2.1,2025-10-20,Declan Byrne,False,0,True
deal,2025-Q4,Onboarding,Adoption,,,D-02187,SwiftData Group,Mid-Market,PLG,26504.95,16.0,2025-10-22,Declan Byrne,False,0,True
deal,2025-Q4,Adoption,Renewal,,,D-02187,SwiftData Group,Mid-Market,PLG,26504.95,59.1,2025-11-07,Declan Byrne,False,0,True
deal,2025-Q4,Renewal,Expansion,,,D-02187,SwiftData Group,Mid-Market,PLG,26504.95,46.3,2026-01-05,Declan Byrne,False,0,True
deal,2025-Q4,Expansion,,,,D-02187,SwiftData Group,Mid-Market,PLG,26504.95,57.4,2026-02-20,Declan Byrne,False,11484.48,True
deal,2025-Q4,Selection,,,,D-02188,LucidSolutions Ltd.,Mid-Market,Sales-led,44279.72,28.8,2025-10-01,Priya Natarajan,False,0,
deal,2025-Q4,Selection,Commit,,,D-02189,NorthernLabs Ltd.,Mid-Market,PLG,23353.66,19.7,2025-10-01,Callum Reid,False,0,True
deal,2025-Q4,Commit,Onboarding,,,D-02189,NorthernLabs Ltd.,Mid-Market,PLG,23353.66,3.8,2025-10-20,Callum Reid,False,0,True
deal,2025-Q4,Onboarding,Adoption,,,D-02189,NorthernLabs Ltd.,Mid-Market,PLG,23353.66,12.6,2025-10-23,Callum Reid,False,0,True
deal,2025-Q4,Adoption,Renewal,,,D-02189,NorthernLabs Ltd.,Mid-Market,PLG,23353.66,44.7,2025-11-04,Callum Reid,False,0,True
deal,2025-Q4,Renewal,Expansion,,,D-02189,NorthernLabs Ltd.,Mid-Market,PLG,23353.66,15.6,2025-12-18,Callum Reid,False,0,True
deal,2025-Q4,Expansion,,,,D-02189,NorthernLabs Ltd.,Mid-Market,PLG,23353.66,53.0,2026-01-02,Callum Reid,False,9785.6,True
deal,2025-Q4,Selection,,,,D-02190,BoldRobotics B.V.,Mid-Market,Sales-led,59333.54,29.8,2025-10-01,Elena Petrova,False,0,
deal,2025-Q4,Selection,,,,D-02191,LucidSystems Group,Mid-Market,PLG,25159.52,8.8,2025-10-01,Ben Sorensen,False,0,False
deal,2025-Q4,Selection,Commit,,,D-02192,SolsticeLogistics Group,Mid-Market,Sales-led,63709.57,14.6,2025-10-01,Priya Natarajan,False,0,
deal,2025-Q4,Commit,Onboarding,,,D-02192,SolsticeLogistics Group,Mid-Market,Sales-led,63709.57,9.0,2025-10-15,Priya Natarajan,False,0,
deal,2025-Q4,Onboarding,Adoption,,,D-02192,SolsticeLogistics Group,Mid-Market,Sales-led,63709.57,31.3,2025-10-24,Priya Natarajan,False,0,
deal,2025-Q4,Adoption,Renewal,,,D-02192,SolsticeLogistics Group,Mid-Market,Sales-led,63709.57,36.7,2025-11-24,Priya Natarajan,False,0,
deal,2025-Q4,Renewal,Expansion,,,D-02192,SolsticeLogistics Group,Mid-Market,Sales-led,63709.57,27.9,2025-12-30,Priya Natarajan,False,0,
deal,2025-Q4,Expansion,,,,D-02192,SolsticeLogistics Group,Mid-Market,Sales-led,63709.57,52.3,2026-01-26,Priya Natarajan,False,14863.1,
deal,2025-Q4,Selection,,,,D-02193,RapidRobotics Inc.,Mid-Market,Sales-led,32984.62,20.4,2025-10-01,Marcus Webb,False,0,
deal,2025-Q4,Selection,,,,D-02194,SolsticeWorks Group,Mid-Market,Sales-led,21490.66,19.7,2025-10-01,Ingrid Johansson,False,0,
deal,2025-Q4,Selection,Commit,,,D-02195,HarborSolutions Inc.,Mid-Market,Sales-led,74844.81,64.3,2025-10-01,Rian de Groot,False,0,
deal,2025-Q4,Commit,Onboarding,,,D-02195,HarborSolutions Inc.,Mid-Market,Sales-led,74844.81,5.5,2025-12-04,Rian de Groot,False,0,
deal,2025-Q4,Onboarding,Adoption,,,D-02195,HarborSolutions Inc.,Mid-Market,Sales-led,74844.81,22.3,2025-12-09,Rian de Groot,False,0,
deal,2025-Q4,Adoption,Renewal,,,D-02195,HarborSolutions Inc.,Mid-Market,Sales-led,74844.81,65.0,2025-12-31,Rian de Groot,False,0,
deal,2025-Q4,Renewal,Expansion,,,D-02195,HarborSolutions Inc.,Mid-Market,Sales-led,74844.81,32.8,2026-03-06,Rian de Groot,False,0,
deal,2025-Q4,Expansion,,,,D-02195,HarborSolutions Inc.,Mid-Market,Sales-led,74844.81,41.9,2026-04-07,Rian de Groot,False,27436.92,
deal,2025-Q4,Selection,,,,D-02196,BrightMetrics B.V.,Mid-Market,Sales-led,80883.63,32.9,2025-10-01,Sofia Marchetti,False,0,
deal,2025-Q4,Selection,,,,D-02197,RapidDynamics Group,Mid-Market,Sales-led,33975.95,19.5,2025-10-01,Ingrid Johansson,False,0,
deal,2025-Q4,Selection,,,,D-02198,SilverRobotics Ltd.,Mid-Market,Sales-led,59588.2,36.2,2025-10-01,Fatima Zahra,False,0,
deal,2025-Q4,Selection,Commit,,,D-02199,NovaSignal B.V.,Mid-Market,Sales-led,39359.42,27.8,2025-10-01,Liam Fitzgerald,False,0,
deal,2025-Q4,Commit,Onboarding,,,D-02199,NovaSignal B.V.,Mid-Market,Sales-led,39359.42,5.7,2025-10-28,Liam Fitzgerald,False,0,
deal,2025-Q4,Onboarding,Adoption,,,D-02199,NovaSignal B.V.,Mid-Market,Sales-led,39359.42,10.6,2025-11-02,Liam Fitzgerald,False,0,
deal,2025-Q4,Adoption,Renewal,,,D-02199,NovaSignal B.V.,Mid-Market,Sales-led,39359.42,49.0,2025-11-12,Liam Fitzgerald,False,0,
deal,2025-Q4,Renewal,Expansion,,,D-02199,NovaSignal B.V.,Mid-Market,Sales-led,39359.42,21.3,2025-12-31,Liam Fitzgerald,False,0,
deal,2025-Q4,Expansion,,,,D-02199,NovaSignal B.V.,Mid-Market,Sales-led,39359.42,29.1,2026-01-21,Liam Fitzgerald,False,0.0,
deal,2025-Q4,Selection,Commit,,,D-02200,SwiftSystems & Co.,Mid-Market,Sales-led,72522.19,17.2,2025-10-01,Callum Reid,False,0,
deal,2025-Q4,Commit,Onboarding,,,D-02200,SwiftSystems & Co.,Mid-Market,Sales-led,72522.19,7.1,2025-10-18,Callum Reid,False,0,
deal,2025-Q4,Onboarding,Adoption,,,D-02200,SwiftSystems & Co.,Mid-Market,Sales-led,72522.19,14.8,2025-10-25,Callum Reid,False,0,
deal,2025-Q4,Adoption,Renewal,,,D-02200,SwiftSystems & Co.,Mid-Market,Sales-led,72522.19,77.2,2025-11-08,Callum Reid,False,0,
deal,2025-Q4,Renewal,,,,D-02200,SwiftSystems & Co.,Mid-Market,Sales-led,72522.19,18.6,2026-01-24,Callum Reid,True,0,
deal,2025-Q4,Selection,,,,D-02201,HarborSolutions GmbH,Mid-Market,PLG,48687.35,11.2,2025-10-01,Priya Natarajan,False,0,False
deal,2025-Q4,Selection,Commit,,,D-02202,VantageData Inc.,Mid-Market,PLG,19351.51,25.4,2025-10-01,Aisling Kelly,False,0,True
deal,2025-Q4,Commit,Onboarding,,,D-02202,VantageData Inc.,Mid-Market,PLG,19351.51,2.2,2025-10-26,Aisling Kelly,False,0,True
deal,2025-Q4,Onboarding,Adoption,,,D-02202,VantageData Inc.,Mid-Market,PLG,19351.51,17.2,2025-10-28,Aisling Kelly,False,0,True
deal,2025-Q4,Adoption,Renewal,,,D-02202,VantageData Inc.,Mid-Market,PLG,19351.51,34.7,2025-11-14,Aisling Kelly,False,0,True
deal,2025-Q4,Renewal,,,,D-02202,VantageData Inc.,Mid-Market,PLG,19351.51,26.5,2025-12-18,Aisling Kelly,True,0,True
deal,2025-Q4,Selection,,,,D-02203,NorthernDynamics & Co.,Mid-Market,Sales-led,43480.23,22.7,2025-10-01,Callum Reid,False,0,
deal,2025-Q4,Selection,Commit,,,D-02204,HarborLogistics Group,Mid-Market,Sales-led,40899.63,26.7,2025-10-01,Noor Haddad,False,0,
deal,2025-Q4,Commit,Onboarding,,,D-02204,HarborLogistics Group,Mid-Market,Sales-led,40899.63,6.6,2025-10-27,Noor Haddad,False,0,
deal,2025-Q4,Onboarding,Adoption,,,D-02204,HarborLogistics Group,Mid-Market,Sales-led,40899.63,11.4,2025-11-02,Noor Haddad,False,0,
deal,2025-Q4,Adoption,Renewal,,,D-02204,HarborLogistics Group,Mid-Market,Sales-led,40899.63,26.6,2025-11-13,Noor Haddad,False,0,
deal,2025-Q4,Renewal,Expansion,,,D-02204,HarborLogistics Group,Mid-Market,Sales-led,40899.63,44.3,2025-12-09,Noor Haddad,False,0,
deal,2025-Q4,Expansion,,,,D-02204,HarborLogistics Group,Mid-Market,Sales-led,40899.63,54.6,2026-01-22,Noor Haddad,False,0.0,
deal,2025-Q4,Selection,,,,D-02205,AmberMetrics & Co.,Mid-Market,Sales-led,35113.46,19.6,2025-10-01,Elena Petrova,False,0,
deal,2025-Q4,Selection,,,,D-02206,NovaAnalytics GmbH,Mid-Market,PLG,39763.58,12.0,2025-10-01,Yuki Tanaka,False,0,True
deal,2025-Q4,Selection,,,,D-02207,SwiftFinance Group,Mid-Market,PLG,25937.42,17.2,2025-10-01,Declan Byrne,False,0,False
deal,2025-Q4,Selection,,,,D-02208,BlueFinance GmbH,Mid-Market,Sales-led,52542.04,24.4,2025-10-01,Amara Okafor,False,0,
deal,2025-Q4,Selection,,,,D-02209,AmberData & Co.,Mid-Market,Sales-led,44530.44,28.4,2025-10-01,Liam Fitzgerald,False,0,
deal,2025-Q4,Selection,,,,D-02210,RapidCommerce B.V.,Mid-Market,Sales-led,25097.59,25.5,2025-10-01,Aisling Kelly,False,0,
deal,2025-Q4,Selection,,,,D-02211,VantageStudio Inc.,Mid-Market,PLG,19621.76,13.2,2025-10-01,Ben Sorensen,False,0,False
deal,2025-Q4,Selection,,,,D-02212,SilverCommerce Inc.,Mid-Market,Sales-led,63750.65,29.0,2025-10-01,Elena Petrova,False,0,
deal,2025-Q4,Selection,,,,D-02213,RapidSolutions Group,Mid-Market,Sales-led,66135.67,29.4,2025-10-01,Yuki Tanaka,False,0,
deal,2025-Q4,Selection,,,,D-02214,PrimeSolutions Inc.,Mid-Market,PLG,12005.35,25.1,2025-10-01,Aisling Kelly,False,0,False
deal,2025-Q4,Selection,,,,D-02215,ClearMetrics Ltd.,Mid-Market,Sales-led,46003.58,37.5,2025-10-01,Callum Reid,False,0,
deal,2025-Q4,Selection,,,,D-02216,LucidRobotics GmbH,Mid-Market,Sales-led,32836.52,53.5,2025-10-01,Aisling Kelly,False,0,
deal,2025-Q4,Selection,,,,D-02217,VantageCloud Inc.,Mid-Market,PLG,15747.52,20.6,2025-10-01,Fatima Zahra,False,0,False
deal,2025-Q4,Selection,Commit,,,D-02218,SolsticeWorks Ltd.,Mid-Market,Sales-led,38651.3,20.5,2025-10-01,Elena Petrova,False,0,
deal,2025-Q4,Commit,Onboarding,,,D-02218,SolsticeWorks Ltd.,Mid-Market,Sales-led,38651.3,8.1,2025-10-21,Elena Petrova,False,0,
deal,2025-Q4,Onboarding,Adoption,,,D-02218,SolsticeWorks Ltd.,Mid-Market,Sales-led,38651.3,11.2,2025-10-29,Elena Petrova,False,0,
deal,2025-Q4,Adoption,Renewal,,,D-02218,SolsticeWorks Ltd.,Mid-Market,Sales-led,38651.3,31.5,2025-11-09,Elena Petrova,False,0,
deal,2025-Q4,Renewal,Expansion,,,D-02218,SolsticeWorks Ltd.,Mid-Market,Sales-led,38651.3,24.5,2025-12-10,Elena Petrova,False,0,
deal,2025-Q4,Expansion,,,,D-02218,SolsticeWorks Ltd.,Mid-Market,Sales-led,38651.3,73.5,2026-01-03,Elena Petrova,False,9337.96,
deal,2025-Q4,Selection,,,,D-02219,RapidStudio Inc.,Mid-Market,Sales-led,30872.87,29.7,2025-10-01,Aisling Kelly,False,0,
deal,2025-Q4,Selection,,,,D-02220,LucidHealth & Co.,Mid-Market,Sales-led,24408.63,30.5,2025-10-01,Liam Fitzgerald,False,0,
deal,2025-Q4,Selection,,,,D-02221,AmberDynamics GmbH,Mid-Market,PLG,19070.22,27.4,2025-10-01,Marcus Webb,False,0,False
deal,2025-Q4,Selection,Commit,,,D-02222,ClearData GmbH,Mid-Market,Sales-led,24999.55,13.9,2025-10-01,Yuki Tanaka,False,0,
deal,2025-Q4,Commit,Onboarding,,,D-02222,ClearData GmbH,Mid-Market,Sales-led,24999.55,9.1,2025-10-14,Yuki Tanaka,False,0,
deal,2025-Q4,Onboarding,Adoption,,,D-02222,ClearData GmbH,Mid-Market,Sales-led,24999.55,11.8,2025-10-23,Yuki Tanaka,False,0,
deal,2025-Q4,Adoption,Renewal,,,D-02222,ClearData GmbH,Mid-Market,Sales-led,24999.55,76.0,2025-11-03,Yuki Tanaka,False,0,
deal,2025-Q4,Renewal,Expansion,,,D-02222,ClearData GmbH,Mid-Market,Sales-led,24999.55,38.8,2026-01-18,Yuki Tanaka,False,0,
deal,2025-Q4,Expansion,,,,D-02222,ClearData GmbH,Mid-Market,Sales-led,24999.55,66.8,2026-02-25,Yuki Tanaka,False,5490.45,
deal,2025-Q4,Selection,Commit,,,D-02223,HarborFinance & Co.,Mid-Market,PLG,32798.97,16.3,2025-10-01,Callum Reid,False,0,True
deal,2025-Q4,Commit,Onboarding,,,D-02223,HarborFinance & Co.,Mid-Market,PLG,32798.97,3.2,2025-10-17,Callum Reid,False,0,True
deal,2025-Q4,Onboarding,Adoption,,,D-02223,HarborFinance & Co.,Mid-Market,PLG,32798.97,16.3,2025-10-20,Callum Reid,False,0,True
deal,2025-Q4,Adoption,Renewal,,,D-02223,HarborFinance & Co.,Mid-Market,PLG,32798.97,44.4,2025-11-05,Callum Reid,False,0,True
deal,2025-Q4,Renewal,Expansion,,,D-02223,HarborFinance & Co.,Mid-Market,PLG,32798.97,18.8,2025-12-19,Callum Reid,False,0,True
deal,2025-Q4,Expansion,,,,D-02223,HarborFinance & Co.,Mid-Market,PLG,32798.97,46.2,2026-01-06,Callum Reid,False,0.0,True
deal,2025-Q4,Selection,,,,D-02224,PrimeSolutions Group,Mid-Market,Sales-led,35261.59,47.3,2025-10-01,Yuki Tanaka,False,0,
deal,2025-Q4,Selection,,,,D-02225,BoldCloud Inc.,Mid-Market,PLG,27079.09,14.6,2025-10-01,Ingrid Johansson,False,0,False
deal,2025-Q4,Selection,,,,D-02226,SwiftSystems & Co.,Mid-Market,Sales-led,36587.02,33.6,2025-10-01,Tariq Aziz,False,0,
deal,2025-Q4,Selection,,,,D-02227,MeridianLabs Inc.,Mid-Market,Sales-led,60121.54,19.1,2025-10-01,Fatima Zahra,False,0,
deal,2025-Q4,Selection,,,,D-02228,MeridianLogistics Ltd.,Mid-Market,PLG,16469.09,29.6,2025-10-01,Declan Byrne,False,0,True
deal,2025-Q4,Selection,Commit,,,D-02229,NorthernSignal & Co.,Mid-Market,PLG,17162.65,11.3,2025-10-01,Liam Fitzgerald,False,0,True
deal,2025-Q4,Commit,Onboarding,,,D-02229,NorthernSignal & Co.,Mid-Market,PLG,17162.65,2.1,2025-10-12,Liam Fitzgerald,False,0,True
deal,2025-Q4,Onboarding,Adoption,,,D-02229,NorthernSignal & Co.,Mid-Market,PLG,17162.65,21.3,2025-10-14,Liam Fitzgerald,False,0,True
deal,2025-Q4,Adoption,Renewal,,,D-02229,NorthernSignal & Co.,Mid-Market,PLG,17162.65,41.2,2025-11-04,Liam Fitzgerald,False,0,True
deal,2025-Q4,Renewal,Expansion,,,D-02229,NorthernSignal & Co.,Mid-Market,PLG,17162.65,14.3,2025-12-15,Liam Fitzgerald,False,0,True
deal,2025-Q4,Expansion,,,,D-02229,NorthernSignal & Co.,Mid-Market,PLG,17162.65,43.0,2025-12-29,Liam Fitzgerald,False,0.0,True
deal,2025-Q4,Selection,,,,D-02230,VantageCloud Group,Mid-Market,PLG,34879.18,16.3,2025-10-01,Liam Fitzgerald,False,0,False
deal,2025-Q4,Selection,Commit,,,D-02231,ClearSignal Inc.,Mid-Market,PLG,23697.57,9.0,2025-10-01,Rian de Groot,False,0,True
deal,2025-Q4,Commit,Onboarding,,,D-02231,ClearSignal Inc.,Mid-Market,PLG,23697.57,3.9,2025-10-10,Rian de Groot,False,0,True
deal,2025-Q4,Onboarding,Adoption,,,D-02231,ClearSignal Inc.,Mid-Market,PLG,23697.57,11.7,2025-10-13,Rian de Groot,False,0,True
deal,2025-Q4,Adoption,Renewal,,,D-02231,ClearSignal Inc.,Mid-Market,PLG,23697.57,47.6,2025-10-24,Rian de Groot,False,0,True
deal,2025-Q4,Renewal,Expansion,,,D-02231,ClearSignal Inc.,Mid-Market,PLG,23697.57,33.1,2025-12-10,Rian de Groot,False,0,True
deal,2025-Q4,Expansion,,,,D-02231,ClearSignal Inc.,Mid-Market,PLG,23697.57,35.5,2026-01-12,Rian de Groot,False,0.0,True
deal,2025-Q4,Selection,Commit,,,D-02232,SilverData Ltd.,Mid-Market,Sales-led,49952.06,23.8,2025-10-01,Tariq Aziz,False,0,
deal,2025-Q4,Commit,Onboarding,,,D-02232,SilverData Ltd.,Mid-Market,Sales-led,49952.06,10.7,2025-10-24,Tariq Aziz,False,0,
deal,2025-Q4,Onboarding,Adoption,,,D-02232,SilverData Ltd.,Mid-Market,Sales-led,49952.06,28.6,2025-11-03,Tariq Aziz,False,0,
deal,2025-Q4,Adoption,Renewal,,,D-02232,SilverData Ltd.,Mid-Market,Sales-led,49952.06,65.6,2025-12-01,Tariq Aziz,False,0,
deal,2025-Q4,Renewal,Expansion,,,D-02232,SilverData Ltd.,Mid-Market,Sales-led,49952.06,20.7,2026-02-04,Tariq Aziz,False,0,
deal,2025-Q4,Expansion,,,,D-02232,SilverData Ltd.,Mid-Market,Sales-led,49952.06,18.3,2026-02-24,Tariq Aziz,False,11802.66,
deal,2025-Q4,Selection,,,,D-02233,KestrelStudio Ltd.,Mid-Market,Sales-led,37967.22,35.0,2025-10-01,Callum Reid,False,0,
deal,2025-Q4,Selection,,,,D-02234,NorthernLogistics Group,Mid-Market,PLG,25408.88,11.8,2025-10-01,Yuki Tanaka,False,0,False
deal,2025-Q4,Selection,,,,D-02235,BoldLabs Inc.,Mid-Market,Sales-led,41030.79,16.3,2025-10-01,Sofia Marchetti,False,0,
deal,2025-Q4,Selection,,,,D-02236,KestrelWorks & Co.,Mid-Market,Sales-led,55635.89,26.4,2025-10-01,Sofia Marchetti,False,0,
deal,2025-Q4,Selection,,,,D-02237,SolsticeLabs & Co.,Mid-Market,Sales-led,48228.77,39.8,2025-10-01,Tariq Aziz,False,0,
deal,2025-Q4,Selection,,,,D-02238,SolsticeRobotics & Co.,Mid-Market,Sales-led,51622.78,29.1,2025-10-01,Declan Byrne,False,0,
deal,2025-Q4,Selection,,,,D-02239,SilverRobotics Group,Mid-Market,Sales-led,47718.44,10.4,2025-10-01,Declan Byrne,False,0,
deal,2025-Q4,Selection,Commit,,,D-02240,SilverCloud Inc.,Mid-Market,PLG,27511.32,30.4,2025-10-01,Aisling Kelly,False,0,False
deal,2025-Q4,Commit,Onboarding,,,D-02240,SilverCloud Inc.,Mid-Market,PLG,27511.32,3.4,2025-10-31,Aisling Kelly,False,0,False
deal,2025-Q4,Onboarding,Adoption,,,D-02240,SilverCloud Inc.,Mid-Market,PLG,27511.32,11.7,2025-11-03,Aisling Kelly,False,0,False
deal,2025-Q4,Adoption,Renewal,,,D-02240,SilverCloud Inc.,Mid-Market,PLG,27511.32,57.1,2025-11-14,Aisling Kelly,False,0,False
deal,2025-Q4,Renewal,Expansion,,,D-02240,SilverCloud Inc.,Mid-Market,PLG,27511.32,33.4,2026-01-10,Aisling Kelly,False,0,False
deal,2025-Q4,Expansion,,,,D-02240,SilverCloud Inc.,Mid-Market,PLG,27511.32,35.9,2026-02-12,Aisling Kelly,False,8876.05,False
deal,2024-Q1,Selection,,,,D-02241,SolsticeLabs GmbH,Enterprise,Sales-led,276413.51,77.2,2024-01-01,Priya Natarajan,False,0,
deal,2024-Q1,Selection,Commit,,,D-02242,LucidStudio & Co.,Enterprise,Sales-led,130964.87,70.8,2024-01-01,Sofia Marchetti,False,0,
deal,2024-Q1,Commit,Onboarding,,,D-02242,LucidStudio & Co.,Enterprise,Sales-led,130964.87,19.6,2024-03-11,Sofia Marchetti,False,0,
deal,2024-Q1,Onboarding,Adoption,,,D-02242,LucidStudio & Co.,Enterprise,Sales-led,130964.87,15.2,2024-03-30,Sofia Marchetti,False,0,
deal,2024-Q1,Adoption,Renewal,,,D-02242,LucidStudio & Co.,Enterprise,Sales-led,130964.87,122.6,2024-04-14,Sofia Marchetti,False,0,
deal,2024-Q1,Renewal,,,,D-02242,LucidStudio & Co.,Enterprise,Sales-led,130964.87,17.8,2024-08-14,Sofia Marchetti,True,0,
deal,2024-Q1,Selection,,,,D-02243,KestrelDynamics B.V.,Enterprise,Sales-led,227654.44,59.4,2024-01-01,Liam Fitzgerald,False,0,
deal,2024-Q1,Selection,,,,D-02244,MeridianData Group,Enterprise,Sales-led,395546.35,71.9,2024-01-01,Yuki Tanaka,False,0,
deal,2024-Q1,Selection,,,,D-02245,KestrelCommerce Ltd.,Enterprise,Sales-led,164439.64,53.8,2024-01-01,Sofia Marchetti,False,0,
deal,2024-Q1,Selection,Commit,,,D-02246,NorthernRobotics & Co.,Enterprise,Sales-led,242567.65,57.6,2024-01-01,Tariq Aziz,False,0,
deal,2024-Q1,Commit,Onboarding,,,D-02246,NorthernRobotics & Co.,Enterprise,Sales-led,242567.65,17.4,2024-02-27,Tariq Aziz,False,0,
deal,2024-Q1,Onboarding,Adoption,,,D-02246,NorthernRobotics & Co.,Enterprise,Sales-led,242567.65,19.7,2024-03-15,Tariq Aziz,False,0,
deal,2024-Q1,Adoption,Renewal,,,D-02246,NorthernRobotics & Co.,Enterprise,Sales-led,242567.65,57.2,2024-04-03,Tariq Aziz,False,0,
deal,2024-Q1,Renewal,Expansion,,,D-02246,NorthernRobotics & Co.,Enterprise,Sales-led,242567.65,39.7,2024-05-30,Tariq Aziz,False,0,
deal,2024-Q1,Expansion,,,,D-02246,NorthernRobotics & Co.,Enterprise,Sales-led,242567.65,40.2,2024-07-08,Tariq Aziz,False,119789.93,
deal,2024-Q1,Selection,,,,D-02247,SolsticeSolutions Ltd.,Enterprise,Sales-led,170360.26,29.6,2024-01-01,Tariq Aziz,False,0,
deal,2024-Q1,Selection,Commit,,,D-02248,ClearCloud Group,Enterprise,Sales-led,137543.99,46.4,2024-01-01,Rian de Groot,False,0,
deal,2024-Q1,Commit,Onboarding,,,D-02248,ClearCloud Group,Enterprise,Sales-led,137543.99,10.7,2024-02-16,Rian de Groot,False,0,
deal,2024-Q1,Onboarding,Adoption,,,D-02248,ClearCloud Group,Enterprise,Sales-led,137543.99,22.7,2024-02-26,Rian de Groot,False,0,
deal,2024-Q1,Adoption,Renewal,,,D-02248,ClearCloud Group,Enterprise,Sales-led,137543.99,53.7,2024-03-19,Rian de Groot,False,0,
deal,2024-Q1,Renewal,Expansion,,,D-02248,ClearCloud Group,Enterprise,Sales-led,137543.99,30.1,2024-05-11,Rian de Groot,False,0,
deal,2024-Q1,Expansion,,,,D-02248,ClearCloud Group,Enterprise,Sales-led,137543.99,65.0,2024-06-10,Rian de Groot,False,67185.56,
deal,2024-Q1,Selection,Commit,,,D-02249,AmberMetrics B.V.,Enterprise,Sales-led,261453.58,46.4,2024-01-01,Declan Byrne,False,0,
deal,2024-Q1,Commit,Onboarding,,,D-02249,AmberMetrics B.V.,Enterprise,Sales-led,261453.58,5.0,2024-02-16,Declan Byrne,False,0,
deal,2024-Q1,Onboarding,Adoption,,,D-02249,AmberMetrics B.V.,Enterprise,Sales-led,261453.58,25.8,2024-02-21,Declan Byrne,False,0,
deal,2024-Q1,Adoption,Renewal,,,D-02249,AmberMetrics B.V.,Enterprise,Sales-led,261453.58,57.1,2024-03-17,Declan Byrne,False,0,
deal,2024-Q1,Renewal,Expansion,,,D-02249,AmberMetrics B.V.,Enterprise,Sales-led,261453.58,28.1,2024-05-13,Declan Byrne,False,0,
deal,2024-Q1,Expansion,,,,D-02249,AmberMetrics B.V.,Enterprise,Sales-led,261453.58,82.1,2024-06-10,Declan Byrne,False,98796.05,
deal,2024-Q1,Selection,,,,D-02250,PrimeLabs & Co.,Enterprise,Sales-led,65762.8,54.3,2024-01-01,Ben Sorensen,False,0,
deal,2024-Q1,Selection,Commit,,,D-02251,SwiftMetrics Ltd.,Enterprise,Sales-led,305790.8,61.0,2024-01-01,Noor Haddad,False,0,
deal,2024-Q1,Commit,Onboarding,,,D-02251,SwiftMetrics Ltd.,Enterprise,Sales-led,305790.8,6.5,2024-03-02,Noor Haddad,False,0,
deal,2024-Q1,Onboarding,Adoption,,,D-02251,SwiftMetrics Ltd.,Enterprise,Sales-led,305790.8,32.8,2024-03-08,Noor Haddad,False,0,
deal,2024-Q1,Adoption,Renewal,,,D-02251,SwiftMetrics Ltd.,Enterprise,Sales-led,305790.8,133.4,2024-04-09,Noor Haddad,False,0,
deal,2024-Q1,Renewal,Expansion,,,D-02251,SwiftMetrics Ltd.,Enterprise,Sales-led,305790.8,15.9,2024-08-20,Noor Haddad,False,0,
deal,2024-Q1,Expansion,,,,D-02251,SwiftMetrics Ltd.,Enterprise,Sales-led,305790.8,44.0,2024-09-04,Noor Haddad,False,123163.52,
deal,2024-Q1,Selection,,,,D-02252,NovaCloud GmbH,Enterprise,PLG,85920.72,19.8,2024-01-01,Marcus Webb,False,0,True
deal,2024-Q1,Selection,Commit,,,D-02253,NovaRobotics Group,Enterprise,Sales-led,99502.71,32.8,2024-01-01,Priya Natarajan,False,0,
deal,2024-Q1,Commit,Onboarding,,,D-02253,NovaRobotics Group,Enterprise,Sales-led,99502.71,12.6,2024-02-02,Priya Natarajan,False,0,
deal,2024-Q1,Onboarding,Adoption,,,D-02253,NovaRobotics Group,Enterprise,Sales-led,99502.71,40.1,2024-02-14,Priya Natarajan,False,0,
deal,2024-Q1,Adoption,Renewal,,,D-02253,NovaRobotics Group,Enterprise,Sales-led,99502.71,144.9,2024-03-25,Priya Natarajan,False,0,
deal,2024-Q1,Renewal,Expansion,,,D-02253,NovaRobotics Group,Enterprise,Sales-led,99502.71,16.5,2024-08-16,Priya Natarajan,False,0,
deal,2024-Q1,Expansion,,,,D-02253,NovaRobotics Group,Enterprise,Sales-led,99502.71,61.0,2024-09-01,Priya Natarajan,False,23523.53,
deal,2024-Q1,Selection,,,,D-02254,VantageSystems GmbH,Enterprise,Sales-led,274098.52,51.2,2024-01-01,Yuki Tanaka,False,0,
deal,2024-Q1,Selection,,,,D-02255,SwiftLogistics Inc.,Enterprise,Sales-led,217063.56,42.8,2024-01-01,Aisling Kelly,False,0,
deal,2024-Q1,Selection,,,,D-02256,BoldCloud B.V.,Enterprise,PLG,172743.79,18.9,2024-01-01,Priya Natarajan,False,0,False
deal,2024-Q1,Selection,,,,D-02257,BrightSolutions B.V.,Enterprise,Sales-led,299981.26,45.4,2024-01-01,Rian de Groot,False,0,
deal,2024-Q1,Selection,Commit,,,D-02258,BlueDynamics Inc.,Enterprise,Sales-led,226604.74,35.6,2024-01-01,Ingrid Johansson,False,0,
deal,2024-Q1,Commit,Onboarding,,,D-02258,BlueDynamics Inc.,Enterprise,Sales-led,226604.74,8.2,2024-02-05,Ingrid Johansson,False,0,
deal,2024-Q1,Onboarding,Adoption,,,D-02258,BlueDynamics Inc.,Enterprise,Sales-led,226604.74,24.9,2024-02-13,Ingrid Johansson,False,0,
deal,2024-Q1,Adoption,Renewal,,,D-02258,BlueDynamics Inc.,Enterprise,Sales-led,226604.74,83.0,2024-03-08,Ingrid Johansson,False,0,
deal,2024-Q1,Renewal,Expansion,,,D-02258,BlueDynamics Inc.,Enterprise,Sales-led,226604.74,50.9,2024-05-30,Ingrid Johansson,False,0,
deal,2024-Q1,Expansion,,,,D-02258,BlueDynamics Inc.,Enterprise,Sales-led,226604.74,62.3,2024-07-19,Ingrid Johansson,False,53465.36,
deal,2024-Q1,Selection,,,,D-02259,ClearWorks B.V.,Enterprise,PLG,53500.08,46.9,2024-01-01,Marcus Webb,False,0,False
deal,2024-Q1,Selection,,,,D-02260,ClearLogistics Ltd.,Enterprise,Sales-led,132665.54,33.6,2024-01-01,Amara Okafor,False,0,
deal,2024-Q1,Selection,,,,D-02261,CedarLabs Inc.,Enterprise,Sales-led,212175.13,79.9,2024-01-01,Sofia Marchetti,False,0,
deal,2024-Q1,Selection,,,,D-02262,AmberSolutions B.V.,Enterprise,Sales-led,82803.67,85.1,2024-01-01,Noor Haddad,False,0,
deal,2024-Q1,Selection,,,,D-02263,KestrelLogistics B.V.,Enterprise,Sales-led,163677.62,52.0,2024-01-01,Sofia Marchetti,False,0,
deal,2024-Q1,Selection,,,,D-02264,VantageHealth GmbH,Enterprise,Sales-led,72147.66,58.0,2024-01-01,Amara Okafor,False,0,
deal,2024-Q1,Selection,,,,D-02265,RapidRobotics Ltd.,Enterprise,Sales-led,90184.16,47.4,2024-01-01,Callum Reid,False,0,
deal,2024-Q1,Selection,,,,D-02266,MeridianData Group,Enterprise,Sales-led,137781.94,54.1,2024-01-01,Ben Sorensen,False,0,
deal,2024-Q1,Selection,Commit,,,D-02267,KestrelSolutions & Co.,Enterprise,Sales-led,52147.68,54.9,2024-01-01,Fatima Zahra,False,0,
deal,2024-Q1,Commit,Onboarding,,,D-02267,KestrelSolutions & Co.,Enterprise,Sales-led,52147.68,8.5,2024-02-24,Fatima Zahra,False,0,
deal,2024-Q1,Onboarding,Adoption,,,D-02267,KestrelSolutions & Co.,Enterprise,Sales-led,52147.68,26.7,2024-03-03,Fatima Zahra,False,0,
deal,2024-Q1,Adoption,Renewal,,,D-02267,KestrelSolutions & Co.,Enterprise,Sales-led,52147.68,71.7,2024-03-29,Fatima Zahra,False,0,
deal,2024-Q1,Renewal,Expansion,,,D-02267,KestrelSolutions & Co.,Enterprise,Sales-led,52147.68,38.0,2024-06-08,Fatima Zahra,False,0,
deal,2024-Q1,Expansion,,,,D-02267,KestrelSolutions & Co.,Enterprise,Sales-led,52147.68,50.0,2024-07-16,Fatima Zahra,False,20134.21,
deal,2024-Q1,Selection,,,,D-02268,NorthernCloud Inc.,Enterprise,Sales-led,144472.97,53.4,2024-01-01,Ben Sorensen,False,0,
deal,2024-Q1,Selection,,,,D-02269,BoldCloud Inc.,Enterprise,Sales-led,266459.79,73.4,2024-01-01,Noor Haddad,False,0,
deal,2024-Q1,Selection,,,,D-02270,KestrelCloud & Co.,Enterprise,Sales-led,91400.41,122.0,2024-01-01,Ingrid Johansson,False,0,
deal,2024-Q1,Selection,Commit,,,D-02271,KestrelCommerce Ltd.,Enterprise,Sales-led,218565.55,59.1,2024-01-01,Callum Reid,False,0,
deal,2024-Q1,Commit,Onboarding,,,D-02271,KestrelCommerce Ltd.,Enterprise,Sales-led,218565.55,11.5,2024-02-29,Callum Reid,False,0,
deal,2024-Q1,Onboarding,Adoption,,,D-02271,KestrelCommerce Ltd.,Enterprise,Sales-led,218565.55,21.7,2024-03-11,Callum Reid,False,0,
deal,2024-Q1,Adoption,Renewal,,,D-02271,KestrelCommerce Ltd.,Enterprise,Sales-led,218565.55,39.5,2024-04-01,Callum Reid,False,0,
deal,2024-Q1,Renewal,Expansion,,,D-02271,KestrelCommerce Ltd.,Enterprise,Sales-led,218565.55,31.6,2024-05-10,Callum Reid,False,0,
deal,2024-Q1,Expansion,,,,D-02271,KestrelCommerce Ltd.,Enterprise,Sales-led,218565.55,48.2,2024-06-10,Callum Reid,False,0.0,
deal,2024-Q1,Selection,Commit,,,D-02272,NovaRobotics GmbH,Enterprise,Sales-led,151426.72,49.1,2024-01-01,Declan Byrne,False,0,
deal,2024-Q1,Commit,Onboarding,,,D-02272,NovaRobotics GmbH,Enterprise,Sales-led,151426.72,13.2,2024-02-19,Declan Byrne,False,0,
deal,2024-Q1,Onboarding,Adoption,,,D-02272,NovaRobotics GmbH,Enterprise,Sales-led,151426.72,56.3,2024-03-03,Declan Byrne,False,0,
deal,2024-Q1,Adoption,Renewal,,,D-02272,NovaRobotics GmbH,Enterprise,Sales-led,151426.72,48.5,2024-04-28,Declan Byrne,False,0,
deal,2024-Q1,Renewal,,,,D-02272,NovaRobotics GmbH,Enterprise,Sales-led,151426.72,35.3,2024-06-15,Declan Byrne,True,0,
deal,2024-Q1,Selection,Commit,,,D-02273,AmberData Ltd.,Enterprise,Sales-led,175918.58,24.7,2024-01-01,Tariq Aziz,False,0,
deal,2024-Q1,Commit,Onboarding,,,D-02273,AmberData Ltd.,Enterprise,Sales-led,175918.58,10.0,2024-01-25,Tariq Aziz,False,0,
deal,2024-Q1,Onboarding,Adoption,,,D-02273,AmberData Ltd.,Enterprise,Sales-led,175918.58,21.8,2024-02-04,Tariq Aziz,False,0,
deal,2024-Q1,Adoption,Renewal,,,D-02273,AmberData Ltd.,Enterprise,Sales-led,175918.58,62.4,2024-02-25,Tariq Aziz,False,0,
deal,2024-Q1,Renewal,,,,D-02273,AmberData Ltd.,Enterprise,Sales-led,175918.58,45.1,2024-04-27,Tariq Aziz,True,0,
deal,2024-Q1,Selection,,,,D-02274,HarborWorks GmbH,Enterprise,Sales-led,92390.2,35.8,2024-01-01,Fatima Zahra,False,0,
deal,2024-Q1,Selection,,,,D-02275,SilverStudio Group,Enterprise,Sales-led,154030.77,39.2,2024-01-01,Marcus Webb,False,0,
deal,2024-Q1,Selection,,,,D-02276,NorthernSignal & Co.,Enterprise,Sales-led,159831.82,45.8,2024-01-01,Aisling Kelly,False,0,
deal,2024-Q1,Selection,,,,D-02277,RapidCloud Ltd.,Enterprise,Sales-led,175645.35,50.7,2024-01-01,Liam Fitzgerald,False,0,
deal,2024-Q1,Selection,,,,D-02278,AmberSystems Group,Enterprise,Sales-led,175005.27,63.5,2024-01-01,Tariq Aziz,False,0,
deal,2024-Q1,Selection,,,,D-02279,NovaWorks GmbH,Enterprise,Sales-led,268817.76,76.5,2024-01-01,Sofia Marchetti,False,0,
deal,2024-Q1,Selection,,,,D-02280,LucidAnalytics & Co.,Enterprise,Sales-led,217422.23,45.5,2024-01-01,Marcus Webb,False,0,
deal,2024-Q1,Selection,,,,D-02281,PrimeLogistics Inc.,Enterprise,Sales-led,96272.29,50.4,2024-01-01,Rian de Groot,False,0,
deal,2024-Q1,Selection,,,,D-02282,LucidCloud & Co.,Enterprise,Sales-led,150420.92,44.9,2024-01-01,Amara Okafor,False,0,
deal,2024-Q1,Selection,,,,D-02283,BrightFinance B.V.,Enterprise,Sales-led,310816.4,101.9,2024-01-01,Callum Reid,False,0,
deal,2024-Q1,Selection,,,,D-02284,VantageCommerce & Co.,Enterprise,Sales-led,180860.7,49.5,2024-01-01,Noor Haddad,False,0,
deal,2024-Q2,Selection,,,,D-02285,PrimeCommerce Ltd.,Enterprise,Sales-led,135931.55,41.4,2024-04-01,Callum Reid,False,0,
deal,2024-Q2,Selection,,,,D-02286,LucidSignal Ltd.,Enterprise,Sales-led,253772.65,21.8,2024-04-01,Noor Haddad,False,0,
deal,2024-Q2,Selection,,,,D-02287,CedarRobotics & Co.,Enterprise,Sales-led,164590.47,83.4,2024-04-01,Tariq Aziz,False,0,
deal,2024-Q2,Selection,,,,D-02288,BrightLogistics B.V.,Enterprise,Sales-led,171271.06,65.3,2024-04-01,Callum Reid,False,0,
deal,2024-Q2,Selection,Commit,,,D-02289,NovaCloud Ltd.,Enterprise,Sales-led,94490.41,48.8,2024-04-01,Ben Sorensen,False,0,
deal,2024-Q2,Commit,Onboarding,,,D-02289,NovaCloud Ltd.,Enterprise,Sales-led,94490.41,7.9,2024-05-19,Ben Sorensen,False,0,
deal,2024-Q2,Onboarding,Adoption,,,D-02289,NovaCloud Ltd.,Enterprise,Sales-led,94490.41,29.9,2024-05-26,Ben Sorensen,False,0,
deal,2024-Q2,Adoption,Renewal,,,D-02289,NovaCloud Ltd.,Enterprise,Sales-led,94490.41,79.5,2024-06-24,Ben Sorensen,False,0,
deal,2024-Q2,Renewal,Expansion,,,D-02289,NovaCloud Ltd.,Enterprise,Sales-led,94490.41,23.4,2024-09-11,Ben Sorensen,False,0,
deal,2024-Q2,Expansion,,,,D-02289,NovaCloud Ltd.,Enterprise,Sales-led,94490.41,31.7,2024-10-04,Ben Sorensen,False,30734.12,
deal,2024-Q2,Selection,,,,D-02290,VantageSolutions & Co.,Enterprise,Sales-led,192465.5,23.6,2024-04-01,Declan Byrne,False,0,
deal,2024-Q2,Selection,,,,D-02291,NorthernLogistics Ltd.,Enterprise,Sales-led,144385.38,113.9,2024-04-01,Liam Fitzgerald,False,0,
deal,2024-Q2,Selection,,,,D-02292,MeridianHealth Group,Enterprise,Sales-led,166626.17,64.9,2024-04-01,Priya Natarajan,False,0,
deal,2024-Q2,Selection,,,,D-02293,MeridianSignal GmbH,Enterprise,Sales-led,190380.67,45.7,2024-04-01,Aisling Kelly,False,0,
deal,2024-Q2,Selection,,,,D-02294,BrightFinance Group,Enterprise,Sales-led,198923.36,35.3,2024-04-01,Yuki Tanaka,False,0,
deal,2024-Q2,Selection,,,,D-02295,LucidSignal GmbH,Enterprise,Sales-led,167437.02,34.8,2024-04-01,Noor Haddad,False,0,
deal,2024-Q2,Selection,,,,D-02296,CedarHealth Ltd.,Enterprise,Sales-led,191405.5,25.3,2024-04-01,Aisling Kelly,False,0,
deal,2024-Q2,Selection,Commit,,,D-02297,LucidSignal GmbH,Enterprise,Sales-led,136801.97,24.3,2024-04-01,Tariq Aziz,False,0,
deal,2024-Q2,Commit,Onboarding,,,D-02297,LucidSignal GmbH,Enterprise,Sales-led,136801.97,5.4,2024-04-25,Tariq Aziz,False,0,
deal,2024-Q2,Onboarding,Adoption,,,D-02297,LucidSignal GmbH,Enterprise,Sales-led,136801.97,21.7,2024-04-30,Tariq Aziz,False,0,
deal,2024-Q2,Adoption,Renewal,,,D-02297,LucidSignal GmbH,Enterprise,Sales-led,136801.97,87.9,2024-05-21,Tariq Aziz,False,0,
deal,2024-Q2,Renewal,Expansion,,,D-02297,LucidSignal GmbH,Enterprise,Sales-led,136801.97,52.2,2024-08-16,Tariq Aziz,False,0,
deal,2024-Q2,Expansion,,,,D-02297,LucidSignal GmbH,Enterprise,Sales-led,136801.97,47.2,2024-10-07,Tariq Aziz,False,34114.76,
deal,2024-Q2,Selection,,,,D-02298,BrightHealth Group,Enterprise,Sales-led,179434.91,41.3,2024-04-01,Tariq Aziz,False,0,
deal,2024-Q2,Selection,,,,D-02299,BoldDynamics Inc.,Enterprise,Sales-led,103256.19,52.3,2024-04-01,Noor Haddad,False,0,
deal,2024-Q2,Selection,,,,D-02300,CedarMetrics B.V.,Enterprise,Sales-led,98191.81,36.6,2024-04-01,Marcus Webb,False,0,
deal,2024-Q2,Selection,,,,D-02301,PrimeHealth Inc.,Enterprise,Sales-led,209850.29,42.9,2024-04-01,Liam Fitzgerald,False,0,
deal,2024-Q2,Selection,,,,D-02302,KestrelCloud Inc.,Enterprise,Sales-led,199680.44,16.3,2024-04-01,Sofia Marchetti,False,0,
deal,2024-Q2,Selection,,,,D-02303,SilverSystems & Co.,Enterprise,Sales-led,131084.88,38.5,2024-04-01,Fatima Zahra,False,0,
deal,2024-Q2,Selection,,,,D-02304,RapidHealth Group,Enterprise,Sales-led,212593.72,44.9,2024-04-01,Priya Natarajan,False,0,
deal,2024-Q2,Selection,,,,D-02305,PrimeRobotics GmbH,Enterprise,Sales-led,179930.51,86.3,2024-04-01,Priya Natarajan,False,0,
deal,2024-Q2,Selection,,,,D-02306,VantageRobotics Inc.,Enterprise,Sales-led,220118.11,37.4,2024-04-01,Declan Byrne,False,0,
deal,2024-Q2,Selection,Commit,,,D-02307,BlueWorks Group,Enterprise,Sales-led,200648.62,57.6,2024-04-01,Tariq Aziz,False,0,
deal,2024-Q2,Commit,Onboarding,,,D-02307,BlueWorks Group,Enterprise,Sales-led,200648.62,27.8,2024-05-28,Tariq Aziz,False,0,
deal,2024-Q2,Onboarding,Adoption,,,D-02307,BlueWorks Group,Enterprise,Sales-led,200648.62,33.6,2024-06-24,Tariq Aziz,False,0,
deal,2024-Q2,Adoption,Renewal,,,D-02307,BlueWorks Group,Enterprise,Sales-led,200648.62,47.3,2024-07-27,Tariq Aziz,False,0,
deal,2024-Q2,Renewal,Expansion,,,D-02307,BlueWorks Group,Enterprise,Sales-led,200648.62,39.5,2024-09-12,Tariq Aziz,False,0,
deal,2024-Q2,Expansion,,,,D-02307,BlueWorks Group,Enterprise,Sales-led,200648.62,27.3,2024-10-21,Tariq Aziz,False,0.0,
deal,2024-Q2,Selection,,,,D-02308,ClearFinance Group,Enterprise,Sales-led,174454.42,49.5,2024-04-01,Liam Fitzgerald,False,0,
deal,2024-Q2,Selection,,,,D-02309,LucidStudio Inc.,Enterprise,Sales-led,85645.89,50.6,2024-04-01,Sofia Marchetti,False,0,
deal,2024-Q2,Selection,,,,D-02310,BoldData Inc.,Enterprise,Sales-led,172752.15,101.1,2024-04-01,Sofia Marchetti,False,0,
deal,2024-Q2,Selection,,,,D-02311,BrightCommerce B.V.,Enterprise,Sales-led,262837.07,49.5,2024-04-01,Amara Okafor,False,0,
deal,2024-Q2,Selection,,,,D-02312,SwiftLogistics B.V.,Enterprise,Sales-led,115579.63,52.5,2024-04-01,Elena Petrova,False,0,
deal,2024-Q2,Selection,,,,D-02313,RapidSignal Ltd.,Enterprise,Sales-led,169642.21,71.0,2024-04-01,Rian de Groot,False,0,
deal,2024-Q2,Selection,Commit,,,D-02314,KestrelFinance & Co.,Enterprise,Sales-led,172386.16,38.8,2024-04-01,Fatima Zahra,False,0,
deal,2024-Q2,Commit,Onboarding,,,D-02314,KestrelFinance & Co.,Enterprise,Sales-led,172386.16,12.6,2024-05-09,Fatima Zahra,False,0,
deal,2024-Q2,Onboarding,Adoption,,,D-02314,KestrelFinance & Co.,Enterprise,Sales-led,172386.16,43.0,2024-05-21,Fatima Zahra,False,0,
deal,2024-Q2,Adoption,Renewal,,,D-02314,KestrelFinance & Co.,Enterprise,Sales-led,172386.16,78.0,2024-07-03,Fatima Zahra,False,0,
deal,2024-Q2,Renewal,Expansion,,,D-02314,KestrelFinance & Co.,Enterprise,Sales-led,172386.16,21.2,2024-09-19,Fatima Zahra,False,0,
deal,2024-Q2,Expansion,,,,D-02314,KestrelFinance & Co.,Enterprise,Sales-led,172386.16,35.9,2024-10-10,Fatima Zahra,False,69827.42,
deal,2024-Q2,Selection,,,,D-02315,SolsticeMetrics & Co.,Enterprise,Sales-led,284793.97,75.0,2024-04-01,Sofia Marchetti,False,0,
deal,2024-Q2,Selection,,,,D-02316,SwiftSystems & Co.,Enterprise,Sales-led,203549.81,38.5,2024-04-01,Noor Haddad,False,0,
deal,2024-Q2,Selection,,,,D-02317,HarborStudio B.V.,Enterprise,Sales-led,171147.07,84.5,2024-04-01,Aisling Kelly,False,0,
deal,2024-Q2,Selection,,,,D-02318,NorthernData Ltd.,Enterprise,Sales-led,219750.62,85.3,2024-04-01,Liam Fitzgerald,False,0,
deal,2024-Q2,Selection,,,,D-02319,BoldAnalytics & Co.,Enterprise,Sales-led,225300.92,42.0,2024-04-01,Priya Natarajan,False,0,
deal,2024-Q2,Selection,,,,D-02320,SilverAnalytics & Co.,Enterprise,Sales-led,132936.38,32.7,2024-04-01,Callum Reid,False,0,
deal,2024-Q2,Selection,,,,D-02321,KestrelSolutions Inc.,Enterprise,Sales-led,81552.52,66.2,2024-04-01,Declan Byrne,False,0,
deal,2024-Q2,Selection,,,,D-02322,ClearSolutions B.V.,Enterprise,Sales-led,126947.66,90.1,2024-04-01,Declan Byrne,False,0,
deal,2024-Q2,Selection,Commit,,,D-02323,LucidRobotics Group,Enterprise,Sales-led,143121.85,80.1,2024-04-01,Amara Okafor,False,0,
deal,2024-Q2,Commit,Onboarding,,,D-02323,LucidRobotics Group,Enterprise,Sales-led,143121.85,12.8,2024-06-20,Amara Okafor,False,0,
deal,2024-Q2,Onboarding,Adoption,,,D-02323,LucidRobotics Group,Enterprise,Sales-led,143121.85,41.7,2024-07-02,Amara Okafor,False,0,
deal,2024-Q2,Adoption,Renewal,,,D-02323,LucidRobotics Group,Enterprise,Sales-led,143121.85,67.1,2024-08-12,Amara Okafor,False,0,
deal,2024-Q2,Renewal,Expansion,,,D-02323,LucidRobotics Group,Enterprise,Sales-led,143121.85,36.5,2024-10-18,Amara Okafor,False,0,
deal,2024-Q2,Expansion,,,,D-02323,LucidRobotics Group,Enterprise,Sales-led,143121.85,61.2,2024-11-23,Amara Okafor,False,68680.49,
deal,2024-Q2,Selection,,,,D-02324,NovaFinance Ltd.,Enterprise,Sales-led,270172.97,51.7,2024-04-01,Yuki Tanaka,False,0,
deal,2024-Q2,Selection,,,,D-02325,SwiftSignal Inc.,Enterprise,Sales-led,146100.17,70.1,2024-04-01,Aisling Kelly,False,0,
deal,2024-Q2,Selection,,,,D-02326,NovaSolutions B.V.,Enterprise,Sales-led,88648.98,43.4,2024-04-01,Sofia Marchetti,False,0,
deal,2024-Q3,Selection,,,,D-02327,VantageHealth & Co.,Enterprise,Sales-led,122982.97,138.2,2024-07-01,Noor Haddad,False,0,
deal,2024-Q3,Selection,,,,D-02328,MeridianLabs Inc.,Enterprise,Sales-led,192554.76,50.1,2024-07-01,Callum Reid,False,0,
deal,2024-Q3,Selection,,,,D-02329,LucidCommerce Ltd.,Enterprise,Sales-led,99358.08,42.4,2024-07-01,Aisling Kelly,False,0,
deal,2024-Q3,Selection,,,,D-02330,SilverStudio Group,Enterprise,Sales-led,255083.13,55.9,2024-07-01,Aisling Kelly,False,0,
deal,2024-Q3,Selection,,,,D-02331,AmberHealth Group,Enterprise,Sales-led,94020.86,40.6,2024-07-01,Sofia Marchetti,False,0,
deal,2024-Q3,Selection,,,,D-02332,BoldCommerce & Co.,Enterprise,Sales-led,237575.41,26.9,2024-07-01,Callum Reid,False,0,
deal,2024-Q3,Selection,,,,D-02333,SilverLogistics B.V.,Enterprise,Sales-led,193387.06,88.2,2024-07-01,Tariq Aziz,False,0,
deal,2024-Q3,Selection,,,,D-02334,RapidMetrics B.V.,Enterprise,Sales-led,161320.48,37.8,2024-07-01,Aisling Kelly,False,0,
deal,2024-Q3,Selection,,,,D-02335,SilverLogistics Inc.,Enterprise,Sales-led,169015.93,40.6,2024-07-01,Tariq Aziz,False,0,
deal,2024-Q3,Selection,,,,D-02336,SilverHealth & Co.,Enterprise,Sales-led,200641.11,33.1,2024-07-01,Aisling Kelly,False,0,
deal,2024-Q3,Selection,,,,D-02337,BlueSolutions & Co.,Enterprise,Sales-led,129837.31,26.9,2024-07-01,Noor Haddad,False,0,
deal,2024-Q3,Selection,,,,D-02338,AmberRobotics Ltd.,Enterprise,Sales-led,238948.02,59.0,2024-07-01,Noor Haddad,False,0,
deal,2024-Q3,Selection,,,,D-02339,RapidStudio Ltd.,Enterprise,Sales-led,132813.4,55.3,2024-07-01,Rian de Groot,False,0,
deal,2024-Q3,Selection,,,,D-02340,KestrelData Inc.,Enterprise,Sales-led,142714.04,37.0,2024-07-01,Elena Petrova,False,0,
deal,2024-Q3,Selection,,,,D-02341,AmberSolutions Inc.,Enterprise,Sales-led,211085.66,36.0,2024-07-01,Fatima Zahra,False,0,
deal,2024-Q3,Selection,,,,D-02342,SolsticeLogistics & Co.,Enterprise,Sales-led,68365.06,77.7,2024-07-01,Tariq Aziz,False,0,
deal,2024-Q3,Selection,,,,D-02343,BlueLabs Inc.,Enterprise,Sales-led,118214.98,45.9,2024-07-01,Ben Sorensen,False,0,
deal,2024-Q3,Selection,,,,D-02344,PrimeFinance Ltd.,Enterprise,Sales-led,162394.31,33.5,2024-07-01,Noor Haddad,False,0,
deal,2024-Q3,Selection,,,,D-02345,VantageSignal B.V.,Enterprise,PLG,140678.94,27.9,2024-07-01,Amara Okafor,False,0,False
deal,2024-Q3,Selection,,,,D-02346,MeridianMetrics B.V.,Enterprise,Sales-led,201030.15,56.8,2024-07-01,Yuki Tanaka,False,0,
deal,2024-Q3,Selection,,,,D-02347,CedarWorks GmbH,Enterprise,Sales-led,107555.79,77.1,2024-07-01,Fatima Zahra,False,0,
deal,2024-Q3,Selection,Commit,,,D-02348,BoldWorks GmbH,Enterprise,Sales-led,141996.65,50.1,2024-07-01,Elena Petrova,False,0,
deal,2024-Q3,Commit,Onboarding,,,D-02348,BoldWorks GmbH,Enterprise,Sales-led,141996.65,13.2,2024-08-20,Elena Petrova,False,0,
deal,2024-Q3,Onboarding,Adoption,,,D-02348,BoldWorks GmbH,Enterprise,Sales-led,141996.65,63.9,2024-09-02,Elena Petrova,False,0,
deal,2024-Q3,Adoption,Renewal,,,D-02348,BoldWorks GmbH,Enterprise,Sales-led,141996.65,56.3,2024-11-04,Elena Petrova,False,0,
deal,2024-Q3,Renewal,Expansion,,,D-02348,BoldWorks GmbH,Enterprise,Sales-led,141996.65,38.1,2024-12-30,Elena Petrova,False,0,
deal,2024-Q3,Expansion,,,,D-02348,BoldWorks GmbH,Enterprise,Sales-led,141996.65,103.8,2025-02-06,Elena Petrova,False,46263.85,
deal,2024-Q3,Selection,,,,D-02349,CedarRobotics GmbH,Enterprise,Sales-led,112550.53,50.1,2024-07-01,Tariq Aziz,False,0,
deal,2024-Q3,Selection,,,,D-02350,MeridianLogistics GmbH,Enterprise,Sales-led,131860.08,54.8,2024-07-01,Sofia Marchetti,False,0,
deal,2024-Q3,Selection,,,,D-02351,NorthernStudio B.V.,Enterprise,PLG,78774.67,26.3,2024-07-01,Marcus Webb,False,0,False
deal,2024-Q3,Selection,Commit,,,D-02352,NorthernData Ltd.,Enterprise,Sales-led,233259.93,119.3,2024-07-01,Liam Fitzgerald,False,0,
deal,2024-Q3,Commit,Onboarding,,,D-02352,NorthernData Ltd.,Enterprise,Sales-led,233259.93,14.7,2024-10-28,Liam Fitzgerald,False,0,
deal,2024-Q3,Onboarding,Adoption,,,D-02352,NorthernData Ltd.,Enterprise,Sales-led,233259.93,24.4,2024-11-11,Liam Fitzgerald,False,0,
deal,2024-Q3,Adoption,Renewal,,,D-02352,NorthernData Ltd.,Enterprise,Sales-led,233259.93,60.0,2024-12-05,Liam Fitzgerald,False,0,
deal,2024-Q3,Renewal,Expansion,,,D-02352,NorthernData Ltd.,Enterprise,Sales-led,233259.93,47.2,2025-02-03,Liam Fitzgerald,False,0,
deal,2024-Q3,Expansion,,,,D-02352,NorthernData Ltd.,Enterprise,Sales-led,233259.93,112.5,2025-03-22,Liam Fitzgerald,False,66906.94,
deal,2024-Q3,Selection,,,,D-02353,ClearHealth Inc.,Enterprise,Sales-led,224953.33,46.1,2024-07-01,Amara Okafor,False,0,
deal,2024-Q3,Selection,,,,D-02354,NorthernLabs Inc.,Enterprise,Sales-led,191617.38,75.2,2024-07-01,Ben Sorensen,False,0,
deal,2024-Q3,Selection,,,,D-02355,MeridianAnalytics & Co.,Enterprise,Sales-led,149035.99,93.7,2024-07-01,Tariq Aziz,False,0,
deal,2024-Q3,Selection,,,,D-02356,SwiftHealth GmbH,Enterprise,Sales-led,156119.25,45.4,2024-07-01,Fatima Zahra,False,0,
deal,2024-Q3,Selection,Commit,,,D-02357,KestrelSignal Group,Enterprise,Sales-led,224775.48,67.8,2024-07-01,Marcus Webb,False,0,
deal,2024-Q3,Commit,Onboarding,,,D-02357,KestrelSignal Group,Enterprise,Sales-led,224775.48,8.6,2024-09-06,Marcus Webb,False,0,
deal,2024-Q3,Onboarding,Adoption,,,D-02357,KestrelSignal Group,Enterprise,Sales-led,224775.48,49.1,2024-09-14,Marcus Webb,False,0,
deal,2024-Q3,Adoption,Renewal,,,D-02357,KestrelSignal Group,Enterprise,Sales-led,224775.48,83.7,2024-11-02,Marcus Webb,False,0,
deal,2024-Q3,Renewal,Expansion,,,D-02357,KestrelSignal Group,Enterprise,Sales-led,224775.48,25.1,2025-01-24,Marcus Webb,False,0,
deal,2024-Q3,Expansion,,,,D-02357,KestrelSignal Group,Enterprise,Sales-led,224775.48,52.1,2025-02-18,Marcus Webb,False,98915.24,
deal,2024-Q3,Selection,,,,D-02358,LucidCloud Group,Enterprise,Sales-led,273771.88,72.9,2024-07-01,Tariq Aziz,False,0,
deal,2024-Q3,Selection,,,,D-02359,NorthernDynamics GmbH,Enterprise,Sales-led,123687.81,51.7,2024-07-01,Noor Haddad,False,0,
deal,2024-Q3,Selection,Commit,,,D-02360,NovaMetrics Inc.,Enterprise,Sales-led,213422.94,40.5,2024-07-01,Marcus Webb,False,0,
deal,2024-Q3,Commit,Onboarding,,,D-02360,NovaMetrics Inc.,Enterprise,Sales-led,213422.94,11.1,2024-08-10,Marcus Webb,False,0,
deal,2024-Q3,Onboarding,Adoption,,,D-02360,NovaMetrics Inc.,Enterprise,Sales-led,213422.94,47.7,2024-08-21,Marcus Webb,False,0,
deal,2024-Q3,Adoption,Renewal,,,D-02360,NovaMetrics Inc.,Enterprise,Sales-led,213422.94,99.4,2024-10-07,Marcus Webb,False,0,
deal,2024-Q3,Renewal,Expansion,,,D-02360,NovaMetrics Inc.,Enterprise,Sales-led,213422.94,17.5,2025-01-14,Marcus Webb,False,0,
deal,2024-Q3,Expansion,,,,D-02360,NovaMetrics Inc.,Enterprise,Sales-led,213422.94,45.9,2025-01-31,Marcus Webb,False,0.0,
deal,2024-Q3,Selection,,,,D-02361,LucidSignal Group,Enterprise,Sales-led,163753.65,58.7,2024-07-01,Ben Sorensen,False,0,
deal,2024-Q3,Selection,Commit,,,D-02362,BrightWorks B.V.,Enterprise,Sales-led,155250.77,27.6,2024-07-01,Declan Byrne,False,0,
deal,2024-Q3,Commit,Onboarding,,,D-02362,BrightWorks B.V.,Enterprise,Sales-led,155250.77,13.5,2024-07-28,Declan Byrne,False,0,
deal,2024-Q3,Onboarding,Adoption,,,D-02362,BrightWorks B.V.,Enterprise,Sales-led,155250.77,32.6,2024-08-10,Declan Byrne,False,0,
deal,2024-Q3,Adoption,Renewal,,,D-02362,BrightWorks B.V.,Enterprise,Sales-led,155250.77,98.1,2024-09-11,Declan Byrne,False,0,
deal,2024-Q3,Renewal,Expansion,,,D-02362,BrightWorks B.V.,Enterprise,Sales-led,155250.77,11.1,2024-12-18,Declan Byrne,False,0,
deal,2024-Q3,Expansion,,,,D-02362,BrightWorks B.V.,Enterprise,Sales-led,155250.77,29.2,2024-12-29,Declan Byrne,False,0.0,
deal,2024-Q3,Selection,Commit,,,D-02363,NovaAnalytics Group,Enterprise,Sales-led,141256.74,62.8,2024-07-01,Tariq Aziz,False,0,
deal,2024-Q3,Commit,Onboarding,,,D-02363,NovaAnalytics Group,Enterprise,Sales-led,141256.74,10.4,2024-09-01,Tariq Aziz,False,0,
deal,2024-Q3,Onboarding,Adoption,,,D-02363,NovaAnalytics Group,Enterprise,Sales-led,141256.74,81.7,2024-09-11,Tariq Aziz,False,0,
deal,2024-Q3,Adoption,Renewal,,,D-02363,NovaAnalytics Group,Enterprise,Sales-led,141256.74,51.2,2024-12-01,Tariq Aziz,False,0,
deal,2024-Q3,Renewal,Expansion,,,D-02363,NovaAnalytics Group,Enterprise,Sales-led,141256.74,35.3,2025-01-21,Tariq Aziz,False,0,
deal,2024-Q3,Expansion,,,,D-02363,NovaAnalytics Group,Enterprise,Sales-led,141256.74,63.6,2025-02-25,Tariq Aziz,False,0.0,
deal,2024-Q3,Selection,,,,D-02364,SolsticeData Ltd.,Enterprise,Sales-led,73752.76,32.9,2024-07-01,Sofia Marchetti,False,0,
deal,2024-Q3,Selection,,,,D-02365,RapidSolutions Ltd.,Enterprise,Sales-led,148126.72,30.4,2024-07-01,Amara Okafor,False,0,
deal,2024-Q4,Selection,,,,D-02366,HarborAnalytics Ltd.,Enterprise,Sales-led,85325.67,67.8,2024-10-01,Callum Reid,False,0,
deal,2024-Q4,Selection,,,,D-02367,LucidSystems Ltd.,Enterprise,Sales-led,114618.05,27.4,2024-10-01,Ben Sorensen,False,0,
deal,2024-Q4,Selection,,,,D-02368,BrightWorks & Co.,Enterprise,Sales-led,158024.84,35.1,2024-10-01,Ingrid Johansson,False,0,
deal,2024-Q4,Selection,,,,D-02369,SolsticeDynamics GmbH,Enterprise,Sales-led,142124.03,38.0,2024-10-01,Noor Haddad,False,0,
deal,2024-Q4,Selection,,,,D-02370,LucidMetrics Inc.,Enterprise,Sales-led,152464.33,121.1,2024-10-01,Elena Petrova,False,0,
deal,2024-Q4,Selection,,,,D-02371,KestrelRobotics Inc.,Enterprise,Sales-led,260764.25,60.0,2024-10-01,Declan Byrne,False,0,
deal,2024-Q4,Selection,,,,D-02372,RapidAnalytics & Co.,Enterprise,Sales-led,159673.0,74.6,2024-10-01,Declan Byrne,False,0,
deal,2024-Q4,Selection,Commit,,,D-02373,AmberSignal Group,Enterprise,Sales-led,117371.82,95.3,2024-10-01,Aisling Kelly,False,0,
deal,2024-Q4,Commit,Onboarding,,,D-02373,AmberSignal Group,Enterprise,Sales-led,117371.82,9.5,2025-01-04,Aisling Kelly,False,0,
deal,2024-Q4,Onboarding,Adoption,,,D-02373,AmberSignal Group,Enterprise,Sales-led,117371.82,24.5,2025-01-13,Aisling Kelly,False,0,
deal,2024-Q4,Adoption,Renewal,,,D-02373,AmberSignal Group,Enterprise,Sales-led,117371.82,104.0,2025-02-06,Aisling Kelly,False,0,
deal,2024-Q4,Renewal,Expansion,,,D-02373,AmberSignal Group,Enterprise,Sales-led,117371.82,34.7,2025-05-21,Aisling Kelly,False,0,
deal,2024-Q4,Expansion,,,,D-02373,AmberSignal Group,Enterprise,Sales-led,117371.82,55.4,2025-06-24,Aisling Kelly,False,48022.08,
deal,2024-Q4,Selection,,,,D-02374,BlueSignal GmbH,Enterprise,Sales-led,90499.14,49.1,2024-10-01,Ben Sorensen,False,0,
deal,2024-Q4,Selection,Commit,,,D-02375,KestrelData B.V.,Enterprise,Sales-led,108929.49,38.2,2024-10-01,Sofia Marchetti,False,0,
deal,2024-Q4,Commit,Onboarding,,,D-02375,KestrelData B.V.,Enterprise,Sales-led,108929.49,10.6,2024-11-08,Sofia Marchetti,False,0,
deal,2024-Q4,Onboarding,Adoption,,,D-02375,KestrelData B.V.,Enterprise,Sales-led,108929.49,39.6,2024-11-18,Sofia Marchetti,False,0,
deal,2024-Q4,Adoption,Renewal,,,D-02375,KestrelData B.V.,Enterprise,Sales-led,108929.49,116.2,2024-12-27,Sofia Marchetti,False,0,
deal,2024-Q4,Renewal,Expansion,,,D-02375,KestrelData B.V.,Enterprise,Sales-led,108929.49,38.3,2025-04-22,Sofia Marchetti,False,0,
deal,2024-Q4,Expansion,,,,D-02375,KestrelData B.V.,Enterprise,Sales-led,108929.49,42.6,2025-05-30,Sofia Marchetti,False,37417.53,
deal,2024-Q4,Selection,,,,D-02376,SolsticeMetrics B.V.,Enterprise,Sales-led,145684.18,68.2,2024-10-01,Fatima Zahra,False,0,
deal,2024-Q4,Selection,,,,D-02377,VantageFinance Inc.,Enterprise,Sales-led,155591.25,36.5,2024-10-01,Ingrid Johansson,False,0,
deal,2024-Q4,Selection,,,,D-02378,CedarLabs B.V.,Enterprise,Sales-led,174426.47,74.4,2024-10-01,Rian de Groot,False,0,
deal,2024-Q4,Selection,,,,D-02379,VantageHealth B.V.,Enterprise,Sales-led,332897.93,63.5,2024-10-01,Amara Okafor,False,0,
deal,2024-Q4,Selection,,,,D-02380,HarborWorks Inc.,Enterprise,Sales-led,396679.61,43.7,2024-10-01,Liam Fitzgerald,False,0,
deal,2024-Q4,Selection,,,,D-02381,NovaLabs GmbH,Enterprise,Sales-led,275851.21,72.4,2024-10-01,Aisling Kelly,False,0,
deal,2024-Q4,Selection,,,,D-02382,HarborAnalytics Group,Enterprise,Sales-led,165396.36,28.4,2024-10-01,Priya Natarajan,False,0,
deal,2024-Q4,Selection,,,,D-02383,MeridianRobotics Group,Enterprise,Sales-led,182343.91,39.8,2024-10-01,Sofia Marchetti,False,0,
deal,2024-Q4,Selection,,,,D-02384,RapidData Ltd.,Enterprise,Sales-led,173109.76,91.8,2024-10-01,Elena Petrova,False,0,
deal,2024-Q4,Selection,,,,D-02385,VantageMetrics Ltd.,Enterprise,Sales-led,302146.46,64.1,2024-10-01,Noor Haddad,False,0,
deal,2024-Q4,Selection,,,,D-02386,CedarStudio Group,Enterprise,Sales-led,134194.85,65.7,2024-10-01,Noor Haddad,False,0,
deal,2024-Q4,Selection,,,,D-02387,BlueCommerce Ltd.,Enterprise,Sales-led,164361.44,62.0,2024-10-01,Tariq Aziz,False,0,
deal,2024-Q4,Selection,Commit,,,D-02388,BrightAnalytics Group,Enterprise,Sales-led,169602.53,53.2,2024-10-01,Noor Haddad,False,0,
deal,2024-Q4,Commit,Onboarding,,,D-02388,BrightAnalytics Group,Enterprise,Sales-led,169602.53,5.2,2024-11-23,Noor Haddad,False,0,
deal,2024-Q4,Onboarding,Adoption,,,D-02388,BrightAnalytics Group,Enterprise,Sales-led,169602.53,26.5,2024-11-28,Noor Haddad,False,0,
deal,2024-Q4,Adoption,Renewal,,,D-02388,BrightAnalytics Group,Enterprise,Sales-led,169602.53,83.1,2024-12-24,Noor Haddad,False,0,
deal,2024-Q4,Renewal,Expansion,,,D-02388,BrightAnalytics Group,Enterprise,Sales-led,169602.53,20.0,2025-03-17,Noor Haddad,False,0,
deal,2024-Q4,Expansion,,,,D-02388,BrightAnalytics Group,Enterprise,Sales-led,169602.53,30.8,2025-04-06,Noor Haddad,False,0.0,
deal,2024-Q4,Selection,Commit,,,D-02389,SolsticeDynamics Inc.,Enterprise,Sales-led,243522.84,20.4,2024-10-01,Yuki Tanaka,False,0,
deal,2024-Q4,Commit,Onboarding,,,D-02389,SolsticeDynamics Inc.,Enterprise,Sales-led,243522.84,9.6,2024-10-21,Yuki Tanaka,False,0,
deal,2024-Q4,Onboarding,Adoption,,,D-02389,SolsticeDynamics Inc.,Enterprise,Sales-led,243522.84,30.4,2024-10-30,Yuki Tanaka,False,0,
deal,2024-Q4,Adoption,Renewal,,,D-02389,SolsticeDynamics Inc.,Enterprise,Sales-led,243522.84,69.9,2024-11-29,Yuki Tanaka,False,0,
deal,2024-Q4,Renewal,Expansion,,,D-02389,SolsticeDynamics Inc.,Enterprise,Sales-led,243522.84,26.2,2025-02-06,Yuki Tanaka,False,0,
deal,2024-Q4,Expansion,,,,D-02389,SolsticeDynamics Inc.,Enterprise,Sales-led,243522.84,31.4,2025-03-04,Yuki Tanaka,False,66034.97,
deal,2024-Q4,Selection,,,,D-02390,SwiftMetrics B.V.,Enterprise,Sales-led,220834.27,65.5,2024-10-01,Tariq Aziz,False,0,
deal,2024-Q4,Selection,,,,D-02391,VantageFinance GmbH,Enterprise,Sales-led,134826.6,25.8,2024-10-01,Tariq Aziz,False,0,
deal,2024-Q4,Selection,,,,D-02392,SolsticeCommerce B.V.,Enterprise,Sales-led,289887.05,39.4,2024-10-01,Priya Natarajan,False,0,
deal,2024-Q4,Selection,Commit,,,D-02393,SolsticeLogistics GmbH,Enterprise,Sales-led,208407.09,57.3,2024-10-01,Amara Okafor,False,0,
deal,2024-Q4,Commit,Onboarding,,,D-02393,SolsticeLogistics GmbH,Enterprise,Sales-led,208407.09,8.0,2024-11-27,Amara Okafor,False,0,
deal,2024-Q4,Onboarding,Adoption,,,D-02393,SolsticeLogistics GmbH,Enterprise,Sales-led,208407.09,32.8,2024-12-05,Amara Okafor,False,0,
deal,2024-Q4,Adoption,Renewal,,,D-02393,SolsticeLogistics GmbH,Enterprise,Sales-led,208407.09,67.0,2025-01-06,Amara Okafor,False,0,
deal,2024-Q4,Renewal,Expansion,,,D-02393,SolsticeLogistics GmbH,Enterprise,Sales-led,208407.09,35.2,2025-03-14,Amara Okafor,False,0,
deal,2024-Q4,Expansion,,,,D-02393,SolsticeLogistics GmbH,Enterprise,Sales-led,208407.09,83.5,2025-04-18,Amara Okafor,False,52685.9,
deal,2024-Q4,Selection,,,,D-02394,KestrelSignal GmbH,Enterprise,Sales-led,95515.65,46.2,2024-10-01,Ben Sorensen,False,0,
deal,2024-Q4,Selection,,,,D-02395,ClearSystems Inc.,Enterprise,Sales-led,197883.61,45.4,2024-10-01,Rian de Groot,False,0,
deal,2024-Q4,Selection,Commit,,,D-02396,MeridianAnalytics Inc.,Enterprise,Sales-led,127806.7,42.1,2024-10-01,Rian de Groot,False,0,
deal,2024-Q4,Commit,Onboarding,,,D-02396,MeridianAnalytics Inc.,Enterprise,Sales-led,127806.7,12.2,2024-11-12,Rian de Groot,False,0,
deal,2024-Q4,Onboarding,Adoption,,,D-02396,MeridianAnalytics Inc.,Enterprise,Sales-led,127806.7,46.4,2024-11-24,Rian de Groot,False,0,
deal,2024-Q4,Adoption,Renewal,,,D-02396,MeridianAnalytics Inc.,Enterprise,Sales-led,127806.7,56.2,2025-01-09,Rian de Groot,False,0,
deal,2024-Q4,Renewal,Expansion,,,D-02396,MeridianAnalytics Inc.,Enterprise,Sales-led,127806.7,23.4,2025-03-06,Rian de Groot,False,0,
deal,2024-Q4,Expansion,,,,D-02396,MeridianAnalytics Inc.,Enterprise,Sales-led,127806.7,36.3,2025-03-29,Rian de Groot,False,0.0,
deal,2024-Q4,Selection,Commit,,,D-02397,SwiftCommerce Group,Enterprise,Sales-led,101580.36,54.9,2024-10-01,Callum Reid,False,0,
deal,2024-Q4,Commit,Onboarding,,,D-02397,SwiftCommerce Group,Enterprise,Sales-led,101580.36,10.2,2024-11-24,Callum Reid,False,0,
deal,2024-Q4,Onboarding,Adoption,,,D-02397,SwiftCommerce Group,Enterprise,Sales-led,101580.36,24.9,2024-12-04,Callum Reid,False,0,
deal,2024-Q4,Adoption,Renewal,,,D-02397,SwiftCommerce Group,Enterprise,Sales-led,101580.36,57.3,2024-12-28,Callum Reid,False,0,
deal,2024-Q4,Renewal,Expansion,,,D-02397,SwiftCommerce Group,Enterprise,Sales-led,101580.36,30.2,2025-02-23,Callum Reid,False,0,
deal,2024-Q4,Expansion,,,,D-02397,SwiftCommerce Group,Enterprise,Sales-led,101580.36,50.5,2025-03-25,Callum Reid,False,45812.9,
deal,2024-Q4,Selection,,,,D-02398,AmberStudio B.V.,Enterprise,Sales-led,104074.63,41.1,2024-10-01,Ben Sorensen,False,0,
deal,2024-Q4,Selection,,,,D-02399,BoldDynamics Ltd.,Enterprise,Sales-led,253243.0,49.3,2024-10-01,Liam Fitzgerald,False,0,
deal,2024-Q4,Selection,Commit,,,D-02400,BrightCommerce Inc.,Enterprise,Sales-led,221210.63,48.2,2024-10-01,Rian de Groot,False,0,
deal,2024-Q4,Commit,Onboarding,,,D-02400,BrightCommerce Inc.,Enterprise,Sales-led,221210.63,10.8,2024-11-18,Rian de Groot,False,0,
deal,2024-Q4,Onboarding,Adoption,,,D-02400,BrightCommerce Inc.,Enterprise,Sales-led,221210.63,17.8,2024-11-28,Rian de Groot,False,0,
deal,2024-Q4,Adoption,Renewal,,,D-02400,BrightCommerce Inc.,Enterprise,Sales-led,221210.63,65.9,2024-12-15,Rian de Groot,False,0,
deal,2024-Q4,Renewal,Expansion,,,D-02400,BrightCommerce Inc.,Enterprise,Sales-led,221210.63,31.9,2025-02-18,Rian de Groot,False,0,
deal,2024-Q4,Expansion,,,,D-02400,BrightCommerce Inc.,Enterprise,Sales-led,221210.63,56.2,2025-03-21,Rian de Groot,False,99887.7,
deal,2024-Q4,Selection,,,,D-02401,SolsticeSignal Inc.,Enterprise,Sales-led,125984.0,66.1,2024-10-01,Tariq Aziz,False,0,
deal,2024-Q4,Selection,,,,D-02402,PrimeRobotics B.V.,Enterprise,Sales-led,507336.53,33.5,2024-10-01,Amara Okafor,False,0,
deal,2025-Q1,Selection,Commit,,,D-02403,BlueDynamics Group,Enterprise,Sales-led,267047.28,54.6,2025-01-01,Aisling Kelly,False,0,
deal,2025-Q1,Commit,Onboarding,,,D-02403,BlueDynamics Group,Enterprise,Sales-led,267047.28,7.6,2025-02-24,Aisling Kelly,False,0,
deal,2025-Q1,Onboarding,Adoption,,,D-02403,BlueDynamics Group,Enterprise,Sales-led,267047.28,28.7,2025-03-03,Aisling Kelly,False,0,
deal,2025-Q1,Adoption,Renewal,,,D-02403,BlueDynamics Group,Enterprise,Sales-led,267047.28,56.5,2025-03-31,Aisling Kelly,False,0,
deal,2025-Q1,Renewal,Expansion,,,D-02403,BlueDynamics Group,Enterprise,Sales-led,267047.28,40.1,2025-05-26,Aisling Kelly,False,0,
deal,2025-Q1,Expansion,,,,D-02403,BlueDynamics Group,Enterprise,Sales-led,267047.28,42.9,2025-07-05,Aisling Kelly,False,0.0,
deal,2025-Q1,Selection,,,,D-02404,MeridianSystems & Co.,Enterprise,Sales-led,221795.46,34.5,2025-01-01,Liam Fitzgerald,False,0,
deal,2025-Q1,Selection,,,,D-02405,NovaCommerce Ltd.,Enterprise,Sales-led,167271.55,49.9,2025-01-01,Noor Haddad,False,0,
deal,2025-Q1,Selection,,,,D-02406,SolsticeFinance Ltd.,Enterprise,Sales-led,240416.79,30.4,2025-01-01,Declan Byrne,False,0,
deal,2025-Q1,Selection,,,,D-02407,LucidLogistics Group,Enterprise,Sales-led,207147.28,42.6,2025-01-01,Tariq Aziz,False,0,
deal,2025-Q1,Selection,,,,D-02408,SilverRobotics B.V.,Enterprise,Sales-led,89435.66,34.5,2025-01-01,Elena Petrova,False,0,
deal,2025-Q1,Selection,,,,D-02409,LucidCommerce Inc.,Enterprise,Sales-led,384418.96,29.2,2025-01-01,Yuki Tanaka,False,0,
deal,2025-Q1,Selection,,,,D-02410,BrightData & Co.,Enterprise,Sales-led,340895.75,47.4,2025-01-01,Declan Byrne,False,0,
deal,2025-Q1,Selection,,,,D-02411,NorthernLogistics Inc.,Enterprise,Sales-led,203340.58,16.6,2025-01-01,Rian de Groot,False,0,
deal,2025-Q1,Selection,,,,D-02412,AmberAnalytics B.V.,Enterprise,Sales-led,62576.2,60.8,2025-01-01,Declan Byrne,False,0,
deal,2025-Q1,Selection,,,,D-02413,PrimeWorks GmbH,Enterprise,Sales-led,171580.25,36.3,2025-01-01,Elena Petrova,False,0,
deal,2025-Q1,Selection,,,,D-02414,KestrelWorks Group,Enterprise,Sales-led,116428.68,37.5,2025-01-01,Sofia Marchetti,False,0,
deal,2025-Q1,Selection,,,,D-02415,KestrelFinance & Co.,Enterprise,Sales-led,283974.24,27.0,2025-01-01,Liam Fitzgerald,False,0,
deal,2025-Q1,Selection,,,,D-02416,AmberHealth Ltd.,Enterprise,Sales-led,305797.05,54.1,2025-01-01,Callum Reid,False,0,
deal,2025-Q1,Selection,,,,D-02417,AmberWorks Ltd.,Enterprise,Sales-led,123962.25,51.8,2025-01-01,Amara Okafor,False,0,
deal,2025-Q1,Selection,Commit,,,D-02418,ClearSignal Group,Enterprise,Sales-led,224789.49,74.9,2025-01-01,Ingrid Johansson,False,0,
deal,2025-Q1,Commit,Onboarding,,,D-02418,ClearSignal Group,Enterprise,Sales-led,224789.49,12.2,2025-03-16,Ingrid Johansson,False,0,
deal,2025-Q1,Onboarding,Adoption,,,D-02418,ClearSignal Group,Enterprise,Sales-led,224789.49,26.4,2025-03-28,Ingrid Johansson,False,0,
deal,2025-Q1,Adoption,Renewal,,,D-02418,ClearSignal Group,Enterprise,Sales-led,224789.49,45.6,2025-04-23,Ingrid Johansson,False,0,
deal,2025-Q1,Renewal,Expansion,,,D-02418,ClearSignal Group,Enterprise,Sales-led,224789.49,22.8,2025-06-07,Ingrid Johansson,False,0,
deal,2025-Q1,Expansion,,,,D-02418,ClearSignal Group,Enterprise,Sales-led,224789.49,97.5,2025-06-29,Ingrid Johansson,False,75632.89,
deal,2025-Q1,Selection,,,,D-02419,HarborRobotics GmbH,Enterprise,Sales-led,273573.93,42.2,2025-01-01,Ben Sorensen,False,0,
deal,2025-Q1,Selection,,,,D-02420,BoldSolutions Ltd.,Enterprise,Sales-led,496155.6,70.2,2025-01-01,Declan Byrne,False,0,
deal,2025-Q1,Selection,,,,D-02421,SolsticeFinance B.V.,Enterprise,Sales-led,388712.64,83.1,2025-01-01,Tariq Aziz,False,0,
deal,2025-Q1,Selection,,,,D-02422,PrimeRobotics Ltd.,Enterprise,Sales-led,146354.43,52.7,2025-01-01,Yuki Tanaka,False,0,
deal,2025-Q1,Selection,,,,D-02423,NovaCommerce Group,Enterprise,Sales-led,235891.69,81.1,2025-01-01,Yuki Tanaka,False,0,
deal,2025-Q1,Selection,,,,D-02424,BrightCloud Inc.,Enterprise,Sales-led,228868.32,69.9,2025-01-01,Ingrid Johansson,False,0,
deal,2025-Q1,Selection,,,,D-02425,LucidHealth GmbH,Enterprise,Sales-led,129652.2,67.6,2025-01-01,Aisling Kelly,False,0,
deal,2025-Q1,Selection,,,,D-02426,SilverAnalytics Inc.,Enterprise,Sales-led,215402.28,57.4,2025-01-01,Elena Petrova,False,0,
deal,2025-Q1,Selection,Commit,,,D-02427,PrimeWorks & Co.,Enterprise,Sales-led,200064.98,50.9,2025-01-01,Noor Haddad,False,0,
deal,2025-Q1,Commit,Onboarding,,,D-02427,PrimeWorks & Co.,Enterprise,Sales-led,200064.98,10.2,2025-02-20,Noor Haddad,False,0,
deal,2025-Q1,Onboarding,Adoption,,,D-02427,PrimeWorks & Co.,Enterprise,Sales-led,200064.98,26.1,2025-03-02,Noor Haddad,False,0,
deal,2025-Q1,Adoption,Renewal,,,D-02427,PrimeWorks & Co.,Enterprise,Sales-led,200064.98,47.8,2025-03-28,Noor Haddad,False,0,
deal,2025-Q1,Renewal,Expansion,,,D-02427,PrimeWorks & Co.,Enterprise,Sales-led,200064.98,39.3,2025-05-14,Noor Haddad,False,0,
deal,2025-Q1,Expansion,,,,D-02427,PrimeWorks & Co.,Enterprise,Sales-led,200064.98,62.2,2025-06-22,Noor Haddad,False,85321.39,
deal,2025-Q1,Selection,,,,D-02428,AmberData Group,Enterprise,Sales-led,69734.8,66.1,2025-01-01,Tariq Aziz,False,0,
deal,2025-Q1,Selection,,,,D-02429,BoldCloud B.V.,Enterprise,Sales-led,235014.23,87.5,2025-01-01,Declan Byrne,False,0,
deal,2025-Q1,Selection,,,,D-02430,PrimeMetrics Ltd.,Enterprise,Sales-led,120921.57,106.5,2025-01-01,Ingrid Johansson,False,0,
deal,2025-Q1,Selection,Commit,,,D-02431,ClearHealth Inc.,Enterprise,Sales-led,246036.73,77.6,2025-01-01,Marcus Webb,False,0,
deal,2025-Q1,Commit,Onboarding,,,D-02431,ClearHealth Inc.,Enterprise,Sales-led,246036.73,7.3,2025-03-19,Marcus Webb,False,0,
deal,2025-Q1,Onboarding,Adoption,,,D-02431,ClearHealth Inc.,Enterprise,Sales-led,246036.73,21.4,2025-03-26,Marcus Webb,False,0,
deal,2025-Q1,Adoption,Renewal,,,D-02431,ClearHealth Inc.,Enterprise,Sales-led,246036.73,44.1,2025-04-16,Marcus Webb,False,0,
deal,2025-Q1,Renewal,Expansion,,,D-02431,ClearHealth Inc.,Enterprise,Sales-led,246036.73,21.6,2025-05-30,Marcus Webb,False,0,
deal,2025-Q1,Expansion,,,,D-02431,ClearHealth Inc.,Enterprise,Sales-led,246036.73,77.1,2025-06-20,Marcus Webb,False,56887.02,
deal,2025-Q1,Selection,,,,D-02432,ClearStudio & Co.,Enterprise,Sales-led,137864.88,83.7,2025-01-01,Elena Petrova,False,0,
deal,2025-Q1,Selection,,,,D-02433,KestrelAnalytics GmbH,Enterprise,Sales-led,224285.39,72.1,2025-01-01,Tariq Aziz,False,0,
deal,2025-Q1,Selection,,,,D-02434,SolsticeStudio GmbH,Enterprise,Sales-led,169248.57,48.7,2025-01-01,Marcus Webb,False,0,
deal,2025-Q1,Selection,,,,D-02435,LucidAnalytics & Co.,Enterprise,Sales-led,118581.34,44.6,2025-01-01,Priya Natarajan,False,0,
deal,2025-Q1,Selection,Commit,,,D-02436,SilverData & Co.,Enterprise,Sales-led,478103.43,44.7,2025-01-01,Fatima Zahra,False,0,
deal,2025-Q1,Commit,Onboarding,,,D-02436,SilverData & Co.,Enterprise,Sales-led,478103.43,9.6,2025-02-14,Fatima Zahra,False,0,
deal,2025-Q1,Onboarding,Adoption,,,D-02436,SilverData & Co.,Enterprise,Sales-led,478103.43,36.9,2025-02-23,Fatima Zahra,False,0,
deal,2025-Q1,Adoption,Renewal,,,D-02436,SilverData & Co.,Enterprise,Sales-led,478103.43,54.1,2025-03-31,Fatima Zahra,False,0,
deal,2025-Q1,Renewal,Expansion,,,D-02436,SilverData & Co.,Enterprise,Sales-led,478103.43,19.1,2025-05-24,Fatima Zahra,False,0,
deal,2025-Q1,Expansion,,,,D-02436,SilverData & Co.,Enterprise,Sales-led,478103.43,41.1,2025-06-12,Fatima Zahra,False,136744.47,
deal,2025-Q1,Selection,,,,D-02437,HarborAnalytics & Co.,Enterprise,Sales-led,127161.67,29.0,2025-01-01,Marcus Webb,False,0,
deal,2025-Q1,Selection,,,,D-02438,SwiftSolutions & Co.,Enterprise,Sales-led,111853.42,30.7,2025-01-01,Marcus Webb,False,0,
deal,2025-Q1,Selection,,,,D-02439,BrightMetrics B.V.,Enterprise,Sales-led,106597.04,29.1,2025-01-01,Declan Byrne,False,0,
deal,2025-Q1,Selection,,,,D-02440,AmberCloud Ltd.,Enterprise,Sales-led,176514.95,29.5,2025-01-01,Amara Okafor,False,0,
deal,2025-Q1,Selection,,,,D-02441,SwiftMetrics B.V.,Enterprise,Sales-led,195770.98,144.0,2025-01-01,Declan Byrne,False,0,
deal,2025-Q1,Selection,,,,D-02442,NovaLogistics GmbH,Enterprise,Sales-led,332132.28,58.5,2025-01-01,Ingrid Johansson,False,0,
deal,2025-Q1,Selection,Commit,,,D-02443,VantageSolutions GmbH,Enterprise,Sales-led,96036.23,33.5,2025-01-01,Rian de Groot,False,0,
deal,2025-Q1,Commit,Onboarding,,,D-02443,VantageSolutions GmbH,Enterprise,Sales-led,96036.23,11.4,2025-02-03,Rian de Groot,False,0,
deal,2025-Q1,Onboarding,Adoption,,,D-02443,VantageSolutions GmbH,Enterprise,Sales-led,96036.23,15.7,2025-02-14,Rian de Groot,False,0,
deal,2025-Q1,Adoption,Renewal,,,D-02443,VantageSolutions GmbH,Enterprise,Sales-led,96036.23,75.2,2025-03-01,Rian de Groot,False,0,
deal,2025-Q1,Renewal,Expansion,,,D-02443,VantageSolutions GmbH,Enterprise,Sales-led,96036.23,21.2,2025-05-15,Rian de Groot,False,0,
deal,2025-Q1,Expansion,,,,D-02443,VantageSolutions GmbH,Enterprise,Sales-led,96036.23,43.6,2025-06-05,Rian de Groot,False,28565.22,
deal,2025-Q1,Selection,,,,D-02444,HarborData GmbH,Enterprise,Sales-led,182335.08,43.4,2025-01-01,Sofia Marchetti,False,0,
deal,2025-Q1,Selection,,,,D-02445,BlueCommerce Ltd.,Enterprise,Sales-led,263424.16,47.2,2025-01-01,Ingrid Johansson,False,0,
deal,2025-Q1,Selection,,,,D-02446,BoldSolutions Inc.,Enterprise,Sales-led,175256.49,57.7,2025-01-01,Fatima Zahra,False,0,
deal,2025-Q1,Selection,,,,D-02447,HarborSystems & Co.,Enterprise,Sales-led,148002.28,73.2,2025-01-01,Amara Okafor,False,0,
deal,2025-Q1,Selection,,,,D-02448,SwiftMetrics Group,Enterprise,PLG,182977.58,41.7,2025-01-01,Amara Okafor,False,0,False
deal,2025-Q2,Selection,,,,D-02449,NorthernMetrics Inc.,Enterprise,Sales-led,142680.96,42.4,2025-04-01,Tariq Aziz,False,0,
deal,2025-Q2,Selection,,,,D-02450,BoldCloud Ltd.,Enterprise,Sales-led,107559.99,50.8,2025-04-01,Marcus Webb,False,0,
deal,2025-Q2,Selection,,,,D-02451,LucidSolutions B.V.,Enterprise,Sales-led,108717.22,104.4,2025-04-01,Callum Reid,False,0,
deal,2025-Q2,Selection,,,,D-02452,AmberHealth & Co.,Enterprise,PLG,83797.83,19.8,2025-04-01,Sofia Marchetti,False,0,True
deal,2025-Q2,Selection,,,,D-02453,SilverAnalytics & Co.,Enterprise,Sales-led,306269.18,44.4,2025-04-01,Rian de Groot,False,0,
deal,2025-Q2,Selection,,,,D-02454,RapidRobotics Inc.,Enterprise,Sales-led,336420.06,39.4,2025-04-01,Rian de Groot,False,0,
deal,2025-Q2,Selection,Commit,,,D-02455,SolsticeLogistics Inc.,Enterprise,Sales-led,81672.19,26.8,2025-04-01,Sofia Marchetti,False,0,
deal,2025-Q2,Commit,Onboarding,,,D-02455,SolsticeLogistics Inc.,Enterprise,Sales-led,81672.19,14.5,2025-04-27,Sofia Marchetti,False,0,
deal,2025-Q2,Onboarding,Adoption,,,D-02455,SolsticeLogistics Inc.,Enterprise,Sales-led,81672.19,28.0,2025-05-11,Sofia Marchetti,False,0,
deal,2025-Q2,Adoption,Renewal,,,D-02455,SolsticeLogistics Inc.,Enterprise,Sales-led,81672.19,142.5,2025-06-08,Sofia Marchetti,False,0,
deal,2025-Q2,Renewal,Expansion,,,D-02455,SolsticeLogistics Inc.,Enterprise,Sales-led,81672.19,41.5,2025-10-28,Sofia Marchetti,False,0,
deal,2025-Q2,Expansion,,,,D-02455,SolsticeLogistics Inc.,Enterprise,Sales-led,81672.19,41.7,2025-12-08,Sofia Marchetti,False,24422.42,
deal,2025-Q2,Selection,,,,D-02456,BoldStudio Group,Enterprise,Sales-led,189989.65,43.3,2025-04-01,Ingrid Johansson,False,0,
deal,2025-Q2,Selection,,,,D-02457,SilverCloud & Co.,Enterprise,Sales-led,106763.89,23.0,2025-04-01,Priya Natarajan,False,0,
deal,2025-Q2,Selection,,,,D-02458,SolsticeSystems GmbH,Enterprise,Sales-led,146820.53,35.2,2025-04-01,Tariq Aziz,False,0,
deal,2025-Q2,Selection,,,,D-02459,KestrelFinance & Co.,Enterprise,Sales-led,122197.11,34.8,2025-04-01,Ingrid Johansson,False,0,
deal,2025-Q2,Selection,,,,D-02460,PrimeSystems Group,Enterprise,Sales-led,140366.4,75.2,2025-04-01,Declan Byrne,False,0,
deal,2025-Q2,Selection,,,,D-02461,SolsticeWorks Group,Enterprise,Sales-led,240232.59,45.6,2025-04-01,Sofia Marchetti,False,0,
deal,2025-Q2,Selection,,,,D-02462,MeridianSignal Ltd.,Enterprise,Sales-led,111812.38,49.2,2025-04-01,Amara Okafor,False,0,
deal,2025-Q2,Selection,,,,D-02463,AmberSolutions B.V.,Enterprise,Sales-led,154349.25,55.5,2025-04-01,Marcus Webb,False,0,
deal,2025-Q2,Selection,,,,D-02464,SilverWorks & Co.,Enterprise,Sales-led,353021.76,80.2,2025-04-01,Sofia Marchetti,False,0,
deal,2025-Q2,Selection,,,,D-02465,BrightMetrics GmbH,Enterprise,Sales-led,281722.1,52.5,2025-04-01,Sofia Marchetti,False,0,
deal,2025-Q2,Selection,,,,D-02466,HarborAnalytics & Co.,Enterprise,Sales-led,98440.37,46.6,2025-04-01,Yuki Tanaka,False,0,
deal,2025-Q2,Selection,,,,D-02467,SilverSignal B.V.,Enterprise,Sales-led,335933.54,30.0,2025-04-01,Callum Reid,False,0,
deal,2025-Q2,Selection,,,,D-02468,PrimeRobotics GmbH,Enterprise,Sales-led,177413.92,87.7,2025-04-01,Rian de Groot,False,0,
deal,2025-Q2,Selection,,,,D-02469,SilverFinance Ltd.,Enterprise,Sales-led,302653.31,53.5,2025-04-01,Tariq Aziz,False,0,
deal,2025-Q2,Selection,,,,D-02470,ClearFinance GmbH,Enterprise,Sales-led,131306.43,44.4,2025-04-01,Fatima Zahra,False,0,
deal,2025-Q2,Selection,,,,D-02471,SilverDynamics Group,Enterprise,Sales-led,113792.0,41.8,2025-04-01,Noor Haddad,False,0,
deal,2025-Q2,Selection,,,,D-02472,ClearData & Co.,Enterprise,Sales-led,142476.24,62.4,2025-04-01,Sofia Marchetti,False,0,
deal,2025-Q2,Selection,,,,D-02473,BrightMetrics B.V.,Enterprise,Sales-led,109848.82,49.7,2025-04-01,Rian de Groot,False,0,
deal,2025-Q2,Selection,,,,D-02474,NorthernCloud B.V.,Enterprise,Sales-led,107657.06,36.7,2025-04-01,Yuki Tanaka,False,0,
deal,2025-Q2,Selection,,,,D-02475,BoldCloud Inc.,Enterprise,Sales-led,519053.56,33.9,2025-04-01,Rian de Groot,False,0,
deal,2025-Q2,Selection,,,,D-02476,SolsticeCommerce Inc.,Enterprise,Sales-led,86610.5,25.6,2025-04-01,Fatima Zahra,False,0,
deal,2025-Q2,Selection,,,,D-02477,SwiftLabs Inc.,Enterprise,Sales-led,109843.84,40.8,2025-04-01,Marcus Webb,False,0,
deal,2025-Q2,Selection,,,,D-02478,PrimeMetrics B.V.,Enterprise,Sales-led,138829.63,65.5,2025-04-01,Priya Natarajan,False,0,
deal,2025-Q2,Selection,,,,D-02479,BlueFinance B.V.,Enterprise,Sales-led,136261.82,66.0,2025-04-01,Rian de Groot,False,0,
deal,2025-Q2,Selection,,,,D-02480,KestrelCloud Group,Enterprise,Sales-led,102216.28,89.5,2025-04-01,Marcus Webb,False,0,
deal,2025-Q2,Selection,,,,D-02481,SwiftDynamics Group,Enterprise,Sales-led,189374.77,25.4,2025-04-01,Amara Okafor,False,0,
deal,2025-Q2,Selection,,,,D-02482,CedarMetrics Ltd.,Enterprise,Sales-led,196643.48,46.3,2025-04-01,Tariq Aziz,False,0,
deal,2025-Q2,Selection,,,,D-02483,ClearRobotics Group,Enterprise,Sales-led,403169.1,35.7,2025-04-01,Priya Natarajan,False,0,
deal,2025-Q2,Selection,,,,D-02484,BlueDynamics Ltd.,Enterprise,Sales-led,182985.07,58.3,2025-04-01,Noor Haddad,False,0,
deal,2025-Q2,Selection,,,,D-02485,VantageSolutions Ltd.,Enterprise,Sales-led,352085.74,43.2,2025-04-01,Ingrid Johansson,False,0,
deal,2025-Q2,Selection,,,,D-02486,NorthernSignal Inc.,Enterprise,Sales-led,85821.61,86.8,2025-04-01,Ingrid Johansson,False,0,
deal,2025-Q2,Selection,,,,D-02487,KestrelCloud Ltd.,Enterprise,Sales-led,179911.17,39.4,2025-04-01,Callum Reid,False,0,
deal,2025-Q2,Selection,,,,D-02488,NovaCloud GmbH,Enterprise,Sales-led,222546.0,26.6,2025-04-01,Yuki Tanaka,False,0,
deal,2025-Q2,Selection,,,,D-02489,NorthernDynamics Inc.,Enterprise,Sales-led,74090.87,57.2,2025-04-01,Rian de Groot,False,0,
deal,2025-Q2,Selection,,,,D-02490,NorthernAnalytics GmbH,Enterprise,Sales-led,83139.16,77.3,2025-04-01,Noor Haddad,False,0,
deal,2025-Q2,Selection,,,,D-02491,BlueWorks Inc.,Enterprise,Sales-led,148599.91,38.9,2025-04-01,Priya Natarajan,False,0,
deal,2025-Q2,Selection,,,,D-02492,LucidDynamics & Co.,Enterprise,Sales-led,216708.46,36.3,2025-04-01,Aisling Kelly,False,0,
deal,2025-Q2,Selection,,,,D-02493,SwiftAnalytics Group,Enterprise,Sales-led,147810.46,35.7,2025-04-01,Priya Natarajan,False,0,
deal,2025-Q2,Selection,,,,D-02494,CedarDynamics GmbH,Enterprise,Sales-led,118054.13,51.7,2025-04-01,Noor Haddad,False,0,
deal,2025-Q2,Selection,,,,D-02495,NorthernSystems & Co.,Enterprise,Sales-led,206273.15,36.9,2025-04-01,Elena Petrova,False,0,
deal,2025-Q2,Selection,,,,D-02496,RapidSolutions & Co.,Enterprise,Sales-led,134073.91,39.6,2025-04-01,Rian de Groot,False,0,
deal,2025-Q2,Selection,,,,D-02497,MeridianSolutions Ltd.,Enterprise,Sales-led,80614.98,45.6,2025-04-01,Tariq Aziz,False,0,
deal,2025-Q2,Selection,,,,D-02498,BoldSystems B.V.,Enterprise,Sales-led,279135.85,71.0,2025-04-01,Amara Okafor,False,0,
deal,2025-Q2,Selection,,,,D-02499,VantageLogistics & Co.,Enterprise,Sales-led,278268.94,29.2,2025-04-01,Rian de Groot,False,0,
deal,2025-Q2,Selection,,,,D-02500,NorthernCloud Ltd.,Enterprise,Sales-led,180897.23,65.1,2025-04-01,Amara Okafor,False,0,
deal,2025-Q3,Selection,,,,D-02501,NovaLabs Ltd.,Enterprise,Sales-led,174431.25,43.6,2025-07-01,Liam Fitzgerald,False,0,
deal,2025-Q3,Selection,,,,D-02502,BoldSystems Group,Enterprise,Sales-led,223501.75,30.7,2025-07-01,Tariq Aziz,False,0,
deal,2025-Q3,Selection,,,,D-02503,NovaHealth GmbH,Enterprise,Sales-led,355159.23,37.8,2025-07-01,Ben Sorensen,False,0,
deal,2025-Q3,Selection,Commit,,,D-02504,NorthernData & Co.,Enterprise,Sales-led,248814.72,84.0,2025-07-01,Amara Okafor,False,0,
deal,2025-Q3,Commit,Onboarding,,,D-02504,NorthernData & Co.,Enterprise,Sales-led,248814.72,9.1,2025-09-23,Amara Okafor,False,0,
deal,2025-Q3,Onboarding,Adoption,,,D-02504,NorthernData & Co.,Enterprise,Sales-led,248814.72,54.8,2025-10-02,Amara Okafor,False,0,
deal,2025-Q3,Adoption,Renewal,,,D-02504,NorthernData & Co.,Enterprise,Sales-led,248814.72,99.3,2025-11-25,Amara Okafor,False,0,
deal,2025-Q3,Renewal,Expansion,,,D-02504,NorthernData & Co.,Enterprise,Sales-led,248814.72,61.7,2026-03-04,Amara Okafor,False,0,
deal,2025-Q3,Expansion,,,,D-02504,NorthernData & Co.,Enterprise,Sales-led,248814.72,63.0,2026-05-04,Amara Okafor,False,0.0,
deal,2025-Q3,Selection,,,,D-02505,HarborSystems GmbH,Enterprise,Sales-led,169738.45,67.3,2025-07-01,Liam Fitzgerald,False,0,
deal,2025-Q3,Selection,,,,D-02506,SilverMetrics B.V.,Enterprise,Sales-led,120333.27,68.9,2025-07-01,Elena Petrova,False,0,
deal,2025-Q3,Selection,,,,D-02507,AmberSolutions Ltd.,Enterprise,Sales-led,117402.44,76.8,2025-07-01,Elena Petrova,False,0,
deal,2025-Q3,Selection,Commit,,,D-02508,RapidData Ltd.,Enterprise,Sales-led,247905.87,68.5,2025-07-01,Yuki Tanaka,False,0,
deal,2025-Q3,Commit,Onboarding,,,D-02508,RapidData Ltd.,Enterprise,Sales-led,247905.87,12.3,2025-09-07,Yuki Tanaka,False,0,
deal,2025-Q3,Onboarding,Adoption,,,D-02508,RapidData Ltd.,Enterprise,Sales-led,247905.87,51.8,2025-09-19,Yuki Tanaka,False,0,
deal,2025-Q3,Adoption,Renewal,,,D-02508,RapidData Ltd.,Enterprise,Sales-led,247905.87,91.7,2025-11-09,Yuki Tanaka,False,0,
deal,2025-Q3,Renewal,Expansion,,,D-02508,RapidData Ltd.,Enterprise,Sales-led,247905.87,20.1,2026-02-08,Yuki Tanaka,False,0,
deal,2025-Q3,Expansion,,,,D-02508,RapidData Ltd.,Enterprise,Sales-led,247905.87,30.9,2026-02-28,Yuki Tanaka,False,68249.09,
deal,2025-Q3,Selection,,,,D-02509,MeridianCloud GmbH,Enterprise,Sales-led,345417.61,44.0,2025-07-01,Marcus Webb,False,0,
deal,2025-Q3,Selection,,,,D-02510,VantageRobotics Ltd.,Enterprise,Sales-led,165664.14,46.5,2025-07-01,Tariq Aziz,False,0,
deal,2025-Q3,Selection,,,,D-02511,AmberStudio Group,Enterprise,Sales-led,125146.77,66.1,2025-07-01,Sofia Marchetti,False,0,
deal,2025-Q3,Selection,,,,D-02512,SilverMetrics GmbH,Enterprise,Sales-led,212421.89,52.8,2025-07-01,Fatima Zahra,False,0,
deal,2025-Q3,Selection,,,,D-02513,SolsticeLabs Group,Enterprise,Sales-led,176550.78,44.8,2025-07-01,Elena Petrova,False,0,
deal,2025-Q3,Selection,,,,D-02514,MeridianSystems Group,Enterprise,Sales-led,148920.06,36.4,2025-07-01,Rian de Groot,False,0,
deal,2025-Q3,Selection,,,,D-02515,CedarAnalytics GmbH,Enterprise,Sales-led,193087.27,19.9,2025-07-01,Rian de Groot,False,0,
deal,2025-Q3,Selection,,,,D-02516,NovaDynamics GmbH,Enterprise,Sales-led,148976.66,43.2,2025-07-01,Amara Okafor,False,0,
deal,2025-Q3,Selection,,,,D-02517,BrightSolutions GmbH,Enterprise,Sales-led,183827.98,61.6,2025-07-01,Elena Petrova,False,0,
deal,2025-Q3,Selection,,,,D-02518,PrimeSolutions B.V.,Enterprise,Sales-led,336624.26,64.4,2025-07-01,Liam Fitzgerald,False,0,
deal,2025-Q3,Selection,,,,D-02519,KestrelLabs Ltd.,Enterprise,Sales-led,321576.17,36.4,2025-07-01,Amara Okafor,False,0,
deal,2025-Q3,Selection,,,,D-02520,LucidMetrics Inc.,Enterprise,Sales-led,133632.87,39.7,2025-07-01,Aisling Kelly,False,0,
deal,2025-Q3,Selection,,,,D-02521,HarborLabs GmbH,Enterprise,Sales-led,277697.4,75.1,2025-07-01,Tariq Aziz,False,0,
deal,2025-Q3,Selection,,,,D-02522,BrightDynamics Group,Enterprise,Sales-led,122821.56,31.9,2025-07-01,Amara Okafor,False,0,
deal,2025-Q3,Selection,,,,D-02523,HarborSolutions Ltd.,Enterprise,Sales-led,99472.79,69.3,2025-07-01,Elena Petrova,False,0,
deal,2025-Q3,Selection,,,,D-02524,MeridianData & Co.,Enterprise,Sales-led,143952.0,64.7,2025-07-01,Marcus Webb,False,0,
deal,2025-Q3,Selection,,,,D-02525,AmberWorks GmbH,Enterprise,Sales-led,124201.15,70.0,2025-07-01,Fatima Zahra,False,0,
deal,2025-Q3,Selection,,,,D-02526,MeridianLogistics GmbH,Enterprise,Sales-led,172490.48,100.5,2025-07-01,Noor Haddad,False,0,
deal,2025-Q3,Selection,,,,D-02527,RapidData Ltd.,Enterprise,Sales-led,185114.91,56.4,2025-07-01,Elena Petrova,False,0,
deal,2025-Q3,Selection,Commit,,,D-02528,SilverFinance Ltd.,Enterprise,Sales-led,231964.21,35.9,2025-07-01,Ben Sorensen,False,0,
deal,2025-Q3,Commit,,,,D-02528,SilverFinance Ltd.,Enterprise,Sales-led,231964.21,7.5,2025-08-05,Ben Sorensen,True,0,
deal,2025-Q3,Selection,,,,D-02529,AmberSolutions Group,Enterprise,Sales-led,154910.03,94.4,2025-07-01,Tariq Aziz,False,0,
deal,2025-Q3,Selection,Commit,,,D-02530,MeridianSolutions Group,Enterprise,Sales-led,196542.58,38.4,2025-07-01,Ingrid Johansson,False,0,
deal,2025-Q3,Commit,Onboarding,,,D-02530,MeridianSolutions Group,Enterprise,Sales-led,196542.58,4.4,2025-08-08,Ingrid Johansson,False,0,
deal,2025-Q3,Onboarding,Adoption,,,D-02530,MeridianSolutions Group,Enterprise,Sales-led,196542.58,35.8,2025-08-12,Ingrid Johansson,False,0,
deal,2025-Q3,Adoption,Renewal,,,D-02530,MeridianSolutions Group,Enterprise,Sales-led,196542.58,89.1,2025-09-16,Ingrid Johansson,False,0,
deal,2025-Q3,Renewal,Expansion,,,D-02530,MeridianSolutions Group,Enterprise,Sales-led,196542.58,24.7,2025-12-14,Ingrid Johansson,False,0,
deal,2025-Q3,Expansion,,,,D-02530,MeridianSolutions Group,Enterprise,Sales-led,196542.58,58.5,2026-01-07,Ingrid Johansson,False,85632.12,
deal,2025-Q3,Selection,,,,D-02531,SolsticeLabs B.V.,Enterprise,Sales-led,268387.01,79.7,2025-07-01,Rian de Groot,False,0,
deal,2025-Q3,Selection,Commit,,,D-02532,SolsticeSystems & Co.,Enterprise,PLG,114135.11,25.1,2025-07-01,Callum Reid,False,0,True
deal,2025-Q3,Commit,Onboarding,,,D-02532,SolsticeSystems & Co.,Enterprise,PLG,114135.11,7.2,2025-07-26,Callum Reid,False,0,True
deal,2025-Q3,Onboarding,Adoption,,,D-02532,SolsticeSystems & Co.,Enterprise,PLG,114135.11,38.5,2025-08-02,Callum Reid,False,0,True
deal,2025-Q3,Adoption,Renewal,,,D-02532,SolsticeSystems & Co.,Enterprise,PLG,114135.11,65.4,2025-09-09,Callum Reid,False,0,True
deal,2025-Q3,Renewal,Expansion,,,D-02532,SolsticeSystems & Co.,Enterprise,PLG,114135.11,21.0,2025-11-13,Callum Reid,False,0,True
deal,2025-Q3,Expansion,,,,D-02532,SolsticeSystems & Co.,Enterprise,PLG,114135.11,60.7,2025-12-04,Callum Reid,False,29793.99,True
deal,2025-Q3,Selection,,,,D-02533,AmberSolutions Ltd.,Enterprise,Sales-led,229954.74,35.4,2025-07-01,Ben Sorensen,False,0,
deal,2025-Q3,Selection,,,,D-02534,VantageStudio & Co.,Enterprise,Sales-led,288885.56,29.8,2025-07-01,Marcus Webb,False,0,
deal,2025-Q3,Selection,Commit,,,D-02535,SolsticeSystems Group,Enterprise,PLG,122907.7,36.1,2025-07-01,Rian de Groot,False,0,True
deal,2025-Q3,Commit,Onboarding,,,D-02535,SolsticeSystems Group,Enterprise,PLG,122907.7,5.7,2025-08-06,Rian de Groot,False,0,True
deal,2025-Q3,Onboarding,Adoption,,,D-02535,SolsticeSystems Group,Enterprise,PLG,122907.7,17.6,2025-08-11,Rian de Groot,False,0,True
deal,2025-Q3,Adoption,Renewal,,,D-02535,SolsticeSystems Group,Enterprise,PLG,122907.7,54.5,2025-08-28,Rian de Groot,False,0,True
deal,2025-Q3,Renewal,Expansion,,,D-02535,SolsticeSystems Group,Enterprise,PLG,122907.7,28.1,2025-10-21,Rian de Groot,False,0,True
deal,2025-Q3,Expansion,,,,D-02535,SolsticeSystems Group,Enterprise,PLG,122907.7,47.9,2025-11-18,Rian de Groot,False,44622.13,True
deal,2025-Q3,Selection,,,,D-02536,SwiftCloud Ltd.,Enterprise,Sales-led,258077.42,41.1,2025-07-01,Aisling Kelly,False,0,
deal,2025-Q3,Selection,,,,D-02537,MeridianCommerce GmbH,Enterprise,Sales-led,150727.2,72.7,2025-07-01,Tariq Aziz,False,0,
deal,2025-Q3,Selection,,,,D-02538,HarborData GmbH,Enterprise,Sales-led,126238.1,54.6,2025-07-01,Liam Fitzgerald,False,0,
deal,2025-Q3,Selection,,,,D-02539,HarborLogistics Ltd.,Enterprise,Sales-led,257027.23,22.3,2025-07-01,Fatima Zahra,False,0,
deal,2025-Q3,Selection,,,,D-02540,KestrelWorks Inc.,Enterprise,Sales-led,170550.46,40.8,2025-07-01,Noor Haddad,False,0,
deal,2025-Q3,Selection,Commit,,,D-02541,AmberStudio B.V.,Enterprise,Sales-led,87826.64,47.7,2025-07-01,Amara Okafor,False,0,
deal,2025-Q3,Commit,Onboarding,,,D-02541,AmberStudio B.V.,Enterprise,Sales-led,87826.64,14.0,2025-08-17,Amara Okafor,False,0,
deal,2025-Q3,Onboarding,Adoption,,,D-02541,AmberStudio B.V.,Enterprise,Sales-led,87826.64,49.6,2025-08-31,Amara Okafor,False,0,
deal,2025-Q3,Adoption,Renewal,,,D-02541,AmberStudio B.V.,Enterprise,Sales-led,87826.64,78.2,2025-10-19,Amara Okafor,False,0,
deal,2025-Q3,Renewal,Expansion,,,D-02541,AmberStudio B.V.,Enterprise,Sales-led,87826.64,14.0,2026-01-05,Amara Okafor,False,0,
deal,2025-Q3,Expansion,,,,D-02541,AmberStudio B.V.,Enterprise,Sales-led,87826.64,45.1,2026-01-19,Amara Okafor,False,25541.89,
deal,2025-Q3,Selection,,,,D-02542,RapidCloud GmbH,Enterprise,Sales-led,251187.8,43.2,2025-07-01,Aisling Kelly,False,0,
deal,2025-Q3,Selection,,,,D-02543,CedarSolutions GmbH,Enterprise,Sales-led,233162.53,43.1,2025-07-01,Fatima Zahra,False,0,
deal,2025-Q3,Selection,Commit,,,D-02544,LucidDynamics Ltd.,Enterprise,Sales-led,157194.82,40.6,2025-07-01,Ingrid Johansson,False,0,
deal,2025-Q3,Commit,Onboarding,,,D-02544,LucidDynamics Ltd.,Enterprise,Sales-led,157194.82,8.4,2025-08-10,Ingrid Johansson,False,0,
deal,2025-Q3,Onboarding,Adoption,,,D-02544,LucidDynamics Ltd.,Enterprise,Sales-led,157194.82,38.1,2025-08-18,Ingrid Johansson,False,0,
deal,2025-Q3,Adoption,Renewal,,,D-02544,LucidDynamics Ltd.,Enterprise,Sales-led,157194.82,30.6,2025-09-25,Ingrid Johansson,False,0,
deal,2025-Q3,Renewal,Expansion,,,D-02544,LucidDynamics Ltd.,Enterprise,Sales-led,157194.82,24.1,2025-10-25,Ingrid Johansson,False,0,
deal,2025-Q3,Expansion,,,,D-02544,LucidDynamics Ltd.,Enterprise,Sales-led,157194.82,31.3,2025-11-18,Ingrid Johansson,False,0.0,
deal,2025-Q3,Selection,,,,D-02545,SolsticeCloud Ltd.,Enterprise,Sales-led,191456.67,43.5,2025-07-01,Ingrid Johansson,False,0,
deal,2025-Q3,Selection,,,,D-02546,RapidHealth GmbH,Enterprise,Sales-led,151794.92,36.7,2025-07-01,Marcus Webb,False,0,
deal,2025-Q3,Selection,,,,D-02547,VantageSolutions Ltd.,Enterprise,Sales-led,97765.88,61.7,2025-07-01,Priya Natarajan,False,0,
deal,2025-Q3,Selection,,,,D-02548,CedarStudio Inc.,Enterprise,Sales-led,152237.43,23.1,2025-07-01,Ben Sorensen,False,0,
deal,2025-Q3,Selection,,,,D-02549,LucidLogistics Ltd.,Enterprise,Sales-led,77321.25,131.4,2025-07-01,Callum Reid,False,0,
deal,2025-Q3,Selection,,,,D-02550,BoldCloud & Co.,Enterprise,Sales-led,209974.12,52.2,2025-07-01,Declan Byrne,False,0,
deal,2025-Q4,Selection,,,,D-02551,BoldLogistics Group,Enterprise,Sales-led,302630.97,48.5,2025-10-01,Elena Petrova,False,0,
deal,2025-Q4,Selection,,,,D-02552,CedarCommerce B.V.,Enterprise,Sales-led,201144.55,54.6,2025-10-01,Declan Byrne,False,0,
deal,2025-Q4,Selection,Commit,,,D-02553,RapidCommerce Inc.,Enterprise,Sales-led,251248.52,63.8,2025-10-01,Liam Fitzgerald,False,0,
deal,2025-Q4,Commit,Onboarding,,,D-02553,RapidCommerce Inc.,Enterprise,Sales-led,251248.52,17.2,2025-12-03,Liam Fitzgerald,False,0,
deal,2025-Q4,Onboarding,Adoption,,,D-02553,RapidCommerce Inc.,Enterprise,Sales-led,251248.52,22.0,2025-12-20,Liam Fitzgerald,False,0,
deal,2025-Q4,Adoption,Renewal,,,D-02553,RapidCommerce Inc.,Enterprise,Sales-led,251248.52,52.3,2026-01-11,Liam Fitzgerald,False,0,
deal,2025-Q4,Renewal,Expansion,,,D-02553,RapidCommerce Inc.,Enterprise,Sales-led,251248.52,20.5,2026-03-04,Liam Fitzgerald,False,0,
deal,2025-Q4,Expansion,,,,D-02553,RapidCommerce Inc.,Enterprise,Sales-led,251248.52,60.2,2026-03-24,Liam Fitzgerald,False,0.0,
deal,2025-Q4,Selection,Commit,,,D-02554,BlueSolutions Group,Enterprise,Sales-led,154403.61,28.0,2025-10-01,Callum Reid,False,0,
deal,2025-Q4,Commit,Onboarding,,,D-02554,BlueSolutions Group,Enterprise,Sales-led,154403.61,14.8,2025-10-29,Callum Reid,False,0,
deal,2025-Q4,Onboarding,Adoption,,,D-02554,BlueSolutions Group,Enterprise,Sales-led,154403.61,40.7,2025-11-12,Callum Reid,False,0,
deal,2025-Q4,Adoption,Renewal,,,D-02554,BlueSolutions Group,Enterprise,Sales-led,154403.61,67.3,2025-12-22,Callum Reid,False,0,
deal,2025-Q4,Renewal,Expansion,,,D-02554,BlueSolutions Group,Enterprise,Sales-led,154403.61,18.8,2026-02-27,Callum Reid,False,0,
deal,2025-Q4,Expansion,,,,D-02554,BlueSolutions Group,Enterprise,Sales-led,154403.61,91.9,2026-03-17,Callum Reid,False,76413.15,
deal,2025-Q4,Selection,,,,D-02555,AmberStudio B.V.,Enterprise,Sales-led,132355.44,57.9,2025-10-01,Ingrid Johansson,False,0,
deal,2025-Q4,Selection,,,,D-02556,PrimeMetrics Inc.,Enterprise,PLG,56557.53,28.5,2025-10-01,Elena Petrova,False,0,False
deal,2025-Q4,Selection,,,,D-02557,PrimeCommerce Ltd.,Enterprise,Sales-led,72140.08,31.3,2025-10-01,Tariq Aziz,False,0,
deal,2025-Q4,Selection,,,,D-02558,SolsticeSystems & Co.,Enterprise,Sales-led,169517.55,28.3,2025-10-01,Amara Okafor,False,0,
deal,2025-Q4,Selection,,,,D-02559,AmberCommerce Inc.,Enterprise,Sales-led,98290.96,57.6,2025-10-01,Amara Okafor,False,0,
deal,2025-Q4,Selection,,,,D-02560,BrightMetrics B.V.,Enterprise,Sales-led,175470.74,50.9,2025-10-01,Tariq Aziz,False,0,
deal,2025-Q4,Selection,,,,D-02561,NorthernData Group,Enterprise,Sales-led,331937.77,33.0,2025-10-01,Rian de Groot,False,0,
deal,2025-Q4,Selection,,,,D-02562,SolsticeSystems Group,Enterprise,Sales-led,89456.71,59.8,2025-10-01,Callum Reid,False,0,
deal,2025-Q4,Selection,Commit,,,D-02563,VantageLabs Group,Enterprise,Sales-led,199333.79,73.4,2025-10-01,Marcus Webb,False,0,
deal,2025-Q4,Commit,Onboarding,,,D-02563,VantageLabs Group,Enterprise,Sales-led,199333.79,6.1,2025-12-13,Marcus Webb,False,0,
deal,2025-Q4,Onboarding,Adoption,,,D-02563,VantageLabs Group,Enterprise,Sales-led,199333.79,40.5,2025-12-19,Marcus Webb,False,0,
deal,2025-Q4,Adoption,Renewal,,,D-02563,VantageLabs Group,Enterprise,Sales-led,199333.79,50.2,2026-01-28,Marcus Webb,False,0,
deal,2025-Q4,Renewal,Expansion,,,D-02563,VantageLabs Group,Enterprise,Sales-led,199333.79,23.8,2026-03-19,Marcus Webb,False,0,
deal,2025-Q4,Expansion,,,,D-02563,VantageLabs Group,Enterprise,Sales-led,199333.79,37.2,2026-04-11,Marcus Webb,False,0.0,
deal,2025-Q4,Selection,,,,D-02564,SolsticeSolutions Ltd.,Enterprise,Sales-led,83747.14,44.0,2025-10-01,Sofia Marchetti,False,0,
deal,2025-Q4,Selection,,,,D-02565,MeridianCloud Ltd.,Enterprise,Sales-led,204336.32,42.3,2025-10-01,Noor Haddad,False,0,
deal,2025-Q4,Selection,Commit,,,D-02566,SwiftSolutions Ltd.,Enterprise,Sales-led,285790.27,64.0,2025-10-01,Marcus Webb,False,0,
deal,2025-Q4,Commit,Onboarding,,,D-02566,SwiftSolutions Ltd.,Enterprise,Sales-led,285790.27,8.8,2025-12-04,Marcus Webb,False,0,
deal,2025-Q4,Onboarding,Adoption,,,D-02566,SwiftSolutions Ltd.,Enterprise,Sales-led,285790.27,25.8,2025-12-12,Marcus Webb,False,0,
deal,2025-Q4,Adoption,Renewal,,,D-02566,SwiftSolutions Ltd.,Enterprise,Sales-led,285790.27,44.4,2026-01-06,Marcus Webb,False,0,
deal,2025-Q4,Renewal,Expansion,,,D-02566,SwiftSolutions Ltd.,Enterprise,Sales-led,285790.27,33.5,2026-02-19,Marcus Webb,False,0,
deal,2025-Q4,Expansion,,,,D-02566,SwiftSolutions Ltd.,Enterprise,Sales-led,285790.27,52.4,2026-03-24,Marcus Webb,False,122706.05,
deal,2025-Q4,Selection,,,,D-02567,ClearAnalytics Ltd.,Enterprise,Sales-led,334643.7,86.5,2025-10-01,Callum Reid,False,0,
deal,2025-Q4,Selection,,,,D-02568,NovaAnalytics GmbH,Enterprise,Sales-led,204058.47,36.3,2025-10-01,Liam Fitzgerald,False,0,
deal,2025-Q4,Selection,,,,D-02569,SilverData Ltd.,Enterprise,Sales-led,294905.97,61.4,2025-10-01,Rian de Groot,False,0,
deal,2025-Q4,Selection,,,,D-02570,NorthernMetrics B.V.,Enterprise,Sales-led,271072.61,43.6,2025-10-01,Declan Byrne,False,0,
deal,2025-Q4,Selection,,,,D-02571,AmberStudio B.V.,Enterprise,Sales-led,390294.95,108.6,2025-10-01,Callum Reid,False,0,
deal,2025-Q4,Selection,,,,D-02572,BlueRobotics B.V.,Enterprise,Sales-led,220652.0,39.9,2025-10-01,Fatima Zahra,False,0,
deal,2025-Q4,Selection,,,,D-02573,SolsticeLabs Group,Enterprise,Sales-led,238496.91,40.6,2025-10-01,Sofia Marchetti,False,0,
deal,2025-Q4,Selection,,,,D-02574,NorthernLabs & Co.,Enterprise,Sales-led,214144.45,79.3,2025-10-01,Ingrid Johansson,False,0,
deal,2025-Q4,Selection,,,,D-02575,SolsticeSystems GmbH,Enterprise,Sales-led,339470.33,38.8,2025-10-01,Yuki Tanaka,False,0,
deal,2025-Q4,Selection,,,,D-02576,ClearRobotics & Co.,Enterprise,Sales-led,261233.61,33.5,2025-10-01,Sofia Marchetti,False,0,
deal,2025-Q4,Selection,Commit,,,D-02577,LucidCloud B.V.,Enterprise,Sales-led,97944.13,72.7,2025-10-01,Tariq Aziz,False,0,
deal,2025-Q4,Commit,Onboarding,,,D-02577,LucidCloud B.V.,Enterprise,Sales-led,97944.13,6.6,2025-12-12,Tariq Aziz,False,0,
deal,2025-Q4,Onboarding,Adoption,,,D-02577,LucidCloud B.V.,Enterprise,Sales-led,97944.13,17.5,2025-12-18,Tariq Aziz,False,0,
deal,2025-Q4,Adoption,Renewal,,,D-02577,LucidCloud B.V.,Enterprise,Sales-led,97944.13,97.8,2026-01-04,Tariq Aziz,False,0,
deal,2025-Q4,Renewal,Expansion,,,D-02577,LucidCloud B.V.,Enterprise,Sales-led,97944.13,18.7,2026-04-11,Tariq Aziz,False,0,
deal,2025-Q4,Expansion,,,,D-02577,LucidCloud B.V.,Enterprise,Sales-led,97944.13,84.6,2026-04-29,Tariq Aziz,False,0.0,
deal,2025-Q4,Selection,,,,D-02578,BoldStudio Group,Enterprise,Sales-led,173838.58,49.5,2025-10-01,Rian de Groot,False,0,
deal,2025-Q4,Selection,,,,D-02579,BlueSignal B.V.,Enterprise,Sales-led,181891.54,54.8,2025-10-01,Declan Byrne,False,0,
deal,2025-Q4,Selection,,,,D-02580,CedarFinance Ltd.,Enterprise,Sales-led,128793.45,37.2,2025-10-01,Priya Natarajan,False,0,
deal,2025-Q4,Selection,Commit,,,D-02581,LucidLabs Inc.,Enterprise,Sales-led,84333.86,47.0,2025-10-01,Noor Haddad,False,0,
deal,2025-Q4,Commit,Onboarding,,,D-02581,LucidLabs Inc.,Enterprise,Sales-led,84333.86,5.5,2025-11-17,Noor Haddad,False,0,
deal,2025-Q4,Onboarding,Adoption,,,D-02581,LucidLabs Inc.,Enterprise,Sales-led,84333.86,29.6,2025-11-22,Noor Haddad,False,0,
deal,2025-Q4,Adoption,Renewal,,,D-02581,LucidLabs Inc.,Enterprise,Sales-led,84333.86,47.7,2025-12-21,Noor Haddad,False,0,
deal,2025-Q4,Renewal,Expansion,,,D-02581,LucidLabs Inc.,Enterprise,Sales-led,84333.86,31.8,2026-02-06,Noor Haddad,False,0,
deal,2025-Q4,Expansion,,,,D-02581,LucidLabs Inc.,Enterprise,Sales-led,84333.86,46.2,2026-03-09,Noor Haddad,False,30836.7,
deal,2025-Q4,Selection,,,,D-02582,RapidFinance GmbH,Enterprise,Sales-led,104898.43,41.2,2025-10-01,Marcus Webb,False,0,
deal,2025-Q4,Selection,,,,D-02583,VantageCloud B.V.,Enterprise,Sales-led,503095.55,23.3,2025-10-01,Marcus Webb,False,0,
deal,2025-Q4,Selection,,,,D-02584,BlueRobotics & Co.,Enterprise,Sales-led,217573.42,63.3,2025-10-01,Amara Okafor,False,0,
deal,2025-Q4,Selection,,,,D-02585,BoldCommerce & Co.,Enterprise,Sales-led,250193.6,171.8,2025-10-01,Ingrid Johansson,False,0,
deal,2025-Q4,Selection,,,,D-02586,MeridianAnalytics Group,Enterprise,Sales-led,168738.86,69.3,2025-10-01,Ben Sorensen,False,0,
deal,2025-Q4,Selection,,,,D-02587,HarborHealth Inc.,Enterprise,Sales-led,155244.15,26.9,2025-10-01,Amara Okafor,False,0,
deal,2025-Q4,Selection,,,,D-02588,CedarRobotics GmbH,Enterprise,Sales-led,171726.15,52.4,2025-10-01,Rian de Groot,False,0,
deal,2025-Q4,Selection,Commit,,,D-02589,BrightSolutions GmbH,Enterprise,Sales-led,162839.73,43.1,2025-10-01,Sofia Marchetti,False,0,
deal,2025-Q4,Commit,Onboarding,,,D-02589,BrightSolutions GmbH,Enterprise,Sales-led,162839.73,6.0,2025-11-13,Sofia Marchetti,False,0,
deal,2025-Q4,Onboarding,Adoption,,,D-02589,BrightSolutions GmbH,Enterprise,Sales-led,162839.73,22.6,2025-11-19,Sofia Marchetti,False,0,
deal,2025-Q4,Adoption,Renewal,,,D-02589,BrightSolutions GmbH,Enterprise,Sales-led,162839.73,35.7,2025-12-11,Sofia Marchetti,False,0,
deal,2025-Q4,Renewal,Expansion,,,D-02589,BrightSolutions GmbH,Enterprise,Sales-led,162839.73,28.6,2026-01-15,Sofia Marchetti,False,0,
deal,2025-Q4,Expansion,,,,D-02589,BrightSolutions GmbH,Enterprise,Sales-led,162839.73,67.9,2026-02-12,Sofia Marchetti,False,42472.57,
deal,2025-Q4,Selection,,,,D-02590,BoldHealth Inc.,Enterprise,Sales-led,432422.97,39.2,2025-10-01,Yuki Tanaka,False,0,
deal,2025-Q4,Selection,Commit,,,D-02591,PrimeFinance Inc.,Enterprise,Sales-led,219690.8,71.9,2025-10-01,Ingrid Johansson,False,0,
deal,2025-Q4,Commit,Onboarding,,,D-02591,PrimeFinance Inc.,Enterprise,Sales-led,219690.8,18.8,2025-12-11,Ingrid Johansson,False,0,
deal,2025-Q4,Onboarding,Adoption,,,D-02591,PrimeFinance Inc.,Enterprise,Sales-led,219690.8,24.9,2025-12-29,Ingrid Johansson,False,0,
deal,2025-Q4,Adoption,Renewal,,,D-02591,PrimeFinance Inc.,Enterprise,Sales-led,219690.8,51.9,2026-01-22,Ingrid Johansson,False,0,
deal,2025-Q4,Renewal,Expansion,,,D-02591,PrimeFinance Inc.,Enterprise,Sales-led,219690.8,21.0,2026-03-14,Ingrid Johansson,False,0,
deal,2025-Q4,Expansion,,,,D-02591,PrimeFinance Inc.,Enterprise,Sales-led,219690.8,65.6,2026-04-04,Ingrid Johansson,False,85500.95,
deal,2025-Q4,Selection,,,,D-02592,PrimeCommerce B.V.,Enterprise,Sales-led,153700.22,60.2,2025-10-01,Ben Sorensen,False,0,
deal,2025-Q4,Selection,Commit,,,D-02593,ClearLabs & Co.,Enterprise,Sales-led,130824.07,50.9,2025-10-01,Rian de Groot,False,0,
deal,2025-Q4,Commit,Onboarding,,,D-02593,ClearLabs & Co.,Enterprise,Sales-led,130824.07,14.2,2025-11-20,Rian de Groot,False,0,
deal,2025-Q4,Onboarding,Adoption,,,D-02593,ClearLabs & Co.,Enterprise,Sales-led,130824.07,34.7,2025-12-04,Rian de Groot,False,0,
deal,2025-Q4,Adoption,Renewal,,,D-02593,ClearLabs & Co.,Enterprise,Sales-led,130824.07,73.6,2026-01-07,Rian de Groot,False,0,
deal,2025-Q4,Renewal,Expansion,,,D-02593,ClearLabs & Co.,Enterprise,Sales-led,130824.07,35.4,2026-03-21,Rian de Groot,False,0,
deal,2025-Q4,Expansion,,,,D-02593,ClearLabs & Co.,Enterprise,Sales-led,130824.07,46.5,2026-04-25,Rian de Groot,False,0.0,
deal,2025-Q4,Selection,,,,D-02594,BlueData Ltd.,Enterprise,Sales-led,334095.54,61.2,2025-10-01,Liam Fitzgerald,False,0,
deal,2025-Q4,Selection,,,,D-02595,CedarCommerce Ltd.,Enterprise,Sales-led,261782.96,69.1,2025-10-01,Sofia Marchetti,False,0,
deal,2025-Q4,Selection,Commit,,,D-02596,CedarSignal & Co.,Enterprise,Sales-led,278028.95,75.1,2025-10-01,Rian de Groot,False,0,
deal,2025-Q4,Commit,Onboarding,,,D-02596,CedarSignal & Co.,Enterprise,Sales-led,278028.95,7.0,2025-12-15,Rian de Groot,False,0,
deal,2025-Q4,Onboarding,Adoption,,,D-02596,CedarSignal & Co.,Enterprise,Sales-led,278028.95,21.0,2025-12-22,Rian de Groot,False,0,
deal,2025-Q4,Adoption,Renewal,,,D-02596,CedarSignal & Co.,Enterprise,Sales-led,278028.95,69.8,2026-01-12,Rian de Groot,False,0,
deal,2025-Q4,Renewal,Expansion,,,D-02596,CedarSignal & Co.,Enterprise,Sales-led,278028.95,25.7,2026-03-22,Rian de Groot,False,0,
deal,2025-Q4,Expansion,,,,D-02596,CedarSignal & Co.,Enterprise,Sales-led,278028.95,38.2,2026-04-16,Rian de Groot,False,102584.02,
deal,2025-Q4,Selection,,,,D-02597,KestrelWorks B.V.,Enterprise,Sales-led,211055.61,76.5,2025-10-01,Amara Okafor,False,0,
deal,2025-Q4,Selection,,,,D-02598,NovaLogistics Inc.,Enterprise,Sales-led,108595.02,77.2,2025-10-01,Rian de Groot,False,0,
deal,2025-Q4,Selection,,,,D-02599,NorthernFinance GmbH,Enterprise,PLG,54206.6,34.5,2025-10-01,Sofia Marchetti,False,0,False
deal,2025-Q4,Selection,,,,D-02600,KestrelHealth & Co.,Enterprise,Sales-led,247004.9,36.1,2025-10-01,Rian de Groot,False,0,
